========== TASK 1 locate live blocks ==========
T1(a) size=276564 (0x43854) 267452+k*9112 => k=1.0
T1(b) Pascal names:
  @0 'AAA'
00000000  03 41 41 41 69 74 6c 65 64 20 47 61 6d 65 6e 67  |.AAAitled Gameng|
00000010  65 20 72 75 6e 65 2e 00 00 6e 65 2e 00 20 59 6f  |e rune...ne.. Yo|
00000020  75 20 68 61 76 65 20 73 63 6f 72 65 64 20 25 64  |u have scored %d|
00000030  20 6f 66 20 25 64 20 70 6f 69 6e 74 73 20 61 6e  | of %d points an|
00000040  64 20 72 65 63 6f 76 65 72 65 64 20 24 25 64 2e  |d recovered $%d.|
00000050  25 64 25 73 20 69 6e 20 74 72 65 61 73 75 72 65  |%d%s in treasure|
00000060  2e 00 00 00 00 00 00 00 00 00 00 00 00 00 00 00  |................|
00000070  00 00 00 00 00 00 00 00 00 00 00 00 00 00 00 00  |................|
  @128 'AAB'
00000000  03 41 41 42 73 65 65 20 61 20 73 74 72 61 6e 67  |.AABsee a strang|
00000010  65 20 72 75 6e 65 2e 00 00 2e 00 2e 00 20 59 6f  |e rune....... Yo|
00000020  75 20 68 61 76 65 20 73 63 6f 72 65 64 20 25 64  |u have scored %d|
00000030  20 6f 66 20 25 64 20 70 6f 69 6e 74 73 20 61 6e  | of %d points an|
00000040  64 20 72 65 63 6f 76 65 72 65 64 20 24 25 64 2e  |d recovered $%d.|
00000050  25 64 25 73 20 69 6e 20 74 72 65 61 73 75 72 65  |%d%s in treasure|
00000060  2e 00 00 00 00 00 00 00 00 00 00 00 00 00 00 00  |................|
00000070  00 00 00 00 00 00 00 00 00 00 00 00 00 00 00 00  |................|
templates@39392 n=25 extra_blocks=1 tail=260
== 9112-windows matching L0 template >=70% (header 0000fffe) ==
  @39392 pctL0=100.00 nonzero=2783 template=True EXPECTED
  @48568 pctL0=73.72 nonzero=3288 template=False
  @75840 pctL0=82.05 nonzero=2793 template=True
  @84952 pctL0=80.36 nonzero=2313 template=True
  @148736 pctL0=72.53 nonzero=3252 template=True
  @203408 pctL0=80.53 nonzero=2552 template=True
  @212520 pctL0=79.19 nonzero=3027 template=True
  @221632 pctL0=76.05 nonzero=3250 template=True
  @258080 pctL0=78.84 nonzero=2400 template=True
  @267192 pctL0=78.42 nonzero=2440 template=False EXPECTED
best L0-match in prefix[0:39392]: @30280 pct=78.37
== f8ff1f / explored-like hits ==
  f8ff1f @267324 (block-rel 227932)
  f8ff1f @267328 (block-rel 227936)
  f8ff1f @276436 (block-rel 237044)
  f8ff1f @276440 (block-rel 237048)

== player-region clocks (file offsets, not in 9112 block) ==
  @1866 (0x74a) = 6808 (113.47s)
  @4742 (0x1286) = 6963 (116.05s)
  @1786 (0x6fa) = 2433 (40.55s)
  @4662 (0x1236) = 2868 (47.80s)
  0x074A vs +2876 delta = 155 ticks = 2.58s

== T1(c)(d)(e) candidate live blocks ==

  block @48568 size=9112 live_recs=95 term=1016
    top template matches: [(1, 75.41703248463564, 'Never Stop Firing'), (0, 73.715978928885, 'Ground Floor'), (2, 73.29894644424934, 'Lock&Load'), (5, 72.90386303775242, 'Evil Undead Phantasms Must Die!'), (3, 72.85996488147498, 'They May Be Slow…')]
    header diffs vs T0: 31

  block @267192 size=9112 live_recs=85 term=936
    top template matches: [(24, 99.48419666374012, 'Ok, Who Else Wants Some?'), (5, 84.48200175592625, 'Evil Undead Phantasms Must Die!'), (23, 82.27611940298507, 'Where Only Fools Dare Tread'), (18, 80.87137840210711, 'I’d Rather Be Surfing'), (4, 80.28972783143108, '…But They’re Hungry')]
    header diffs vs T0: 39

== inventories @0x0A00 and +2876 (player copies) ==
  slot0:
    [00] @2560 (0, 0, 0, 0) Map
    [01] @2568 (0, 0, 0, 0) Map
    [02] @2576 (0, 0, 0, 0) Map
    [03] @2584 (0, 0, 0, 0) Map
    [04] @2592 (0, 0, 0, 0) Map
    [05] @2600 (0, 0, 0, 0) Map
    [06] @2608 (0, 0, 0, 1) Map
    [07] @2616 (1, 1, 0, 2) Digital Watch
    [08] @2624 (2, 1, 2880, 5) Flash light
    [09] @2632 (65535, 20054, 0, 18663) 
    [10] @2640 (65535, 10350, 16, 15406) 
    [11] @2648 (6, 0, 6, 8) Canvas sack
    [12] @2656 (47, 0, 7, 65535) 
    [13] @2664 (57, 0, 0, 65535) 
    [14] @2672 (45, 1, 0, 65535) Survival Knife
    [15] @2680 (65535, 28680, 45139, 26128) 
  slot1:
    [00] @5436 (0, 0, 0, 0) Map
    [01] @5444 (0, 0, 0, 0) Map
    [02] @5452 (0, 0, 0, 0) Map
    [03] @5460 (0, 0, 0, 0) Map
    [04] @5468 (0, 0, 0, 0) Map
    [05] @5476 (0, 0, 0, 0) Map
    [06] @5484 (0, 0, 0, 1) Map
    [07] @5492 (1, 1, 0, 2) Digital Watch
    [08] @5500 (2, 1, 2880, 5) Flash light
    [09] @5508 (51, 0, 7, 65535) Walther P4 Ammo
    [10] @5516 (65535, 10350, 16, 15406) 
    [11] @5524 (6, 0, 6, 8) Canvas sack
    [12] @5532 (47, 0, 7, 65535) 
    [13] @5540 (57, 0, 0, 65535) 
    [14] @5548 (45, 1, 0, 3) Survival Knife
    [15] @5556 (65535, 28680, 45139, 26128) 

********** T1(d) CLOCK GATE **********
player 0x074A=6808 (113.47s)  +2876=6963 (116.05s)  delta=2.58s
Clock delta >= 1s — proceed. (2–3s is a one-tile alcove trip.)

========== TASK 2 live-block diff (n=2) ==========
  blockA @267192 bits=156 recs=85
  blockB @48568 bits=60 recs=95
  assigned AAA=@48568 (fewer/equal explored) AAB=@267192
T2(c) live counts: A@48568=95  B@267192=85  template=85
T2(a) differing bytes=2652
  runs=1240
  [82:83] (2B) header A=00 00 B=ff fe
    ctxA 00 00 00 00 00 00 00 00 00 00 00 00 00 00 00 00
    ctxB ff fe 00 00 00 00 00 00 00 00 00 00 00 00 00 00
  [98:99] (2B) header A=00 00 B=ff fe
    ctxA 00 00 00 00 00 00 00 00 00 00 00 00 00 00 00 00
    ctxB ff fe 00 00 00 00 00 00 00 00 00 00 00 00 00 00
  [114:115] (2B) header A=00 00 B=ff fe
    ctxA 00 00 00 00 00 00 00 00 00 00 00 00 00 00 00 00
    ctxB ff fe 00 00 00 00 00 00 00 00 00 00 00 00 00 00
  [130:134] (5B) header A=00 00 00 00 00 B=ff fe f8 ff 1f
    ctxA 00 00 00 00 00 00 00 00 00 00 00 00 00 00 00 00
    ctxB ff fe f8 ff 1f 00 f8 ff 1f 00 f0 ff 1f 00 f0 ff
  [136:138] (3B) explored_bitmap A=00 00 00 B=f8 ff 1f
    ctxA 00 00 00 00 00 00 00 00 00 00 00 00 00 00 00 00
    ctxB f8 ff 1f 00 f0 ff 1f 00 f0 ff 07 00 f0 ff 1f 00
  [140:142] (3B) explored_bitmap A=00 00 00 B=f0 ff 1f
    ctxA 00 00 00 00 00 00 00 00 00 00 00 00 00 00 00 00
    ctxB f0 ff 1f 00 f0 ff 07 00 f0 ff 1f 00 00 f8 1f 00
  [144:146] (3B) explored_bitmap A=00 00 00 B=f0 ff 07
    ctxA 00 00 00 00 00 00 00 00 00 00 00 00 00 00 00 00
    ctxB f0 ff 07 00 f0 ff 1f 00 00 f8 1f 00 00 f8 1f 00
  [148:150] (3B) explored_bitmap A=00 00 00 B=f0 ff 1f
    ctxA 00 00 00 00 00 00 00 00 00 00 00 00 00 00 00 00
    ctxB f0 ff 1f 00 00 f8 1f 00 00 f8 1f 00 00 f8 1f 00
  [153:154] (2B) explored_bitmap A=00 00 B=f8 1f
    ctxA 00 00 00 00 00 00 00 00 00 00 00 00 00 00 00 00
    ctxB f8 1f 00 00 f8 1f 00 00 f8 1f 00 00 f8 07 00 00
  [157:158] (2B) explored_bitmap A=00 00 B=f8 1f
    ctxA 00 00 00 00 00 00 00 00 00 00 00 00 00 00 00 00
    ctxB f8 1f 00 00 f8 1f 00 00 f8 07 00 00 c0 07 00 00
  [161:162] (2B) explored_bitmap A=00 00 B=f8 1f
    ctxA 00 00 00 00 00 00 00 00 00 00 00 00 00 00 00 00
    ctxB f8 1f 00 00 f8 07 00 00 c0 07 00 00 c0 07 00 00
  [165:166] (2B) explored_bitmap A=00 00 B=f8 07
    ctxA 00 00 00 00 00 00 00 00 00 00 00 00 00 00 00 00
    ctxB f8 07 00 00 c0 07 00 00 c0 07 00 00 c0 03 00 00
  [169:170] (2B) explored_bitmap A=00 00 B=c0 07
    ctxA 00 00 00 00 00 00 00 00 00 00 00 00 00 00 00 00
    ctxB c0 07 00 00 c0 07 00 00 c0 03 00 00 80 03 00 00
  [173:174] (2B) explored_bitmap A=00 00 B=c0 07
    ctxA 00 00 00 00 00 00 00 00 00 00 00 00 00 00 00 00
    ctxB c0 07 00 00 c0 03 00 00 80 03 00 00 80 03 00 00
  [177:178] (2B) explored_bitmap A=00 00 B=c0 03
    ctxA 00 00 00 00 00 00 00 00 00 00 00 00 00 00 00 00
    ctxB c0 03 00 00 80 03 00 00 80 03 00 00 80 03 00 00
  [181:182] (2B) explored_bitmap A=00 00 B=80 03
    ctxA 00 00 00 00 00 00 00 00 00 00 00 00 00 00 00 00
    ctxB 80 03 00 00 80 03 00 00 80 03 00 00 c0 07 00 00
  [185:186] (2B) explored_bitmap A=00 00 B=80 03
    ctxA 00 00 00 00 00 00 00 00 00 00 00 00 3a 00 01 00
    ctxB 80 03 00 00 80 03 00 00 c0 07 00 00 c0 07 00 00
  [189:190] (2B) explored_bitmap A=00 00 B=80 03
    ctxA 00 00 00 00 00 00 00 00 3a 00 01 00 23 00 00 00
    ctxB 80 03 00 00 c0 07 00 00 c0 07 00 00 00 00 00 00
  [193:194] (2B) explored_bitmap A=00 00 B=c0 07
    ctxA 00 00 00 00 3a 00 01 00 23 00 00 00 28 00 01 00
    ctxB c0 07 00 00 c0 07 00 00 00 00 00 00 00 00 00 00
  [197:199] (3B) explored_bitmap A=3a 00 01 B=c0 07 00
    ctxA 3a 00 01 00 23 00 00 00 28 00 01 00 23 00 00 00
    ctxB c0 07 00 00 00 00 00 00 00 00 00 00 00 00 00 00
  [201:201] (1B) explored_bitmap A=23 B=00
    ctxA 23 00 00 00 28 00 01 00 23 00 00 00 29 00 04 00
    ctxB 00 00 00 00 00 00 00 00 00 00 00 00 00 00 00 00
  [205:205] (1B) explored_bitmap A=28 B=00
    ctxA 28 00 01 00 23 00 00 00 29 00 04 00 3c 00 00 00
    ctxB 00 00 00 00 00 00 00 00 00 00 00 00 00 00 00 00
  [207:207] (1B) explored_bitmap A=01 B=00
    ctxA 01 00 23 00 00 00 29 00 04 00 3c 00 00 00 2a 00
    ctxB 00 00 00 00 00 00 00 00 00 00 00 00 00 00 00 00
  [209:209] (1B) explored_bitmap A=23 B=00
    ctxA 23 00 00 00 29 00 04 00 3c 00 00 00 2a 00 01 00
    ctxB 00 00 00 00 00 00 00 00 00 00 00 00 00 00 00 00
  [213:213] (1B) explored_bitmap A=29 B=00
    ctxA 29 00 04 00 3c 00 00 00 2a 00 01 00 23 00 00 00
    ctxB 00 00 00 00 00 00 00 00 00 00 00 00 00 00 00 00
  [215:215] (1B) explored_bitmap A=04 B=00
    ctxA 04 00 3c 00 00 00 2a 00 01 00 23 00 00 00 2b 00
    ctxB 00 00 00 00 00 00 00 00 00 00 00 00 00 00 00 00
  [217:217] (1B) explored_bitmap A=3c B=00
    ctxA 3c 00 00 00 2a 00 01 00 23 00 00 00 2b 00 01 00
    ctxB 00 00 00 00 00 00 00 00 00 00 00 00 00 00 00 00
  [221:221] (1B) explored_bitmap A=2a B=00
    ctxA 2a 00 01 00 23 00 00 00 2b 00 01 00 23 00 00 00
    ctxB 00 00 00 00 00 00 00 00 00 00 00 00 00 00 00 00
  [223:223] (1B) explored_bitmap A=01 B=00
    ctxA 01 00 23 00 00 00 2b 00 01 00 23 00 00 00 2c 00
    ctxB 00 00 00 00 00 00 00 00 00 00 00 00 00 00 00 00
  [225:225] (1B) explored_bitmap A=23 B=00
    ctxA 23 00 00 00 2b 00 01 00 23 00 00 00 2c 00 01 00
    ctxB 00 00 00 00 00 00 00 00 00 00 00 00 00 00 00 00
  [229:229] (1B) explored_bitmap A=2b B=00
    ctxA 2b 00 01 00 23 00 00 00 2c 00 01 00 23 00 00 00
    ctxB 00 00 00 00 00 00 00 00 00 00 00 00 00 00 00 00
  [231:231] (1B) explored_bitmap A=01 B=00
    ctxA 01 00 23 00 00 00 2c 00 01 00 23 00 00 00 2d 00
    ctxB 00 00 00 00 00 00 00 00 00 00 00 00 00 00 00 00
  [233:233] (1B) explored_bitmap A=23 B=00
    ctxA 23 00 00 00 2c 00 01 00 23 00 00 00 2d 00 01 00
    ctxB 00 00 00 00 00 00 00 00 00 00 00 00 00 00 00 00
  [237:237] (1B) explored_bitmap A=2c B=00
    ctxA 2c 00 01 00 23 00 00 00 2d 00 01 00 23 00 00 00
    ctxB 00 00 00 00 00 00 00 00 00 00 00 00 00 00 00 00
  [239:239] (1B) explored_bitmap A=01 B=00
    ctxA 01 00 23 00 00 00 2d 00 01 00 23 00 00 00 2e 00
    ctxB 00 00 00 00 00 00 00 00 00 00 00 00 00 00 00 00
  [241:241] (1B) explored_bitmap A=23 B=00
    ctxA 23 00 00 00 2d 00 01 00 23 00 00 00 2e 00 01 00
    ctxB 00 00 00 00 00 00 00 00 00 00 00 00 00 00 00 00
  [245:245] (1B) explored_bitmap A=2d B=00
    ctxA 2d 00 01 00 23 00 00 00 2e 00 01 00 23 00 00 00
    ctxB 00 00 00 00 00 00 00 00 00 00 00 00 00 00 00 00
  [247:247] (1B) explored_bitmap A=01 B=00
    ctxA 01 00 23 00 00 00 2e 00 01 00 23 00 00 00 44 00
    ctxB 00 00 00 00 00 00 00 00 00 00 00 00 00 00 1f 00
  [249:249] (1B) explored_bitmap A=23 B=00
    ctxA 23 00 00 00 2e 00 01 00 23 00 00 00 44 00 01 00
    ctxB 00 00 00 00 00 00 00 00 00 00 00 00 1f 00 04 00
  [253:253] (1B) explored_bitmap A=2e B=00
    ctxA 2e 00 01 00 23 00 00 00 44 00 01 00 23 00 00 00
    ctxB 00 00 00 00 00 00 00 00 1f 00 04 00 3c 00 00 00
  [255:255] (1B) explored_bitmap A=01 B=00
    ctxA 01 00 23 00 00 00 44 00 01 00 23 00 00 00 45 00
    ctxB 00 00 00 00 00 00 1f 00 04 00 3c 00 00 00 3a 00
  [257:257] (1B) explored_bitmap A=23 B=00
    ctxA 23 00 00 00 44 00 01 00 23 00 00 00 45 00 01 00
    ctxB 00 00 00 00 1f 00 04 00 3c 00 00 00 3a 00 04 00
  [261:261] (1B) packed_list A=44 B=1f
    ctxA 44 00 01 00 23 00 00 00 45 00 01 00 23 00 00 00
    ctxB 1f 00 04 00 3c 00 00 00 3a 00 04 00 3c 00 00 00
  [263:263] (1B) packed_list A=01 B=04
    ctxA 01 00 23 00 00 00 45 00 01 00 23 00 00 00 49 00
    ctxB 04 00 3c 00 00 00 3a 00 04 00 3c 00 00 00 3b 00
  [265:265] (1B) packed_list A=23 B=3c
    ctxA 23 00 00 00 45 00 01 00 23 00 00 00 49 00 01 00
    ctxB 3c 00 00 00 3a 00 04 00 3c 00 00 00 3b 00 04 00
  [269:269] (1B) packed_list A=45 B=3a
    ctxA 45 00 01 00 23 00 00 00 49 00 01 00 23 00 00 00
    ctxB 3a 00 04 00 3c 00 00 00 3b 00 04 00 3c 00 00 00
  [271:271] (1B) packed_list A=01 B=04
    ctxA 01 00 23 00 00 00 49 00 01 00 23 00 00 00 4a 00
    ctxB 04 00 3c 00 00 00 3b 00 04 00 3c 00 00 00 3c 00
  [273:273] (1B) packed_list A=23 B=3c
    ctxA 23 00 00 00 49 00 01 00 23 00 00 00 4a 00 01 00
    ctxB 3c 00 00 00 3b 00 04 00 3c 00 00 00 3c 00 03 00
  [277:277] (1B) packed_list A=49 B=3b
    ctxA 49 00 01 00 23 00 00 00 4a 00 01 00 23 00 00 00
    ctxB 3b 00 04 00 3c 00 00 00 3c 00 03 00 5a 00 00 00
  [279:279] (1B) packed_list A=01 B=04
    ctxA 01 00 23 00 00 00 4a 00 01 00 23 00 00 00 4b 00
    ctxB 04 00 3c 00 00 00 3c 00 03 00 5a 00 00 00 3e 00
  [281:281] (1B) packed_list A=23 B=3c
    ctxA 23 00 00 00 4a 00 01 00 23 00 00 00 4b 00 01 00
    ctxB 3c 00 00 00 3c 00 03 00 5a 00 00 00 3e 00 03 00
  [285:285] (1B) packed_list A=4a B=3c
    ctxA 4a 00 01 00 23 00 00 00 4b 00 01 00 23 00 00 00
    ctxB 3c 00 03 00 5a 00 00 00 3e 00 03 00 5a 00 00 00
  [287:287] (1B) packed_list A=01 B=03
    ctxA 01 00 23 00 00 00 4b 00 01 00 23 00 00 00 56 00
    ctxB 03 00 5a 00 00 00 3e 00 03 00 5a 00 00 00 3f 00
  [289:289] (1B) packed_list A=23 B=5a
    ctxA 23 00 00 00 4b 00 01 00 23 00 00 00 56 00 01 00
    ctxB 5a 00 00 00 3e 00 03 00 5a 00 00 00 3f 00 03 00
  [293:293] (1B) packed_list A=4b B=3e
    ctxA 4b 00 01 00 23 00 00 00 56 00 01 00 23 00 00 00
    ctxB 3e 00 03 00 5a 00 00 00 3f 00 03 00 5a 00 00 00
  [295:295] (1B) packed_list A=01 B=03
    ctxA 01 00 23 00 00 00 56 00 01 00 23 00 00 00 57 00
    ctxB 03 00 5a 00 00 00 3f 00 03 00 5a 00 00 00 40 00
  [297:297] (1B) packed_list A=23 B=5a
    ctxA 23 00 00 00 56 00 01 00 23 00 00 00 57 00 01 00
    ctxB 5a 00 00 00 3f 00 03 00 5a 00 00 00 40 00 03 00
  [301:301] (1B) packed_list A=56 B=3f
    ctxA 56 00 01 00 23 00 00 00 57 00 01 00 23 00 00 00
    ctxB 3f 00 03 00 5a 00 00 00 40 00 03 00 5a 00 00 00
  [303:303] (1B) packed_list A=01 B=03
    ctxA 01 00 23 00 00 00 57 00 01 00 23 00 00 00 58 00
    ctxB 03 00 5a 00 00 00 40 00 03 00 5a 00 00 00 41 00
  [305:305] (1B) packed_list A=23 B=5a
    ctxA 23 00 00 00 57 00 01 00 23 00 00 00 58 00 01 00
    ctxB 5a 00 00 00 40 00 03 00 5a 00 00 00 41 00 03 00
  [309:309] (1B) packed_list A=57 B=40
    ctxA 57 00 01 00 23 00 00 00 58 00 01 00 23 00 00 00
    ctxB 40 00 03 00 5a 00 00 00 41 00 03 00 5a 00 00 00
  [311:311] (1B) packed_list A=01 B=03
    ctxA 01 00 23 00 00 00 58 00 01 00 23 00 00 00 59 00
    ctxB 03 00 5a 00 00 00 41 00 03 00 5a 00 00 00 42 00
  [313:313] (1B) packed_list A=23 B=5a
    ctxA 23 00 00 00 58 00 01 00 23 00 00 00 59 00 01 00
    ctxB 5a 00 00 00 41 00 03 00 5a 00 00 00 42 00 03 00
  [317:317] (1B) packed_list A=58 B=41
    ctxA 58 00 01 00 23 00 00 00 59 00 01 00 23 00 00 00
    ctxB 41 00 03 00 5a 00 00 00 42 00 03 00 5a 00 00 00
  [319:319] (1B) packed_list A=01 B=03
    ctxA 01 00 23 00 00 00 59 00 01 00 23 00 00 00 66 00
    ctxB 03 00 5a 00 00 00 42 00 03 00 5a 00 00 00 43 00
  [321:321] (1B) packed_list A=23 B=5a
    ctxA 23 00 00 00 59 00 01 00 23 00 00 00 66 00 01 00
    ctxB 5a 00 00 00 42 00 03 00 5a 00 00 00 43 00 04 00
  [325:325] (1B) packed_list A=59 B=42
    ctxA 59 00 01 00 23 00 00 00 66 00 01 00 23 00 00 00
    ctxB 42 00 03 00 5a 00 00 00 43 00 04 00 3c 00 00 00
  [327:327] (1B) packed_list A=01 B=03
    ctxA 01 00 23 00 00 00 66 00 01 00 23 00 00 00 67 00
    ctxB 03 00 5a 00 00 00 43 00 04 00 3c 00 00 00 4c 00
  [329:329] (1B) packed_list A=23 B=5a
    ctxA 23 00 00 00 66 00 01 00 23 00 00 00 67 00 01 00
    ctxB 5a 00 00 00 43 00 04 00 3c 00 00 00 4c 00 04 00
  [333:333] (1B) packed_list A=66 B=43
    ctxA 66 00 01 00 23 00 00 00 67 00 01 00 23 00 00 00
    ctxB 43 00 04 00 3c 00 00 00 4c 00 04 00 3c 00 00 00
  [335:335] (1B) packed_list A=01 B=04
    ctxA 01 00 23 00 00 00 67 00 01 00 23 00 00 00 6b 00
    ctxB 04 00 3c 00 00 00 4c 00 04 00 3c 00 00 00 4d 00
  [337:337] (1B) packed_list A=23 B=3c
    ctxA 23 00 00 00 67 00 01 00 23 00 00 00 6b 00 01 00
    ctxB 3c 00 00 00 4c 00 04 00 3c 00 00 00 4d 00 04 00
  [341:341] (1B) packed_list A=67 B=4c
    ctxA 67 00 01 00 23 00 00 00 6b 00 01 00 23 00 00 00
    ctxB 4c 00 04 00 3c 00 00 00 4d 00 04 00 3c 00 00 00
  [343:343] (1B) packed_list A=01 B=04
    ctxA 01 00 23 00 00 00 6b 00 01 00 23 00 00 00 6c 00
    ctxB 04 00 3c 00 00 00 4d 00 04 00 3c 00 00 00 4e 00
  [345:345] (1B) packed_list A=23 B=3c
    ctxA 23 00 00 00 6b 00 01 00 23 00 00 00 6c 00 01 00
    ctxB 3c 00 00 00 4d 00 04 00 3c 00 00 00 4e 00 03 00
  [349:349] (1B) packed_list A=6b B=4d
    ctxA 6b 00 01 00 23 00 00 00 6c 00 01 00 23 00 00 00
    ctxB 4d 00 04 00 3c 00 00 00 4e 00 03 00 5a 00 00 00
  [351:351] (1B) packed_list A=01 B=04
    ctxA 01 00 23 00 00 00 6c 00 01 00 23 00 00 00 6d 00
    ctxB 04 00 3c 00 00 00 4e 00 03 00 5a 00 00 00 4f 00
  [353:353] (1B) packed_list A=23 B=3c
    ctxA 23 00 00 00 6c 00 01 00 23 00 00 00 6d 00 01 00
    ctxB 3c 00 00 00 4e 00 03 00 5a 00 00 00 4f 00 03 00
  [357:357] (1B) packed_list A=6c B=4e
    ctxA 6c 00 01 00 23 00 00 00 6d 00 01 00 23 00 00 00
    ctxB 4e 00 03 00 5a 00 00 00 4f 00 03 00 5a 00 00 00
  [359:359] (1B) packed_list A=01 B=03
    ctxA 01 00 23 00 00 00 6d 00 01 00 23 00 00 00 6e 00
    ctxB 03 00 5a 00 00 00 4f 00 03 00 5a 00 00 00 50 00
  [361:361] (1B) packed_list A=23 B=5a
    ctxA 23 00 00 00 6d 00 01 00 23 00 00 00 6e 00 01 00
    ctxB 5a 00 00 00 4f 00 03 00 5a 00 00 00 50 00 03 00
  [365:365] (1B) packed_list A=6d B=4f
    ctxA 6d 00 01 00 23 00 00 00 6e 00 01 00 23 00 00 00
    ctxB 4f 00 03 00 5a 00 00 00 50 00 03 00 5a 00 00 00
  [367:367] (1B) packed_list A=01 B=03
    ctxA 01 00 23 00 00 00 6e 00 01 00 23 00 00 00 78 00
    ctxB 03 00 5a 00 00 00 50 00 03 00 5a 00 00 00 51 00
  [369:369] (1B) packed_list A=23 B=5a
    ctxA 23 00 00 00 6e 00 01 00 23 00 00 00 78 00 01 00
    ctxB 5a 00 00 00 50 00 03 00 5a 00 00 00 51 00 03 00
  [373:373] (1B) packed_list A=6e B=50
    ctxA 6e 00 01 00 23 00 00 00 78 00 01 00 23 00 00 00
    ctxB 50 00 03 00 5a 00 00 00 51 00 03 00 5a 00 00 00
  [375:375] (1B) packed_list A=01 B=03
    ctxA 01 00 23 00 00 00 78 00 01 00 23 00 00 00 79 00
    ctxB 03 00 5a 00 00 00 51 00 03 00 5a 00 00 00 52 00
  [377:377] (1B) packed_list A=23 B=5a
    ctxA 23 00 00 00 78 00 01 00 23 00 00 00 79 00 01 00
    ctxB 5a 00 00 00 51 00 03 00 5a 00 00 00 52 00 03 00
  [381:381] (1B) packed_list A=78 B=51
    ctxA 78 00 01 00 23 00 00 00 79 00 01 00 23 00 00 00
    ctxB 51 00 03 00 5a 00 00 00 52 00 03 00 5a 00 00 00
  [383:383] (1B) packed_list A=01 B=03
    ctxA 01 00 23 00 00 00 79 00 01 00 23 00 00 00 7a 00
    ctxB 03 00 5a 00 00 00 52 00 03 00 5a 00 00 00 53 00
  [385:385] (1B) packed_list A=23 B=5a
    ctxA 23 00 00 00 79 00 01 00 23 00 00 00 7a 00 01 00
    ctxB 5a 00 00 00 52 00 03 00 5a 00 00 00 53 00 04 00
  [389:389] (1B) packed_list A=79 B=52
    ctxA 79 00 01 00 23 00 00 00 7a 00 01 00 23 00 00 00
    ctxB 52 00 03 00 5a 00 00 00 53 00 04 00 3c 00 00 00
  [391:391] (1B) packed_list A=01 B=03
    ctxA 01 00 23 00 00 00 7a 00 01 00 23 00 00 00 7b 00
    ctxB 03 00 5a 00 00 00 53 00 04 00 3c 00 00 00 54 00
  [393:393] (1B) packed_list A=23 B=5a
    ctxA 23 00 00 00 7a 00 01 00 23 00 00 00 7b 00 01 00
    ctxB 5a 00 00 00 53 00 04 00 3c 00 00 00 54 00 04 00
  [397:397] (1B) packed_list A=7a B=53
    ctxA 7a 00 01 00 23 00 00 00 7b 00 01 00 23 00 00 00
    ctxB 53 00 04 00 3c 00 00 00 54 00 04 00 3c 00 00 00
  [399:399] (1B) packed_list A=01 B=04
    ctxA 01 00 23 00 00 00 7b 00 01 00 23 00 00 00 90 00
    ctxB 04 00 3c 00 00 00 54 00 04 00 3c 00 00 00 55 00
  [401:401] (1B) packed_list A=23 B=3c
    ctxA 23 00 00 00 7b 00 01 00 23 00 00 00 90 00 04 00
    ctxB 3c 00 00 00 54 00 04 00 3c 00 00 00 55 00 03 00
  [405:405] (1B) packed_list A=7b B=54
    ctxA 7b 00 01 00 23 00 00 00 90 00 04 00 3c 00 00 00
    ctxB 54 00 04 00 3c 00 00 00 55 00 03 00 5a 00 00 00
  [407:407] (1B) packed_list A=01 B=04
    ctxA 01 00 23 00 00 00 90 00 04 00 3c 00 00 00 91 00
    ctxB 04 00 3c 00 00 00 55 00 03 00 5a 00 00 00 58 00
  [409:409] (1B) packed_list A=23 B=3c
    ctxA 23 00 00 00 90 00 04 00 3c 00 00 00 91 00 01 00
    ctxB 3c 00 00 00 55 00 03 00 5a 00 00 00 58 00 03 00
  [413:413] (1B) packed_list A=90 B=55
    ctxA 90 00 04 00 3c 00 00 00 91 00 01 00 23 00 00 00
    ctxB 55 00 03 00 5a 00 00 00 58 00 03 00 5a 00 00 00
  [415:415] (1B) packed_list A=04 B=03
    ctxA 04 00 3c 00 00 00 91 00 01 00 23 00 00 00 8e 00
    ctxB 03 00 5a 00 00 00 58 00 03 00 5a 00 00 00 59 00
  [417:417] (1B) packed_list A=3c B=5a
    ctxA 3c 00 00 00 91 00 01 00 23 00 00 00 8e 00 01 00
    ctxB 5a 00 00 00 58 00 03 00 5a 00 00 00 59 00 03 00
  [421:421] (1B) packed_list A=91 B=58
    ctxA 91 00 01 00 23 00 00 00 8e 00 01 00 23 00 00 00
    ctxB 58 00 03 00 5a 00 00 00 59 00 03 00 5a 00 00 00
  [423:423] (1B) packed_list A=01 B=03
    ctxA 01 00 23 00 00 00 8e 00 01 00 23 00 00 00 94 00
    ctxB 03 00 5a 00 00 00 59 00 03 00 5a 00 00 00 8d 00
  [425:425] (1B) packed_list A=23 B=5a
    ctxA 23 00 00 00 8e 00 01 00 23 00 00 00 94 00 04 00
    ctxB 5a 00 00 00 59 00 03 00 5a 00 00 00 8d 00 03 00
  [429:429] (1B) packed_list A=8e B=59
    ctxA 8e 00 01 00 23 00 00 00 94 00 04 00 3c 00 00 00
    ctxB 59 00 03 00 5a 00 00 00 8d 00 03 00 5a 00 00 00
  [431:431] (1B) packed_list A=01 B=03
    ctxA 01 00 23 00 00 00 94 00 04 00 3c 00 00 00 95 00
    ctxB 03 00 5a 00 00 00 8d 00 03 00 5a 00 00 00 8e 00
  [433:433] (1B) packed_list A=23 B=5a
    ctxA 23 00 00 00 94 00 04 00 3c 00 00 00 95 00 01 00
    ctxB 5a 00 00 00 8d 00 03 00 5a 00 00 00 8e 00 03 00
  [437:437] (1B) packed_list A=94 B=8d
    ctxA 94 00 04 00 3c 00 00 00 95 00 01 00 23 00 00 00
    ctxB 8d 00 03 00 5a 00 00 00 8e 00 03 00 5a 00 00 00
  [439:439] (1B) packed_list A=04 B=03
    ctxA 04 00 3c 00 00 00 95 00 01 00 23 00 00 00 96 00
    ctxB 03 00 5a 00 00 00 8e 00 03 00 5a 00 00 00 8f 00
  [441:441] (1B) packed_list A=3c B=5a
    ctxA 3c 00 00 00 95 00 01 00 23 00 00 00 96 00 01 00
    ctxB 5a 00 00 00 8e 00 03 00 5a 00 00 00 8f 00 03 00
  [445:445] (1B) packed_list A=95 B=8e
    ctxA 95 00 01 00 23 00 00 00 96 00 01 00 23 00 00 00
    ctxB 8e 00 03 00 5a 00 00 00 8f 00 03 00 5a 00 00 00
  [447:447] (1B) packed_list A=01 B=03
    ctxA 01 00 23 00 00 00 96 00 01 00 23 00 00 00 9a 00
    ctxB 03 00 5a 00 00 00 8f 00 03 00 5a 00 00 00 90 00
  [449:449] (1B) packed_list A=23 B=5a
    ctxA 23 00 00 00 96 00 01 00 23 00 00 00 9a 00 01 00
    ctxB 5a 00 00 00 8f 00 03 00 5a 00 00 00 90 00 03 00
  [453:453] (1B) packed_list A=96 B=8f
    ctxA 96 00 01 00 23 00 00 00 9a 00 01 00 23 00 00 00
    ctxB 8f 00 03 00 5a 00 00 00 90 00 03 00 5a 00 00 00
  [455:455] (1B) packed_list A=01 B=03
    ctxA 01 00 23 00 00 00 9a 00 01 00 23 00 00 00 9b 00
    ctxB 03 00 5a 00 00 00 90 00 03 00 5a 00 00 00 91 00
  [457:457] (1B) packed_list A=23 B=5a
    ctxA 23 00 00 00 9a 00 01 00 23 00 00 00 9b 00 01 00
    ctxB 5a 00 00 00 90 00 03 00 5a 00 00 00 91 00 03 00
  [461:461] (1B) packed_list A=9a B=90
    ctxA 9a 00 01 00 23 00 00 00 9b 00 01 00 23 00 00 00
    ctxB 90 00 03 00 5a 00 00 00 91 00 03 00 5a 00 00 00
  [463:463] (1B) packed_list A=01 B=03
    ctxA 01 00 23 00 00 00 9b 00 01 00 23 00 00 00 9e 00
    ctxB 03 00 5a 00 00 00 91 00 03 00 5a 00 00 00 92 00
  [465:465] (1B) packed_list A=23 B=5a
    ctxA 23 00 00 00 9b 00 01 00 23 00 00 00 9e 00 01 00
    ctxB 5a 00 00 00 91 00 03 00 5a 00 00 00 92 00 03 00
  [469:469] (1B) packed_list A=9b B=91
    ctxA 9b 00 01 00 23 00 00 00 9e 00 01 00 23 00 00 00
    ctxB 91 00 03 00 5a 00 00 00 92 00 03 00 5a 00 00 00
  [471:471] (1B) packed_list A=01 B=03
    ctxA 01 00 23 00 00 00 9e 00 01 00 23 00 00 00 9f 00
    ctxB 03 00 5a 00 00 00 92 00 03 00 5a 00 00 00 93 00
  [473:473] (1B) packed_list A=23 B=5a
    ctxA 23 00 00 00 9e 00 01 00 23 00 00 00 9f 00 01 00
    ctxB 5a 00 00 00 92 00 03 00 5a 00 00 00 93 00 03 00
  [477:477] (1B) packed_list A=9e B=92
    ctxA 9e 00 01 00 23 00 00 00 9f 00 01 00 23 00 00 00
    ctxB 92 00 03 00 5a 00 00 00 93 00 03 00 5a 00 00 00
  [479:479] (1B) packed_list A=01 B=03
    ctxA 01 00 23 00 00 00 9f 00 01 00 23 00 00 00 a0 00
    ctxB 03 00 5a 00 00 00 93 00 03 00 5a 00 00 00 94 00
  [481:481] (1B) packed_list A=23 B=5a
    ctxA 23 00 00 00 9f 00 01 00 23 00 00 00 a0 00 01 00
    ctxB 5a 00 00 00 93 00 03 00 5a 00 00 00 94 00 03 00
  [485:485] (1B) packed_list A=9f B=93
    ctxA 9f 00 01 00 23 00 00 00 a0 00 01 00 23 00 00 00
    ctxB 93 00 03 00 5a 00 00 00 94 00 03 00 5a 00 00 00
  [487:487] (1B) packed_list A=01 B=03
    ctxA 01 00 23 00 00 00 a0 00 01 00 23 00 00 00 a1 00
    ctxB 03 00 5a 00 00 00 94 00 03 00 5a 00 00 00 95 00
  [489:489] (1B) packed_list A=23 B=5a
    ctxA 23 00 00 00 a0 00 01 00 23 00 00 00 a1 00 01 00
    ctxB 5a 00 00 00 94 00 03 00 5a 00 00 00 95 00 03 00
  [493:493] (1B) packed_list A=a0 B=94
    ctxA a0 00 01 00 23 00 00 00 a1 00 01 00 23 00 00 00
    ctxB 94 00 03 00 5a 00 00 00 95 00 03 00 5a 00 00 00
  [495:495] (1B) packed_list A=01 B=03
    ctxA 01 00 23 00 00 00 a1 00 01 00 23 00 00 00 a2 00
    ctxB 03 00 5a 00 00 00 95 00 03 00 5a 00 00 00 96 00
  [497:497] (1B) packed_list A=23 B=5a
    ctxA 23 00 00 00 a1 00 01 00 23 00 00 00 a2 00 01 00
    ctxB 5a 00 00 00 95 00 03 00 5a 00 00 00 96 00 03 00
  [501:501] (1B) packed_list A=a1 B=95
    ctxA a1 00 01 00 23 00 00 00 a2 00 01 00 23 00 00 00
    ctxB 95 00 03 00 5a 00 00 00 96 00 03 00 5a 00 00 00
  [503:503] (1B) packed_list A=01 B=03
    ctxA 01 00 23 00 00 00 a2 00 01 00 23 00 00 00 a6 00
    ctxB 03 00 5a 00 00 00 96 00 03 00 5a 00 00 00 96 00
  [505:505] (1B) packed_list A=23 B=5a
    ctxA 23 00 00 00 a2 00 01 00 23 00 00 00 a6 00 01 00
    ctxB 5a 00 00 00 96 00 03 00 5a 00 00 00 96 00 00 00
  [509:509] (1B) packed_list A=a2 B=96
    ctxA a2 00 01 00 23 00 00 00 a6 00 01 00 23 00 00 00
    ctxB 96 00 03 00 5a 00 00 00 96 00 00 00 00 00 00 00
  [511:511] (1B) packed_list A=01 B=03
    ctxA 01 00 23 00 00 00 a6 00 01 00 23 00 00 00 a7 00
    ctxB 03 00 5a 00 00 00 96 00 00 00 00 00 00 00 00 00
  [513:513] (1B) packed_list A=23 B=5a
    ctxA 23 00 00 00 a6 00 01 00 23 00 00 00 a7 00 01 00
    ctxB 5a 00 00 00 96 00 00 00 00 00 00 00 00 00 00 00
  [517:517] (1B) packed_list A=a6 B=96
    ctxA a6 00 01 00 23 00 00 00 a7 00 01 00 23 00 00 00
    ctxB 96 00 00 00 00 00 00 00 00 00 00 00 00 00 00 00
  [519:519] (1B) packed_list A=01 B=00
    ctxA 01 00 23 00 00 00 a7 00 01 00 23 00 00 00 a4 00
    ctxB 00 00 00 00 00 00 00 00 00 00 00 00 00 00 00 00
  [521:521] (1B) packed_list A=23 B=00
    ctxA 23 00 00 00 a7 00 01 00 23 00 00 00 a4 00 04 00
    ctxB 00 00 00 00 00 00 00 00 00 00 00 00 00 00 00 00
  [525:525] (1B) packed_list A=a7 B=00
    ctxA a7 00 01 00 23 00 00 00 a4 00 04 00 3c 00 00 00
    ctxB 00 00 00 00 00 00 00 00 00 00 00 00 00 00 00 00
  [527:527] (1B) packed_list A=01 B=00
    ctxA 01 00 23 00 00 00 a4 00 04 00 3c 00 00 00 a9 00
    ctxB 00 00 00 00 00 00 00 00 00 00 00 00 00 00 00 00
  [529:529] (1B) packed_list A=23 B=00
    ctxA 23 00 00 00 a4 00 04 00 3c 00 00 00 a9 00 01 00
    ctxB 00 00 00 00 00 00 00 00 00 00 00 00 00 00 00 00
  [533:533] (1B) packed_list A=a4 B=00
    ctxA a4 00 04 00 3c 00 00 00 a9 00 01 00 23 00 00 00
    ctxB 00 00 00 00 00 00 00 00 00 00 00 00 00 00 00 00
  [535:535] (1B) packed_list A=04 B=00
    ctxA 04 00 3c 00 00 00 a9 00 01 00 23 00 00 00 b9 00
    ctxB 00 00 00 00 00 00 00 00 00 00 00 00 00 00 00 00
  [537:537] (1B) packed_list A=3c B=00
    ctxA 3c 00 00 00 a9 00 01 00 23 00 00 00 b9 00 01 00
    ctxB 00 00 00 00 00 00 00 00 00 00 00 00 00 00 00 00
  [541:541] (1B) packed_list A=a9 B=00
    ctxA a9 00 01 00 23 00 00 00 b9 00 01 00 23 00 00 00
    ctxB 00 00 00 00 00 00 00 00 00 00 00 00 00 00 00 00
  [543:543] (1B) packed_list A=01 B=00
    ctxA 01 00 23 00 00 00 b9 00 01 00 23 00 00 00 ba 00
    ctxB 00 00 00 00 00 00 00 00 00 00 00 00 00 00 00 00
  [545:545] (1B) packed_list A=23 B=00
    ctxA 23 00 00 00 b9 00 01 00 23 00 00 00 ba 00 01 00
    ctxB 00 00 00 00 00 00 00 00 00 00 00 00 00 00 00 00
  [549:549] (1B) packed_list A=b9 B=00
    ctxA b9 00 01 00 23 00 00 00 ba 00 01 00 23 00 00 00
    ctxB 00 00 00 00 00 00 00 00 00 00 00 00 00 00 00 00
  [551:551] (1B) packed_list A=01 B=00
    ctxA 01 00 23 00 00 00 ba 00 01 00 23 00 00 00 bb 00
    ctxB 00 00 00 00 00 00 00 00 00 00 00 00 00 00 00 00
  [553:553] (1B) packed_list A=23 B=00
    ctxA 23 00 00 00 ba 00 01 00 23 00 00 00 bb 00 01 00
    ctxB 00 00 00 00 00 00 00 00 00 00 00 00 00 00 00 00
  [557:557] (1B) packed_list A=ba B=00
    ctxA ba 00 01 00 23 00 00 00 bb 00 01 00 23 00 00 00
    ctxB 00 00 00 00 00 00 00 00 00 00 00 00 00 00 00 00
  [559:559] (1B) packed_list A=01 B=00
    ctxA 01 00 23 00 00 00 bb 00 01 00 23 00 00 00 dc 00
    ctxB 00 00 00 00 00 00 00 00 00 00 00 00 00 00 00 00
  [561:561] (1B) packed_list A=23 B=00
    ctxA 23 00 00 00 bb 00 01 00 23 00 00 00 dc 00 01 00
    ctxB 00 00 00 00 00 00 00 00 00 00 00 00 00 00 00 00
  [565:565] (1B) packed_list A=bb B=00
    ctxA bb 00 01 00 23 00 00 00 dc 00 01 00 23 00 00 00
    ctxB 00 00 00 00 00 00 00 00 00 00 00 00 00 00 00 00
  [567:567] (1B) packed_list A=01 B=00
    ctxA 01 00 23 00 00 00 dc 00 01 00 23 00 00 00 fe 00
    ctxB 00 00 00 00 00 00 00 00 00 00 00 00 00 00 00 00
  [569:569] (1B) packed_list A=23 B=00
    ctxA 23 00 00 00 dc 00 01 00 23 00 00 00 fe 00 01 00
    ctxB 00 00 00 00 00 00 00 00 00 00 00 00 00 00 00 00
  [573:573] (1B) packed_list A=dc B=00
    ctxA dc 00 01 00 23 00 00 00 fe 00 01 00 23 00 00 00
    ctxB 00 00 00 00 00 00 00 00 00 00 00 00 00 00 00 00
  [575:575] (1B) packed_list A=01 B=00
    ctxA 01 00 23 00 00 00 fe 00 01 00 23 00 00 00 ff 00
    ctxB 00 00 00 00 00 00 00 00 00 00 00 00 00 00 00 00
  [577:577] (1B) packed_list A=23 B=00
    ctxA 23 00 00 00 fe 00 01 00 23 00 00 00 ff 00 01 00
    ctxB 00 00 00 00 00 00 00 00 00 00 00 00 00 00 00 00
  [581:581] (1B) packed_list A=fe B=00
    ctxA fe 00 01 00 23 00 00 00 ff 00 01 00 23 00 00 01
    ctxB 00 00 00 00 00 00 00 00 00 00 00 00 00 00 00 00
  [583:583] (1B) packed_list A=01 B=00
    ctxA 01 00 23 00 00 00 ff 00 01 00 23 00 00 01 00 00
    ctxB 00 00 00 00 00 00 00 00 00 00 00 00 00 00 00 00
  [585:585] (1B) packed_list A=23 B=00
    ctxA 23 00 00 00 ff 00 01 00 23 00 00 01 00 00 01 00
    ctxB 00 00 00 00 00 00 00 00 00 00 00 00 00 00 00 00
  [589:589] (1B) packed_list A=ff B=00
    ctxA ff 00 01 00 23 00 00 01 00 00 01 00 23 00 00 01
    ctxB 00 00 00 00 00 00 00 00 00 00 00 00 00 00 00 00
  [591:591] (1B) packed_list A=01 B=00
    ctxA 01 00 23 00 00 01 00 00 01 00 23 00 00 01 01 00
    ctxB 00 00 00 00 00 00 00 00 00 00 00 00 00 00 00 00
  [593:593] (1B) packed_list A=23 B=00
    ctxA 23 00 00 01 00 00 01 00 23 00 00 01 01 00 01 00
    ctxB 00 00 00 00 00 00 00 00 00 00 00 00 00 00 00 00
  [596:596] (1B) packed_list A=01 B=00
    ctxA 01 00 00 01 00 23 00 00 01 01 00 01 00 23 00 00
    ctxB 00 00 00 00 00 00 00 00 00 00 00 00 00 00 00 00
  [599:599] (1B) packed_list A=01 B=00
    ctxA 01 00 23 00 00 01 01 00 01 00 23 00 00 01 03 00
    ctxB 00 00 00 00 00 00 00 00 00 00 00 00 00 00 00 00
  [601:601] (1B) packed_list A=23 B=00
    ctxA 23 00 00 01 01 00 01 00 23 00 00 01 03 00 01 00
    ctxB 00 00 00 00 00 00 00 00 00 00 00 00 00 00 00 00
  [604:605] (2B) packed_list A=01 01 B=00 00
    ctxA 01 01 00 01 00 23 00 00 01 03 00 01 00 23 00 00
    ctxB 00 00 00 00 00 00 00 00 00 00 00 00 00 00 00 00
  [607:607] (1B) packed_list A=01 B=00
    ctxA 01 00 23 00 00 01 03 00 01 00 23 00 00 01 04 00
    ctxB 00 00 00 00 00 00 00 00 00 00 00 00 00 00 00 00
  [609:609] (1B) packed_list A=23 B=00
    ctxA 23 00 00 01 03 00 01 00 23 00 00 01 04 00 04 00
    ctxB 00 00 00 00 00 00 00 00 00 00 00 00 00 00 00 00
  [612:613] (2B) packed_list A=01 03 B=00 00
    ctxA 01 03 00 01 00 23 00 00 01 04 00 04 00 3c 00 00
    ctxB 00 00 00 00 00 00 00 00 00 00 00 00 00 00 00 00
  [615:615] (1B) packed_list A=01 B=00
    ctxA 01 00 23 00 00 01 04 00 04 00 3c 00 00 01 15 00
    ctxB 00 00 00 00 00 00 00 00 00 00 00 00 00 00 00 00
  [617:617] (1B) packed_list A=23 B=00
    ctxA 23 00 00 01 04 00 04 00 3c 00 00 01 15 00 01 00
    ctxB 00 00 00 00 00 00 00 00 00 00 00 00 00 00 00 00
  [620:621] (2B) packed_list A=01 04 B=00 00
    ctxA 01 04 00 04 00 3c 00 00 01 15 00 01 00 23 00 00
    ctxB 00 00 00 00 00 00 00 00 00 00 00 00 00 00 00 00
  [623:623] (1B) packed_list A=04 B=00
    ctxA 04 00 3c 00 00 01 15 00 01 00 23 00 00 00 a5 00
    ctxB 00 00 00 00 00 00 00 00 00 00 00 00 00 00 00 00
  [625:625] (1B) packed_list A=3c B=00
    ctxA 3c 00 00 01 15 00 01 00 23 00 00 00 a5 00 01 00
    ctxB 00 00 00 00 00 00 00 00 00 00 00 00 00 00 00 00
  [628:629] (2B) packed_list A=01 15 B=00 00
    ctxA 01 15 00 01 00 23 00 00 00 a5 00 01 00 23 00 00
    ctxB 00 00 00 00 00 00 00 00 00 00 00 00 00 00 00 00
  [631:631] (1B) packed_list A=01 B=00
    ctxA 01 00 23 00 00 00 a5 00 01 00 23 00 00 00 9d 00
    ctxB 00 00 00 00 00 00 00 00 00 00 00 00 00 00 00 00
  [633:633] (1B) packed_list A=23 B=00
    ctxA 23 00 00 00 a5 00 01 00 23 00 00 00 9d 00 04 00
    ctxB 00 00 00 00 00 00 00 00 00 00 00 00 00 00 00 00
  [637:637] (1B) packed_list A=a5 B=00
    ctxA a5 00 01 00 23 00 00 00 9d 00 04 00 3c 00 00 00
    ctxB 00 00 00 00 00 00 00 00 00 00 00 00 00 00 00 00
  [639:639] (1B) packed_list A=01 B=00
    ctxA 01 00 23 00 00 00 9d 00 04 00 3c 00 00 00 a8 00
    ctxB 00 00 00 00 00 00 00 00 00 00 00 00 00 00 00 00
  [641:641] (1B) packed_list A=23 B=00
    ctxA 23 00 00 00 9d 00 04 00 3c 00 00 00 a8 00 01 00
    ctxB 00 00 00 00 00 00 00 00 00 00 00 00 00 00 00 00
  [645:645] (1B) packed_list A=9d B=00
    ctxA 9d 00 04 00 3c 00 00 00 a8 00 01 00 23 00 00 00
    ctxB 00 00 00 00 00 00 00 00 00 00 00 00 00 00 00 00
  [647:647] (1B) packed_list A=04 B=00
    ctxA 04 00 3c 00 00 00 a8 00 01 00 23 00 00 00 d4 00
    ctxB 00 00 00 00 00 00 00 00 00 00 00 00 00 00 00 00
  [649:649] (1B) packed_list A=3c B=00
    ctxA 3c 00 00 00 a8 00 01 00 23 00 00 00 d4 00 00 00
    ctxB 00 00 00 00 00 00 00 00 00 00 00 00 00 00 00 00
  [653:653] (1B) packed_list A=a8 B=00
    ctxA a8 00 01 00 23 00 00 00 d4 00 00 00 00 00 00 00
    ctxB 00 00 00 00 00 00 00 00 00 00 00 00 00 00 00 00
  [655:655] (1B) packed_list A=01 B=00
    ctxA 01 00 23 00 00 00 d4 00 00 00 00 00 00 00 00 00
    ctxB 00 00 00 00 00 00 00 00 00 00 00 00 00 00 00 00
  [657:657] (1B) packed_list A=23 B=00
    ctxA 23 00 00 00 d4 00 00 00 00 00 00 00 00 00 00 00
    ctxB 00 00 00 00 00 00 00 00 00 00 00 00 00 00 00 00
  [661:661] (1B) packed_list A=d4 B=00
    ctxA d4 00 00 00 00 00 00 00 00 00 00 00 00 00 00 00
    ctxB 00 00 00 00 00 00 00 00 00 00 00 00 00 00 00 00
  [679:679] (1B) packed_list A=17 B=00
    ctxA 17 00 1a 00 05 00 20 00 06 00 21 00 07 00 22 00
    ctxB 00 00 00 00 00 00 00 00 00 00 00 00 00 00 00 00
  [681:681] (1B) packed_list A=1a B=00
    ctxA 1a 00 05 00 20 00 06 00 21 00 07 00 22 00 08 00
    ctxB 00 00 00 00 00 00 00 00 00 00 00 00 00 00 00 00
  [683:683] (1B) packed_list A=05 B=00
    ctxA 05 00 20 00 06 00 21 00 07 00 22 00 08 00 23 00
    ctxB 00 00 00 00 00 00 00 00 00 00 00 00 00 00 00 00
  [685:685] (1B) packed_list A=20 B=00
    ctxA 20 00 06 00 21 00 07 00 22 00 08 00 23 00 09 00
    ctxB 00 00 00 00 00 00 00 00 00 00 00 00 00 00 00 00
  [687:687] (1B) packed_list A=06 B=00
    ctxA 06 00 21 00 07 00 22 00 08 00 23 00 09 00 24 00
    ctxB 00 00 00 00 00 00 00 00 00 00 00 00 00 00 00 00
  [689:689] (1B) packed_list A=21 B=00
    ctxA 21 00 07 00 22 00 08 00 23 00 09 00 24 00 0a 00
    ctxB 00 00 00 00 00 00 00 00 00 00 00 00 00 00 00 00
  [691:691] (1B) packed_list A=07 B=00
    ctxA 07 00 22 00 08 00 23 00 09 00 24 00 0a 00 53 00
    ctxB 00 00 00 00 00 00 00 00 00 00 00 00 00 00 00 00
  [693:693] (1B) packed_list A=22 B=00
    ctxA 22 00 08 00 23 00 09 00 24 00 0a 00 53 00 0d 00
    ctxB 00 00 00 00 00 00 00 00 00 00 00 00 00 00 00 00
  [695:695] (1B) packed_list A=08 B=00
    ctxA 08 00 23 00 09 00 24 00 0a 00 53 00 0d 00 73 00
    ctxB 00 00 00 00 00 00 00 00 00 00 00 00 00 00 00 00
  [697:697] (1B) packed_list A=23 B=00
    ctxA 23 00 09 00 24 00 0a 00 53 00 0d 00 73 00 0f 00
    ctxB 00 00 00 00 00 00 00 00 00 00 00 00 00 00 00 00
  [699:699] (1B) packed_list A=09 B=00
    ctxA 09 00 24 00 0a 00 53 00 0d 00 73 00 0f 00 a3 00
    ctxB 00 00 00 00 00 00 00 00 00 00 00 00 00 00 00 00
  [701:701] (1B) packed_list A=24 B=00
    ctxA 24 00 0a 00 53 00 0d 00 73 00 0f 00 a3 00 10 00
    ctxB 00 00 00 00 00 00 00 00 00 00 00 00 00 00 00 00
  [703:703] (1B) packed_list A=0a B=00
    ctxA 0a 00 53 00 0d 00 73 00 0f 00 a3 00 10 00 aa 00
    ctxB 00 00 00 00 00 00 00 00 00 00 00 00 00 00 00 00
  [705:705] (1B) packed_list A=53 B=00
    ctxA 53 00 0d 00 73 00 0f 00 a3 00 10 00 aa 00 11 00
    ctxB 00 00 00 00 00 00 00 00 00 00 00 00 00 00 00 00
  [707:707] (1B) packed_list A=0d B=00
    ctxA 0d 00 73 00 0f 00 a3 00 10 00 aa 00 11 00 b2 00
    ctxB 00 00 00 00 00 00 00 00 00 00 00 00 00 00 00 00
  [709:709] (1B) packed_list A=73 B=00
    ctxA 73 00 0f 00 a3 00 10 00 aa 00 11 00 b2 00 13 00
    ctxB 00 00 00 00 00 00 00 00 00 00 00 00 00 00 00 00
  [711:711] (1B) packed_list A=0f B=00
    ctxA 0f 00 a3 00 10 00 aa 00 11 00 b2 00 13 00 ab 00
    ctxB 00 00 00 00 00 00 00 00 00 00 00 00 00 00 00 00
  [713:713] (1B) packed_list A=a3 B=00
    ctxA a3 00 10 00 aa 00 11 00 b2 00 13 00 ab 00 12 00
    ctxB 00 00 00 00 00 00 00 00 00 00 00 00 00 00 00 00
  [715:715] (1B) packed_list A=10 B=00
    ctxA 10 00 aa 00 11 00 b2 00 13 00 ab 00 12 00 cc 00
    ctxB 00 00 00 00 00 00 00 00 00 00 00 00 00 00 00 00
  [717:717] (1B) packed_list A=aa B=00
    ctxA aa 00 11 00 b2 00 13 00 ab 00 12 00 cc 00 14 01
    ctxB 00 00 00 00 00 00 00 00 00 00 00 00 00 00 00 00
  [719:719] (1B) packed_list A=11 B=00
    ctxA 11 00 b2 00 13 00 ab 00 12 00 cc 00 14 01 0a 00
    ctxB 00 00 00 00 00 00 00 00 00 00 00 00 00 00 00 00
  [721:721] (1B) packed_list A=b2 B=00
    ctxA b2 00 13 00 ab 00 12 00 cc 00 14 01 0a 00 15 01
    ctxB 00 00 00 00 00 00 00 00 00 00 00 00 00 00 00 00
  [723:723] (1B) packed_list A=13 B=00
    ctxA 13 00 ab 00 12 00 cc 00 14 01 0a 00 15 01 0b 00
    ctxB 00 00 00 00 00 00 00 00 00 00 00 00 00 00 00 00
  [725:725] (1B) packed_list A=ab B=00
    ctxA ab 00 12 00 cc 00 14 01 0a 00 15 01 0b 00 16 01
    ctxB 00 00 00 00 00 00 00 00 00 00 00 00 00 00 00 00
  [727:727] (1B) packed_list A=12 B=00
    ctxA 12 00 cc 00 14 01 0a 00 15 01 0b 00 16 01 0c 00
    ctxB 00 00 00 00 00 00 00 00 00 00 00 00 00 00 00 00
  [729:729] (1B) packed_list A=cc B=00
    ctxA cc 00 14 01 0a 00 15 01 0b 00 16 01 0c 00 17 00
    ctxB 00 00 00 00 00 00 00 00 00 00 00 00 00 00 07 00
  [731:733] (3B) packed_list A=14 01 0a B=00 00 00
    ctxA 14 01 0a 00 15 01 0b 00 16 01 0c 00 17 00 16 00
    ctxB 00 00 00 00 00 00 00 00 00 00 00 00 07 00 1a 00
  [735:737] (3B) packed_list A=15 01 0b B=00 00 00
    ctxA 15 01 0b 00 16 01 0c 00 17 00 16 00 00 00 17 00
    ctxB 00 00 00 00 00 00 00 00 07 00 1a 00 05 00 31 00
  [739:741] (3B) packed_list A=16 01 0c B=00 00 00
    ctxA 16 01 0c 00 17 00 16 00 00 00 17 00 03 00 18 00
    ctxB 00 00 00 00 07 00 1a 00 05 00 31 00 00 00 36 00
  [743:743] (1B) packed_list A=17 B=07
    ctxA 17 00 16 00 00 00 17 00 03 00 18 00 04 00 19 00
    ctxB 07 00 1a 00 05 00 31 00 00 00 36 00 03 00 37 00
  [745:745] (1B) packed_list A=16 B=1a
    ctxA 16 00 00 00 17 00 03 00 18 00 04 00 19 00 18 01
    ctxB 1a 00 05 00 31 00 00 00 36 00 03 00 37 00 04 00
  [747:747] (1B) packed_list A=00 B=05
    ctxA 00 00 17 00 03 00 18 00 04 00 19 00 18 01 18 00
    ctxB 05 00 31 00 00 00 36 00 03 00 37 00 04 00 38 00
  [749:749] (1B) packed_list A=17 B=31
    ctxA 17 00 03 00 18 00 04 00 19 00 18 01 18 00 19 01
    ctxB 31 00 00 00 36 00 03 00 37 00 04 00 38 00 06 00
  [751:751] (1B) packed_list A=03 B=00
    ctxA 03 00 18 00 04 00 19 00 18 01 18 00 19 01 19 00
    ctxB 00 00 36 00 03 00 37 00 04 00 38 00 06 00 57 00
  [753:753] (1B) packed_list A=18 B=36
    ctxA 18 00 04 00 19 00 18 01 18 00 19 01 19 00 1a 01
    ctxB 36 00 03 00 37 00 04 00 38 00 06 00 57 00 0a 00
  [755:755] (1B) packed_list A=04 B=03
    ctxA 04 00 19 00 18 01 18 00 19 01 19 00 1a 01 1a 00
    ctxB 03 00 37 00 04 00 38 00 06 00 57 00 0a 00 72 00
  [757:757] (1B) packed_list A=19 B=37
    ctxA 19 00 18 01 18 00 19 01 19 00 1a 01 1a 00 0c 00
    ctxB 37 00 04 00 38 00 06 00 57 00 0a 00 72 00 23 00
  [759:761] (3B) packed_list A=18 01 18 B=04 00 38
    ctxA 18 01 18 00 19 01 19 00 1a 01 1a 00 0c 00 00 00
    ctxB 04 00 38 00 06 00 57 00 0a 00 72 00 23 00 72 00
  [763:765] (3B) packed_list A=19 01 19 B=06 00 57
    ctxA 19 01 19 00 1a 01 1a 00 0c 00 00 00 00 00 00 00
    ctxB 06 00 57 00 0a 00 72 00 23 00 72 00 23 00 89 ff
  [767:769] (3B) packed_list A=1a 01 1a B=0a 00 72
    ctxA 1a 01 1a 00 0c 00 00 00 00 00 00 00 00 00 00 00
    ctxB 0a 00 72 00 23 00 72 00 23 00 89 ff ff 00 89 00
  [771:771] (1B) packed_list A=0c B=23
    ctxA 0c 00 00 00 00 00 00 00 00 00 00 00 00 00 00 00
    ctxB 23 00 72 00 23 00 89 ff ff 00 89 00 14 00 8a ff
  [773:773] (1B) packed_list A=00 B=72
    ctxA 00 00 00 00 00 00 00 00 00 00 00 00 00 00 00 00
    ctxB 72 00 23 00 89 ff ff 00 89 00 14 00 8a ff ff 00
  [775:775] (1B) packed_list A=00 B=23
    ctxA 00 00 00 00 00 00 00 00 00 00 00 00 00 00 00 00
    ctxB 23 00 89 ff ff 00 89 00 14 00 8a ff ff 00 8a 00
  [777:779] (3B) packed_list A=00 00 00 B=89 ff ff
    ctxA 00 00 00 00 00 00 00 00 00 00 00 00 00 00 00 00
    ctxB 89 ff ff 00 89 00 14 00 8a ff ff 00 8a 00 15 00
  [781:781] (1B) packed_list A=00 B=89
    ctxA 00 00 00 00 00 00 00 00 00 00 00 00 00 00 00 00
    ctxB 89 00 14 00 8a ff ff 00 8a 00 15 00 8a 00 15 00
  [783:783] (1B) packed_list A=00 B=14
    ctxA 00 00 00 00 00 00 00 00 00 00 00 00 00 00 00 00
    ctxB 14 00 8a ff ff 00 8a 00 15 00 8a 00 15 00 8c ff
  [785:787] (3B) packed_list A=00 00 00 B=8a ff ff
    ctxA 00 00 00 00 00 00 00 00 00 00 00 00 00 00 00 00
    ctxB 8a ff ff 00 8a 00 15 00 8a 00 15 00 8c ff ff 00
  [789:789] (1B) packed_list A=00 B=8a
    ctxA 00 00 00 00 00 00 00 00 00 00 00 00 2e 00 00 00
    ctxB 8a 00 15 00 8a 00 15 00 8c ff ff 00 8c 00 17 00
  [791:791] (1B) packed_list A=00 B=15
    ctxA 00 00 00 00 00 00 00 00 00 00 2e 00 00 00 02 ff
    ctxB 15 00 8a 00 15 00 8c ff ff 00 8c 00 17 00 74 00
  [793:793] (1B) packed_list A=00 B=8a
    ctxA 00 00 00 00 00 00 00 00 2e 00 00 00 02 ff ff 00
    ctxB 8a 00 15 00 8c ff ff 00 8c 00 17 00 74 00 25 00
  [795:795] (1B) packed_list A=00 B=15
    ctxA 00 00 00 00 00 00 2e 00 00 00 02 ff ff 00 33 00
    ctxB 15 00 8c ff ff 00 8c 00 17 00 74 00 25 00 74 00
  [797:799] (3B) packed_list A=00 00 00 B=8c ff ff
    ctxA 00 00 00 00 2e 00 00 00 02 ff ff 00 33 00 00 00
    ctxB 8c ff ff 00 8c 00 17 00 74 00 25 00 74 00 25 00
  [801:801] (1B) packed_list A=2e B=8c
    ctxA 2e 00 00 00 02 ff ff 00 33 00 00 00 07 ff ff 00
    ctxB 8c 00 17 00 74 00 25 00 74 00 25 00 74 00 25 00
  [803:803] (1B) packed_list A=00 B=17
    ctxA 00 00 02 ff ff 00 33 00 00 00 07 ff ff 00 33 00
    ctxB 17 00 74 00 25 00 74 00 25 00 74 00 25 00 74 00
  [805:807] (3B) packed_list A=02 ff ff B=74 00 25
    ctxA 02 ff ff 00 33 00 00 00 07 ff ff 00 33 00 00 00
    ctxB 74 00 25 00 74 00 25 00 74 00 25 00 74 00 25 00
  [809:809] (1B) packed_list A=33 B=74
    ctxA 33 00 00 00 07 ff ff 00 33 00 00 00 06 ff ff 00
    ctxB 74 00 25 00 74 00 25 00 74 00 25 00 74 00 25 00
  [811:811] (1B) packed_list A=00 B=25
    ctxA 00 00 07 ff ff 00 33 00 00 00 06 ff ff 00 33 00
    ctxB 25 00 74 00 25 00 74 00 25 00 74 00 25 00 74 00
  [813:815] (3B) packed_list A=07 ff ff B=74 00 25
    ctxA 07 ff ff 00 33 00 00 00 06 ff ff 00 33 00 00 00
    ctxB 74 00 25 00 74 00 25 00 74 00 25 00 74 00 25 00
  [817:817] (1B) packed_list A=33 B=74
    ctxA 33 00 00 00 06 ff ff 00 33 00 00 00 08 ff ff 00
    ctxB 74 00 25 00 74 00 25 00 74 00 25 00 74 00 25 00
  [819:819] (1B) packed_list A=00 B=25
    ctxA 00 00 06 ff ff 00 33 00 00 00 08 ff ff 00 33 00
    ctxB 25 00 74 00 25 00 74 00 25 00 74 00 25 00 74 00
  [821:823] (3B) packed_list A=06 ff ff B=74 00 25
    ctxA 06 ff ff 00 33 00 00 00 08 ff ff 00 33 00 00 00
    ctxB 74 00 25 00 74 00 25 00 74 00 25 00 74 00 25 00
  [825:825] (1B) packed_list A=33 B=74
    ctxA 33 00 00 00 08 ff ff 00 33 00 00 00 08 ff ff 00
    ctxB 74 00 25 00 74 00 25 00 74 00 25 00 74 00 25 00
  [827:827] (1B) packed_list A=00 B=25
    ctxA 00 00 08 ff ff 00 33 00 00 00 08 ff ff 00 33 00
    ctxB 25 00 74 00 25 00 74 00 25 00 74 00 25 00 74 00
  [829:831] (3B) packed_list A=08 ff ff B=74 00 25
    ctxA 08 ff ff 00 33 00 00 00 08 ff ff 00 33 00 00 00
    ctxB 74 00 25 00 74 00 25 00 74 00 25 00 74 00 25 00
  [833:833] (1B) packed_list A=33 B=74
    ctxA 33 00 00 00 08 ff ff 00 33 00 00 00 08 ff ff 00
    ctxB 74 00 25 00 74 00 25 00 74 00 25 00 74 00 25 00
  [835:835] (1B) packed_list A=00 B=25
    ctxA 00 00 08 ff ff 00 33 00 00 00 08 ff ff 00 33 00
    ctxB 25 00 74 00 25 00 74 00 25 00 74 00 25 00 74 00
  [837:839] (3B) packed_list A=08 ff ff B=74 00 25
    ctxA 08 ff ff 00 33 00 00 00 08 ff ff 00 33 00 00 00
    ctxB 74 00 25 00 74 00 25 00 74 00 25 00 74 00 25 00
  [841:841] (1B) packed_list A=33 B=74
    ctxA 33 00 00 00 08 ff ff 00 33 00 00 00 04 ff ff 00
    ctxB 74 00 25 00 74 00 25 00 74 00 25 00 74 00 25 00
  [843:843] (1B) packed_list A=00 B=25
    ctxA 00 00 08 ff ff 00 33 00 00 00 04 ff ff 00 33 00
    ctxB 25 00 74 00 25 00 74 00 25 00 74 00 25 00 74 00
  [845:847] (3B) packed_list A=08 ff ff B=74 00 25
    ctxA 08 ff ff 00 33 00 00 00 04 ff ff 00 33 00 00 00
    ctxB 74 00 25 00 74 00 25 00 74 00 25 00 74 00 25 00
  [849:849] (1B) packed_list A=33 B=74
    ctxA 33 00 00 00 04 ff ff 00 33 00 00 00 08 ff ff 00
    ctxB 74 00 25 00 74 00 25 00 74 00 25 00 00 00 00 00
  [851:851] (1B) packed_list A=00 B=25
    ctxA 00 00 04 ff ff 00 33 00 00 00 08 ff ff 00 33 00
    ctxB 25 00 74 00 25 00 74 00 25 00 00 00 00 00 2e 00
  [853:855] (3B) packed_list A=04 ff ff B=74 00 25
    ctxA 04 ff ff 00 33 00 00 00 08 ff ff 00 33 00 00 00
    ctxB 74 00 25 00 74 00 25 00 00 00 00 00 2e 00 00 00
  [857:857] (1B) packed_list A=33 B=74
    ctxA 33 00 00 00 08 ff ff 00 33 00 00 00 08 ff ff 00
    ctxB 74 00 25 00 00 00 00 00 2e 00 00 00 02 ff ff 00
  [859:859] (1B) packed_list A=00 B=25
    ctxA 00 00 08 ff ff 00 33 00 00 00 08 ff ff 00 33 00
    ctxB 25 00 00 00 00 00 2e 00 00 00 02 ff ff 00 33 00
  [861:863] (3B) packed_list A=08 ff ff B=00 00 00
    ctxA 08 ff ff 00 33 00 00 00 08 ff ff 00 33 00 00 00
    ctxB 00 00 00 00 2e 00 00 00 02 ff ff 00 33 00 00 00
  [865:865] (1B) packed_list A=33 B=2e
    ctxA 33 00 00 00 08 ff ff 00 33 00 00 00 08 ff ff 00
    ctxB 2e 00 00 00 02 ff ff 00 33 00 00 00 05 ff ff 00
  [869:869] (1B) packed_list A=08 B=02
    ctxA 08 ff ff 00 33 00 00 00 08 ff ff 00 2e 00 00 00
    ctxB 02 ff ff 00 33 00 00 00 05 ff ff 00 33 00 00 00
  [877:877] (1B) packed_list A=08 B=05
    ctxA 08 ff ff 00 2e 00 00 00 0b ff ff 00 33 00 00 00
    ctxB 05 ff ff 00 33 00 00 00 05 ff ff 00 33 00 00 00
  [881:881] (1B) packed_list A=2e B=33
    ctxA 2e 00 00 00 0b ff ff 00 33 00 00 00 03 ff ff 00
    ctxB 33 00 00 00 05 ff ff 00 33 00 00 00 08 ff ff 00
  [885:885] (1B) packed_list A=0b B=05
    ctxA 0b ff ff 00 33 00 00 00 03 ff ff 00 28 00 00 00
    ctxB 05 ff ff 00 33 00 00 00 08 ff ff 00 33 00 00 00
  [893:893] (1B) packed_list A=03 B=08
    ctxA 03 ff ff 00 28 00 00 00 00 ff ff 00 2e 00 00 00
    ctxB 08 ff ff 00 33 00 00 00 08 ff ff 00 33 00 00 00
  [897:897] (1B) packed_list A=28 B=33
    ctxA 28 00 00 00 00 ff ff 00 2e 00 00 00 0e ff ff 00
    ctxB 33 00 00 00 08 ff ff 00 33 00 00 00 08 ff ff 00
  [901:901] (1B) packed_list A=00 B=08
    ctxA 00 ff ff 00 2e 00 00 00 0e ff ff 00 33 00 00 00
    ctxB 08 ff ff 00 33 00 00 00 08 ff ff 00 16 00 00 00
  [905:905] (1B) packed_list A=2e B=33
    ctxA 2e 00 00 00 0e ff ff 00 33 00 00 00 03 ff ff 00
    ctxB 33 00 00 00 08 ff ff 00 16 00 00 00 00 ff ff 00
  [909:909] (1B) packed_list A=0e B=08
    ctxA 0e ff ff 00 33 00 00 00 03 ff ff 00 33 00 00 00
    ctxB 08 ff ff 00 16 00 00 00 00 ff ff 00 34 00 00 00
  [913:913] (1B) packed_list A=33 B=16
    ctxA 33 00 00 00 03 ff ff 00 33 00 00 00 08 ff ff 00
    ctxB 16 00 00 00 00 ff ff 00 34 00 00 00 20 ff ff 00
  [917:917] (1B) packed_list A=03 B=00
    ctxA 03 ff ff 00 33 00 00 00 08 ff ff 00 33 00 00 00
    ctxB 00 ff ff 00 34 00 00 00 20 ff ff 00 34 00 00 00
  [921:921] (1B) packed_list A=33 B=34
    ctxA 33 00 00 00 08 ff ff 00 33 00 00 00 08 ff ff 00
    ctxB 34 00 00 00 20 ff ff 00 34 00 00 00 20 ff ff ff
  [925:925] (1B) packed_list A=08 B=20
    ctxA 08 ff ff 00 33 00 00 00 08 ff ff 00 33 00 00 00
    ctxB 20 ff ff 00 34 00 00 00 20 ff ff ff ff 00 00 00
  [929:929] (1B) packed_list A=33 B=34
    ctxA 33 00 00 00 08 ff ff 00 33 00 00 00 08 ff ff 00
    ctxB 34 00 00 00 20 ff ff ff ff 00 00 00 07 ff ff 00
  [933:933] (1B) packed_list A=08 B=20
    ctxA 08 ff ff 00 33 00 00 00 08 ff ff 00 33 00 00 00
    ctxB 20 ff ff ff ff 00 00 00 07 ff ff 00 33 00 00 00
  [936:937] (2B) packed_list A=00 33 B=ff ff
    ctxA 00 33 00 00 00 08 ff ff 00 33 00 00 00 08 ff ff
    ctxB ff ff 00 00 00 07 ff ff 00 33 00 00 00 08 ff ff
  [941:941] (1B) packed_list A=08 B=07
    ctxA 08 ff ff 00 33 00 00 00 08 ff ff 00 33 00 00 00
    ctxB 07 ff ff 00 33 00 00 00 08 ff ff 00 34 00 00 00
  [953:953] (1B) packed_list A=33 B=34
    ctxA 33 00 00 00 08 ff ff 00 33 00 00 00 08 ff ff 00
    ctxB 34 00 00 00 20 ff ff 00 13 00 00 00 00 ff ff ff
  [957:957] (1B) packed_list A=08 B=20
    ctxA 08 ff ff 00 33 00 00 00 08 ff ff 00 33 00 00 00
    ctxB 20 ff ff 00 13 00 00 00 00 ff ff ff ff 00 00 00
  [961:961] (1B) packed_list A=33 B=13
    ctxA 33 00 00 00 08 ff ff 00 33 00 00 00 08 ff ff 00
    ctxB 13 00 00 00 00 ff ff ff ff 00 00 00 11 ff ff 00
  [965:965] (1B) packed_list A=08 B=00
    ctxA 08 ff ff 00 33 00 00 00 08 ff ff 00 33 00 00 00
    ctxB 00 ff ff ff ff 00 00 00 11 ff ff 00 34 00 00 00
  [968:969] (2B) packed_list A=00 33 B=ff ff
    ctxA 00 33 00 00 00 08 ff ff 00 33 00 00 00 08 ff ff
    ctxB ff ff 00 00 00 11 ff ff 00 34 00 00 00 20 ff ff
  [973:973] (1B) packed_list A=08 B=11
    ctxA 08 ff ff 00 33 00 00 00 08 ff ff 00 33 00 00 00
    ctxB 11 ff ff 00 34 00 00 00 20 ff ff 00 34 00 00 13
  [977:977] (1B) packed_list A=33 B=34
    ctxA 33 00 00 00 08 ff ff 00 33 00 00 00 08 ff ff 00
    ctxB 34 00 00 00 20 ff ff 00 34 00 00 13 88 ff ff 00
  [981:981] (1B) packed_list A=08 B=20
    ctxA 08 ff ff 00 33 00 00 00 08 ff ff 00 33 00 00 00
    ctxB 20 ff ff 00 34 00 00 13 88 ff ff 00 34 00 00 00
  [985:985] (1B) packed_list A=33 B=34
    ctxA 33 00 00 00 08 ff ff 00 33 00 00 00 08 ff ff 00
    ctxB 34 00 00 13 88 ff ff 00 34 00 00 00 20 ff ff 00
  [988:989] (2B) packed_list A=00 08 B=13 88
    ctxA 00 08 ff ff 00 33 00 00 00 08 ff ff 00 33 00 00
    ctxB 13 88 ff ff 00 34 00 00 00 20 ff ff 00 37 00 00
  [993:993] (1B) packed_list A=33 B=34
    ctxA 33 00 00 00 08 ff ff 00 33 00 00 00 08 ff ff 00
    ctxB 34 00 00 00 20 ff ff 00 37 00 00 13 88 ff ff ff
  [997:997] (1B) packed_list A=08 B=20
    ctxA 08 ff ff 00 33 00 00 00 08 ff ff 00 33 00 00 00
    ctxB 20 ff ff 00 37 00 00 13 88 ff ff ff ff 00 00 00
  [1001:1001] (1B) packed_list A=33 B=37
    ctxA 33 00 00 00 08 ff ff 00 33 00 00 00 08 ff ff ff
    ctxB 37 00 00 13 88 ff ff ff ff 00 00 00 00 ff ff ff
  [1004:1005] (2B) packed_list A=00 08 B=13 88
    ctxA 00 08 ff ff 00 33 00 00 00 08 ff ff ff ff 00 00
    ctxB 13 88 ff ff ff ff 00 00 00 00 ff ff ff ff 00 00
  [1008:1009] (2B) packed_list A=00 33 B=ff ff
    ctxA 00 33 00 00 00 08 ff ff ff ff 00 00 00 00 00 00
    ctxB ff ff 00 00 00 00 ff ff ff ff 00 00 00 00 ff ff
  [1013:1013] (1B) packed_list A=08 B=00
    ctxA 08 ff ff ff ff 00 00 00 00 00 00 ff ff 00 00 00
    ctxB 00 ff ff ff ff 00 00 00 00 ff ff ff ff 00 00 00
  [1022:1023] (2B) packed_list A=00 00 B=ff ff
    ctxA 00 00 ff ff 00 00 00 00 00 00 ff ff 00 00 00 00
    ctxB ff ff ff ff 00 00 00 00 ff ff ff ff 00 00 00 00
  [1030:1031] (2B) tail A=00 00 B=ff ff
    ctxA 00 00 ff ff 00 00 00 00 00 00 ff ff 00 00 00 00
    ctxB ff ff ff ff 00 00 00 00 ff ff ff ff 00 00 00 3c
  [1038:1039] (2B) tail A=00 00 B=ff ff
    ctxA 00 00 ff ff 00 00 00 00 00 00 ff ff 00 00 00 00
    ctxB ff ff ff ff 00 00 00 3c ff ff ff ff 00 00 01 68
  [1045:1047] (3B) tail A=00 00 00 B=3c ff ff
    ctxA 00 00 00 ff ff 00 00 00 00 00 00 ff ff 00 00 00
    ctxB 3c ff ff ff ff 00 00 01 68 ff ff ff ff 00 00 00
  [1052:1055] (4B) tail A=00 00 00 00 B=01 68 ff ff
    ctxA 00 00 00 00 ff ff 00 00 00 00 00 00 ff ff 00 00
    ctxB 01 68 ff ff ff ff 00 00 00 00 ff ff ff ff 00 00
  [1062:1063] (2B) tail A=00 00 B=ff ff
    ctxA 00 00 ff ff 00 00 00 00 00 00 ff ff 00 00 00 00
    ctxB ff ff ff ff 00 00 00 00 ff ff ff ff 00 00 00 00
  [1070:1071] (2B) tail A=00 00 B=ff ff
    ctxA 00 00 ff ff 00 00 00 00 00 00 ff ff 00 00 00 00
    ctxB ff ff ff ff 00 00 00 00 ff ff 00 3b 00 00 00 01
  [1078:1081] (4B) tail A=00 00 ff ff B=ff ff 00 3b
    ctxA 00 00 ff ff 00 00 00 00 00 00 ff ff 00 00 00 00
    ctxB ff ff 00 3b 00 00 00 01 ff ff ff ff 00 00 00 3c
  [1085:1087] (3B) tail A=00 00 00 B=01 ff ff
    ctxA 00 00 00 ff ff 00 00 00 00 00 00 ff ff 00 00 00
    ctxB 01 ff ff ff ff 00 00 00 3c ff ff ff ff 00 00 00
  [1093:1095] (3B) tail A=00 00 00 B=3c ff ff
    ctxA 00 00 00 ff ff 00 00 00 00 00 00 ff ff 00 00 00
    ctxB 3c ff ff ff ff 00 00 00 00 ff ff ff ff 00 00 00
  [1102:1103] (2B) tail A=00 00 B=ff ff
    ctxA 00 00 ff ff 00 00 00 00 00 00 ff ff 00 00 00 00
    ctxB ff ff ff ff 00 00 00 00 ff ff ff ff 00 00 ff ff
  [1110:1111] (2B) tail A=00 00 B=ff ff
    ctxA 00 00 ff ff 00 00 00 00 00 00 00 00 04 00 00 00
    ctxB ff ff ff ff 00 00 ff ff ff ff ff ff 00 00 00 01
  [1116:1122] (7B) tail A=00 00 00 00 00 00 04 B=ff ff ff ff ff ff 00
    ctxA 00 00 00 00 00 00 04 00 00 00 04 00 00 00 04 00
    ctxB ff ff ff ff ff ff 00 00 00 01 ff ff ff ff 00 00
  [1125:1130] (6B) tail A=00 04 00 00 00 04 B=01 ff ff ff ff 00
    ctxA 00 04 00 00 00 04 00 00 00 04 00 00 00 04 00 00
    ctxB 01 ff ff ff ff 00 00 00 01 ff ff ff ff 00 00 00
  [1133:1138] (6B) tail A=00 04 00 00 00 04 B=01 ff ff ff ff 00
    ctxA 00 04 00 00 00 04 00 00 00 04 00 00 00 04 00 00
    ctxB 01 ff ff ff ff 00 00 00 01 ff ff 00 33 00 00 00
  [1141:1143] (3B) tail A=00 04 00 B=01 ff ff
    ctxA 00 04 00 00 00 04 00 00 00 04 00 00 00 04 00 00
    ctxB 01 ff ff 00 33 00 00 00 08 ff ff ff ff 00 00 00
  [1145:1146] (2B) tail A=00 04 B=33 00
    ctxA 00 04 00 00 00 04 00 00 00 04 00 00 00 00 00 00
    ctxB 33 00 00 00 08 ff ff ff ff 00 00 00 00 ff ff ff
  [1149:1154] (6B) tail A=00 04 00 00 00 04 B=08 ff ff ff ff 00
    ctxA 00 04 00 00 00 04 00 00 00 00 00 00 00 04 00 00
    ctxB 08 ff ff ff ff 00 00 00 00 ff ff ff ff 00 00 00
  [1158:1162] (5B) tail A=00 00 00 00 04 B=ff ff ff ff 00
    ctxA 00 00 00 00 04 00 00 00 00 00 00 00 00 00 00 00
    ctxB ff ff ff ff 00 00 00 26 ff ff 00 37 00 00 00 1e
  [1165:1167] (3B) tail A=00 00 00 B=26 ff ff
    ctxA 00 00 00 00 00 00 00 00 00 00 00 00 00 00 00 00
    ctxB 26 ff ff 00 37 00 00 00 1e ff ff ff ff 00 00 00
  [1169:1169] (1B) tail A=00 B=37
    ctxA 00 00 00 00 00 00 00 00 00 00 00 00 00 56 00 00
    ctxB 37 00 00 00 1e ff ff ff ff 00 00 00 00 00 00 00
  [1173:1177] (5B) tail A=00 00 00 00 00 B=1e ff ff ff ff
    ctxA 00 00 00 00 00 00 00 00 00 56 00 00 00 5e 00 cc
    ctxB 1e ff ff ff ff 00 00 00 00 00 00 00 00 04 00 00
  [1182:1182] (1B) tail A=56 B=00
    ctxA 56 00 00 00 5e 00 cc 80 60 07 00 00 ff ff 00 00
    ctxB 00 00 00 00 04 00 00 00 04 00 00 00 04 00 00 00
  [1186:1186] (1B) tail A=5e B=04
    ctxA 5e 00 cc 80 60 07 00 00 ff ff 00 00 5a 00 00 00
    ctxB 04 00 00 00 04 00 00 00 04 00 00 00 00 00 00 00
  [1188:1191] (4B) tail A=cc 80 60 07 B=00 00 04 00
    ctxA cc 80 60 07 00 00 ff ff 00 00 5a 00 00 00 5e 00
    ctxB 00 00 04 00 00 00 04 00 00 00 00 00 00 00 00 00
  [1194:1195] (2B) tail A=ff ff B=04 00
    ctxA ff ff 00 00 5a 00 00 00 5e 00 cc 80 60 07 00 00
    ctxB 04 00 00 00 00 00 00 00 00 00 00 00 00 00 00 00
  [1198:1198] (1B) tail A=5a B=00
    ctxA 5a 00 00 00 5e 00 cc 80 60 07 00 00 ff ff 00 00
    ctxB 00 00 00 00 00 00 00 00 00 00 00 00 00 00 00 00
  [1202:1202] (1B) tail A=5e B=00
    ctxA 5e 00 cc 80 60 07 00 00 ff ff 00 00 66 00 00 00
    ctxB 00 00 00 00 00 00 00 00 00 00 00 00 00 00 00 00
  [1204:1207] (4B) tail A=cc 80 60 07 B=00 00 00 00
    ctxA cc 80 60 07 00 00 ff ff 00 00 66 00 00 00 52 00
    ctxB 00 00 00 00 00 00 00 00 00 00 00 00 00 00 00 00
  [1210:1211] (2B) tail A=ff ff B=00 00
    ctxA ff ff 00 00 66 00 00 00 52 00 cc 80 40 07 00 00
    ctxB 00 00 00 00 00 00 00 00 00 00 00 00 00 00 00 00
  [1214:1214] (1B) tail A=66 B=00
    ctxA 66 00 00 00 52 00 cc 80 40 07 00 00 ff ff 00 00
    ctxB 00 00 00 00 00 00 00 00 00 00 00 00 00 00 00 00
  [1218:1218] (1B) tail A=52 B=00
    ctxA 52 00 cc 80 40 07 00 00 ff ff 00 00 46 00 00 00
    ctxB 00 00 00 00 00 00 00 00 00 00 00 00 00 00 00 00
  [1220:1223] (4B) tail A=cc 80 40 07 B=00 00 00 00
    ctxA cc 80 40 07 00 00 ff ff 00 00 46 00 00 00 52 00
    ctxB 00 00 00 00 00 00 00 00 00 00 00 00 00 00 00 00
  [1226:1227] (2B) tail A=ff ff B=00 00
    ctxA ff ff 00 00 46 00 00 00 52 00 cc 80 40 07 00 00
    ctxB 00 00 00 00 00 00 00 00 00 00 00 00 00 00 00 00
  [1230:1230] (1B) tail A=46 B=00
    ctxA 46 00 00 00 52 00 cc 80 40 07 00 00 ff ff 00 00
    ctxB 00 00 00 00 00 00 00 00 00 00 00 00 00 00 00 00
  [1234:1234] (1B) tail A=52 B=00
    ctxA 52 00 cc 80 40 07 00 00 ff ff 00 00 4a 00 00 00
    ctxB 00 00 00 00 00 00 00 00 00 00 00 00 1a 00 00 00
  [1236:1239] (4B) tail A=cc 80 40 07 B=00 00 00 00
    ctxA cc 80 40 07 00 00 ff ff 00 00 4a 00 00 00 52 00
    ctxB 00 00 00 00 00 00 00 00 00 00 1a 00 00 00 0a 00
  [1242:1243] (2B) tail A=ff ff B=00 00
    ctxA ff ff 00 00 4a 00 00 00 52 00 cc 80 40 07 00 00
    ctxB 00 00 00 00 1a 00 00 00 0a 00 c0 00 20 07 00 00
  [1246:1246] (1B) tail A=4a B=1a
    ctxA 4a 00 00 00 52 00 cc 80 40 07 00 00 ff ff 00 00
    ctxB 1a 00 00 00 0a 00 c0 00 20 07 00 00 ff ff 00 00
  [1250:1250] (1B) tail A=52 B=0a
    ctxA 52 00 cc 80 40 07 00 00 ff ff 00 00 5e 00 00 00
    ctxB 0a 00 c0 00 20 07 00 00 ff ff 00 00 3e 00 00 00
  [1252:1254] (3B) tail A=cc 80 40 B=c0 00 20
    ctxA cc 80 40 07 00 00 ff ff 00 00 5e 00 00 00 5e 00
    ctxB c0 00 20 07 00 00 ff ff 00 00 3e 00 00 00 2a 00
  [1262:1262] (1B) tail A=5e B=3e
    ctxA 5e 00 00 00 5e 00 cc 81 60 07 00 00 ff ff 00 00
    ctxB 3e 00 00 00 2a 00 cc 80 60 07 00 00 ff ff 00 00
  [1266:1266] (1B) tail A=5e B=2a
    ctxA 5e 00 cc 81 60 07 00 00 ff ff 00 00 42 00 00 00
    ctxB 2a 00 cc 80 60 07 00 00 ff ff 00 00 3e 00 00 00
  [1269:1269] (1B) tail A=81 B=80
    ctxA 81 60 07 00 00 ff ff 00 00 42 00 00 00 52 00 cc
    ctxB 80 60 07 00 00 ff ff 00 00 3e 00 00 00 26 00 cc
  [1278:1278] (1B) tail A=42 B=3e
    ctxA 42 00 00 00 52 00 cc 81 40 07 00 00 ff ff 00 00
    ctxB 3e 00 00 00 26 00 cc 80 60 07 00 00 ff ff 00 00
  [1282:1282] (1B) tail A=52 B=26
    ctxA 52 00 cc 81 40 07 00 00 ff ff 00 00 62 00 00 00
    ctxB 26 00 cc 80 60 07 00 00 ff ff 00 00 3e 00 00 00
  [1285:1286] (2B) tail A=81 40 B=80 60
    ctxA 81 40 07 00 00 ff ff 00 00 62 00 00 00 52 00 cc
    ctxB 80 60 07 00 00 ff ff 00 00 3e 00 00 00 22 00 cc
  [1294:1294] (1B) tail A=62 B=3e
    ctxA 62 00 00 00 52 00 cc 81 40 07 00 00 ff ff 00 00
    ctxB 3e 00 00 00 22 00 cc 80 60 07 00 00 ff ff 00 00
  [1298:1298] (1B) tail A=52 B=22
    ctxA 52 00 cc 81 40 07 00 00 ff ff 00 00 6a 00 00 00
    ctxB 22 00 cc 80 60 07 00 00 ff ff 00 00 46 00 00 00
  [1301:1302] (2B) tail A=81 40 B=80 60
    ctxA 81 40 07 00 00 ff ff 00 00 6a 00 00 00 52 00 cc
    ctxB 80 60 07 00 00 ff ff 00 00 46 00 00 00 2a 00 cc
  [1310:1310] (1B) tail A=6a B=46
    ctxA 6a 00 00 00 52 00 cc 81 40 07 00 00 ff ff 00 00
    ctxB 46 00 00 00 2a 00 cc 80 60 07 00 00 ff ff 00 00
  [1314:1314] (1B) tail A=52 B=2a
    ctxA 52 00 cc 81 40 07 00 00 ff ff 00 00 2a 00 00 00
    ctxB 2a 00 cc 80 60 07 00 00 ff ff 00 00 46 00 00 00
  [1317:1318] (2B) tail A=81 40 B=80 60
    ctxA 81 40 07 00 00 ff ff 00 00 2a 00 00 00 52 00 cc
    ctxB 80 60 07 00 00 ff ff 00 00 46 00 00 00 22 00 cc
  [1326:1326] (1B) tail A=2a B=46
    ctxA 2a 00 00 00 52 00 cc 81 40 07 00 00 ff ff 00 00
    ctxB 46 00 00 00 22 00 cc 80 60 07 00 00 ff ff 00 00
  [1330:1330] (1B) tail A=52 B=22
    ctxA 52 00 cc 81 40 07 00 00 ff ff 00 00 32 00 00 00
    ctxB 22 00 cc 80 60 07 00 00 ff ff 00 00 4a 00 00 00
  [1333:1334] (2B) tail A=81 40 B=80 60
    ctxA 81 40 07 00 00 ff ff 00 00 32 00 00 00 5a 00 cc
    ctxB 80 60 07 00 00 ff ff 00 00 4a 00 00 00 1e 00 cc
  [1342:1342] (1B) tail A=32 B=4a
    ctxA 32 00 00 00 5a 00 cc 81 40 07 00 00 ff ff 00 00
    ctxB 4a 00 00 00 1e 00 cc 80 60 07 00 00 ff ff 00 00
  [1346:1346] (1B) tail A=5a B=1e
    ctxA 5a 00 cc 81 40 07 00 00 ff ff 00 00 26 00 00 00
    ctxB 1e 00 cc 80 60 07 00 00 ff ff 00 00 4e 00 00 00
  [1349:1350] (2B) tail A=81 40 B=80 60
    ctxA 81 40 07 00 00 ff ff 00 00 26 00 00 00 5a 00 cc
    ctxB 80 60 07 00 00 ff ff 00 00 4e 00 00 00 1e 00 cc
  [1358:1358] (1B) tail A=26 B=4e
    ctxA 26 00 00 00 5a 00 cc 81 40 07 00 00 ff ff 00 00
    ctxB 4e 00 00 00 1e 00 cc 80 60 07 00 00 ff ff 00 00
  [1362:1362] (1B) tail A=5a B=1e
    ctxA 5a 00 cc 81 40 07 00 00 ff ff 00 00 26 00 00 00
    ctxB 1e 00 cc 80 60 07 00 00 ff ff 00 00 52 00 00 00
  [1365:1366] (2B) tail A=81 40 B=80 60
    ctxA 81 40 07 00 00 ff ff 00 00 26 00 00 00 52 00 cc
    ctxB 80 60 07 00 00 ff ff 00 00 52 00 00 00 16 00 cc
  [1374:1374] (1B) tail A=26 B=52
    ctxA 26 00 00 00 52 00 cc 80 40 07 00 00 ff ff 00 00
    ctxB 52 00 00 00 16 00 cc 80 60 07 00 00 ff ff 00 00
  [1378:1378] (1B) tail A=52 B=16
    ctxA 52 00 cc 80 40 07 00 00 ff ff 00 00 2a 00 00 00
    ctxB 16 00 cc 80 60 07 00 00 ff ff 00 00 4e 00 00 00
  [1382:1382] (1B) tail A=40 B=60
    ctxA 40 07 00 00 ff ff 00 00 2a 00 00 00 5a 00 cc 80
    ctxB 60 07 00 00 ff ff 00 00 4e 00 00 00 16 00 cc 80
  [1390:1390] (1B) tail A=2a B=4e
    ctxA 2a 00 00 00 5a 00 cc 80 40 07 00 00 ff ff 00 00
    ctxB 4e 00 00 00 16 00 cc 80 60 07 00 00 ff ff 00 00
  [1394:1394] (1B) tail A=5a B=16
    ctxA 5a 00 cc 80 40 07 00 00 ff ff 00 00 2e 00 00 00
    ctxB 16 00 cc 80 60 07 00 00 ff ff 00 00 46 00 00 00
  [1398:1398] (1B) tail A=40 B=60
    ctxA 40 07 00 00 ff ff 00 00 2e 00 00 00 5a 00 cc 80
    ctxB 60 07 00 00 ff ff 00 00 46 00 00 00 12 00 cc 80
  [1406:1406] (1B) tail A=2e B=46
    ctxA 2e 00 00 00 5a 00 cc 80 40 07 00 00 ff ff 00 00
    ctxB 46 00 00 00 12 00 cc 80 60 07 00 00 ff ff 00 00
  [1410:1410] (1B) tail A=5a B=12
    ctxA 5a 00 cc 80 40 07 00 00 ff ff 00 00 2e 00 00 00
    ctxB 12 00 cc 80 60 07 00 00 ff ff 00 00 46 00 00 00
  [1414:1414] (1B) tail A=40 B=60
    ctxA 40 07 00 00 ff ff 00 00 2e 00 00 00 52 00 cc 80
    ctxB 60 07 00 00 ff ff 00 00 46 00 00 00 0e 00 cc 80
  [1422:1422] (1B) tail A=2e B=46
    ctxA 2e 00 00 00 52 00 cc 80 40 07 00 00 ff ff 00 00
    ctxB 46 00 00 00 0e 00 cc 80 60 07 00 00 ff ff 00 00
  [1426:1426] (1B) tail A=52 B=0e
    ctxA 52 00 cc 80 40 07 00 00 ff ff 00 00 32 00 00 00
    ctxB 0e 00 cc 80 60 07 00 00 ff ff 00 00 3e 00 00 00
  [1430:1430] (1B) tail A=40 B=60
    ctxA 40 07 00 00 ff ff 00 00 32 00 00 00 52 00 cc 80
    ctxB 60 07 00 00 ff ff 00 00 3e 00 00 00 0e 00 cc 80
  [1438:1438] (1B) tail A=32 B=3e
    ctxA 32 00 00 00 52 00 cc 80 40 07 00 00 ff ff 00 00
    ctxB 3e 00 00 00 0e 00 cc 80 60 07 00 00 ff ff 00 00
  [1442:1442] (1B) tail A=52 B=0e
    ctxA 52 00 cc 80 40 07 00 00 ff ff 00 00 36 00 00 00
    ctxB 0e 00 cc 80 60 07 00 00 ff ff 00 00 3e 00 00 00
  [1446:1446] (1B) tail A=40 B=60
    ctxA 40 07 00 00 ff ff 00 00 36 00 00 00 52 00 cc 80
    ctxB 60 07 00 00 ff ff 00 00 3e 00 00 00 12 00 cc 80
  [1454:1454] (1B) tail A=36 B=3e
    ctxA 36 00 00 00 52 00 cc 80 40 07 00 00 ff ff 00 00
    ctxB 3e 00 00 00 12 00 cc 80 60 07 00 00 ff ff 00 00
  [1458:1458] (1B) tail A=52 B=12
    ctxA 52 00 cc 80 40 07 00 00 ff ff 00 00 36 00 00 00
    ctxB 12 00 cc 80 60 07 00 00 ff ff 00 00 3e 00 00 00
  [1462:1462] (1B) tail A=40 B=60
    ctxA 40 07 00 00 ff ff 00 00 36 00 00 00 5a 00 cc 80
    ctxB 60 07 00 00 ff ff 00 00 3e 00 00 00 06 00 cc 80
  [1470:1470] (1B) tail A=36 B=3e
    ctxA 36 00 00 00 5a 00 cc 80 40 07 00 00 ff ff 00 00
    ctxB 3e 00 00 00 06 00 cc 80 60 07 00 00 ff ff 00 00
  [1474:1474] (1B) tail A=5a B=06
    ctxA 5a 00 cc 80 40 07 00 00 ff ff 00 00 06 8c 00 00
    ctxB 06 00 cc 80 60 07 00 00 ff ff 00 00 42 00 00 00
  [1478:1478] (1B) tail A=40 B=60
    ctxA 40 07 00 00 ff ff 00 00 06 8c 00 00 79 5a cd 81
    ctxB 60 07 00 00 ff ff 00 00 42 00 00 00 06 00 cc 80
  [1486:1487] (2B) tail A=06 8c B=42 00
    ctxA 06 8c 00 00 79 5a cd 81 00 07 00 00 ff ff 00 00
    ctxB 42 00 00 00 06 00 cc 80 60 07 00 00 ff ff 00 00
  [1490:1494] (5B) tail A=79 5a cd 81 00 B=06 00 cc 80 60
    ctxA 79 5a cd 81 00 07 00 00 ff ff 00 00 6a 0a 00 00
    ctxB 06 00 cc 80 60 07 00 00 ff ff 00 00 3a 00 00 00
  [1502:1503] (2B) tail A=6a 0a B=3a 00
    ctxA 6a 0a 00 00 6a 2f ce 03 20 07 00 00 ff ff 00 00
    ctxB 3a 00 00 00 16 00 cc 80 60 07 00 00 ff ff 00 00
  [1506:1510] (5B) tail A=6a 2f ce 03 20 B=16 00 cc 80 60
    ctxA 6a 2f ce 03 20 07 00 00 ff ff 00 00 0d ac 00 00
    ctxB 16 00 cc 80 60 07 00 00 ff ff 00 00 36 00 00 00
  [1518:1519] (2B) tail A=0d ac B=36 00
    ctxA 0d ac 00 00 07 1d ce 01 00 07 00 00 ff ff 00 00
    ctxB 36 00 00 00 16 00 cc 80 60 07 00 00 ff ff 00 00
  [1522:1526] (5B) tail A=07 1d ce 01 00 B=16 00 cc 80 60
    ctxA 07 1d ce 01 00 07 00 00 ff ff 00 00 69 e3 00 00
    ctxB 16 00 cc 80 60 07 00 00 ff ff 00 00 32 00 00 00
  [1534:1535] (2B) tail A=69 e3 B=32 00
    ctxA 69 e3 00 00 6a 31 c0 2d 00 00 00 00 00 14 00 00
    ctxB 32 00 00 00 1e 00 cc 80 60 07 00 00 ff ff 00 00
  [1538:1543] (6B) tail A=6a 31 c0 2d 00 00 B=1e 00 cc 80 60 07
    ctxA 6a 31 c0 2d 00 00 00 00 00 14 00 00 69 d3 00 00
    ctxB 1e 00 cc 80 60 07 00 00 ff ff 00 00 36 00 00 00
  [1546:1547] (2B) tail A=00 14 B=ff ff
    ctxA 00 14 00 00 69 d3 00 00 6a 26 c0 30 00 00 00 00
    ctxB ff ff 00 00 36 00 00 00 1e 00 cc 80 60 07 00 00
  [1550:1551] (2B) tail A=69 d3 B=36 00
    ctxA 69 d3 00 00 6a 26 c0 30 00 00 00 00 00 16 00 00
    ctxB 36 00 00 00 1e 00 cc 80 60 07 00 00 ff ff 00 00
  [1554:1559] (6B) tail A=6a 26 c0 30 00 00 B=1e 00 cc 80 60 07
    ctxA 6a 26 c0 30 00 00 00 00 00 16 00 00 69 de 00 00
    ctxB 1e 00 cc 80 60 07 00 00 ff ff 00 00 46 00 00 00
  [1562:1563] (2B) tail A=00 16 B=ff ff
    ctxA 00 16 00 00 69 de 00 00 6a 25 c0 30 00 00 00 00
    ctxB ff ff 00 00 46 00 00 00 26 00 cc 81 60 07 00 00
  [1566:1567] (2B) tail A=69 de B=46 00
    ctxA 69 de 00 00 6a 25 c0 30 00 00 00 00 00 17 00 00
    ctxB 46 00 00 00 26 00 cc 81 60 07 00 00 ff ff 00 00
  [1570:1575] (6B) tail A=6a 25 c0 30 00 00 B=26 00 cc 81 60 07
    ctxA 6a 25 c0 30 00 00 00 00 00 17 00 00 69 e3 00 00
    ctxB 26 00 cc 81 60 07 00 00 ff ff 00 00 52 00 00 00
  [1578:1579] (2B) tail A=00 17 B=ff ff
    ctxA 00 17 00 00 69 e3 00 00 6a 31 c0 30 00 00 00 00
    ctxB ff ff 00 00 52 00 00 00 1e 00 cc 81 60 07 00 00
  [1582:1583] (2B) tail A=69 e3 B=52 00
    ctxA 69 e3 00 00 6a 31 c0 30 00 00 00 00 00 18 00 00
    ctxB 52 00 00 00 1e 00 cc 81 60 07 00 00 ff ff 00 00
  [1586:1591] (6B) tail A=6a 31 c0 30 00 00 B=1e 00 cc 81 60 07
    ctxA 6a 31 c0 30 00 00 00 00 00 18 00 00 6e 62 00 00
    ctxB 1e 00 cc 81 60 07 00 00 ff ff 00 00 4a 00 00 00
  [1594:1595] (2B) tail A=00 18 B=ff ff
    ctxA 00 18 00 00 6e 62 00 00 6a e2 c0 30 20 07 00 00
    ctxB ff ff 00 00 4a 00 00 00 16 00 cc 81 60 07 00 00
  [1598:1599] (2B) tail A=6e 62 B=4a 00
    ctxA 6e 62 00 00 6a e2 c0 30 20 07 00 00 ff ff 00 00
    ctxB 4a 00 00 00 16 00 cc 81 60 07 00 00 ff ff 00 00
  [1602:1606] (5B) tail A=6a e2 c0 30 20 B=16 00 cc 81 60
    ctxA 6a e2 c0 30 20 07 00 00 ff ff 00 00 5c cd 00 00
    ctxB 16 00 cc 81 60 07 00 00 ff ff 00 00 32 00 00 00
  [1614:1615] (2B) tail A=5c cd B=32 00
    ctxA 5c cd 00 00 5e 98 cc 82 20 07 00 00 00 05 00 00
    ctxB 32 00 00 00 16 00 cc 81 60 07 00 00 ff ff 00 00
  [1618:1619] (2B) tail A=5e 98 B=16 00
    ctxA 5e 98 cc 82 20 07 00 00 00 05 00 00 43 55 00 00
    ctxB 16 00 cc 81 60 07 00 00 ff ff 00 00 46 00 00 00
  [1621:1622] (2B) tail A=82 20 B=81 60
    ctxA 82 20 07 00 00 00 05 00 00 43 55 00 00 51 8a cc
    ctxB 81 60 07 00 00 ff ff 00 00 46 00 00 00 06 00 cc
  [1626:1627] (2B) tail A=00 05 B=ff ff
    ctxA 00 05 00 00 43 55 00 00 51 8a cc 82 00 07 00 00
    ctxB ff ff 00 00 46 00 00 00 06 00 cc 81 60 07 00 00
  [1630:1631] (2B) tail A=43 55 B=46 00
    ctxA 43 55 00 00 51 8a cc 82 00 07 00 00 00 06 00 00
    ctxB 46 00 00 00 06 00 cc 81 60 07 00 00 ff ff 00 00
  [1634:1635] (2B) tail A=51 8a B=06 00
    ctxA 51 8a cc 82 00 07 00 00 00 06 00 00 28 4b 00 00
    ctxB 06 00 cc 81 60 07 00 00 ff ff 00 00 41 56 00 00
  [1637:1638] (2B) tail A=82 00 B=81 60
    ctxA 82 00 07 00 00 00 06 00 00 28 4b 00 00 5a 2c cc
    ctxB 81 60 07 00 00 ff ff 00 00 41 56 00 00 3b e9 cd
  [1642:1643] (2B) tail A=00 06 B=ff ff
    ctxA 00 06 00 00 28 4b 00 00 5a 2c cc 82 00 07 00 00
    ctxB ff ff 00 00 41 56 00 00 3b e9 cd 03 20 07 00 00
  [1646:1647] (2B) tail A=28 4b B=41 56
    ctxA 28 4b 00 00 5a 2c cc 82 00 07 00 00 00 0d 00 00
    ctxB 41 56 00 00 3b e9 cd 03 20 07 00 00 ff ff 00 00
  [1650:1654] (5B) tail A=5a 2c cc 82 00 B=3b e9 cd 03 20
    ctxA 5a 2c cc 82 00 07 00 00 00 0d 00 00 30 4b 00 00
    ctxB 3b e9 cd 03 20 07 00 00 ff ff 00 00 3d a3 00 00
  [1658:1659] (2B) tail A=00 0d B=ff ff
    ctxA 00 0d 00 00 30 4b 00 00 52 61 cc 82 00 07 00 00
    ctxB ff ff 00 00 3d a3 00 00 14 d7 c0 30 20 07 00 00
  [1662:1663] (2B) tail A=30 4b B=3d a3
    ctxA 30 4b 00 00 52 61 cc 82 00 07 00 00 00 10 00 00
    ctxB 3d a3 00 00 14 d7 c0 30 20 07 00 00 ff ff 00 00
  [1666:1670] (5B) tail A=52 61 cc 82 00 B=14 d7 c0 30 20
    ctxA 52 61 cc 82 00 07 00 00 00 10 00 00 6a c7 00 00
    ctxB 14 d7 c0 30 20 07 00 00 ff ff 00 00 44 a4 00 00
  [1674:1675] (2B) tail A=00 10 B=ff ff
    ctxA 00 10 00 00 6a c7 00 00 4b f7 cc 82 00 07 00 00
    ctxB ff ff 00 00 44 a4 00 00 28 bf cd 05 20 07 00 00
  [1678:1679] (2B) tail A=6a c7 B=44 a4
    ctxA 6a c7 00 00 4b f7 cc 82 00 07 00 00 ff ff 00 00
    ctxB 44 a4 00 00 28 bf cd 05 20 07 00 00 00 04 00 00
  [1682:1686] (5B) tail A=4b f7 cc 82 00 B=28 bf cd 05 20
    ctxA 4b f7 cc 82 00 07 00 00 ff ff 00 00 35 8c 00 00
    ctxB 28 bf cd 05 20 07 00 00 00 04 00 00 40 29 00 00
  [1690:1691] (2B) tail A=ff ff B=00 04
    ctxA ff ff 00 00 35 8c 00 00 79 ac c0 30 00 07 00 00
    ctxB 00 04 00 00 40 29 00 00 29 9b cd 10 20 07 00 00
  [1694:1695] (2B) tail A=35 8c B=40 29
    ctxA 35 8c 00 00 79 ac c0 30 00 07 00 00 ff ff 00 00
    ctxB 40 29 00 00 29 9b cd 10 20 07 00 00 ff ff 00 00
  [1698:1702] (5B) tail A=79 ac c0 30 00 B=29 9b cd 10 20
    ctxA 79 ac c0 30 00 07 00 00 ff ff 00 00 0e 01 00 00
    ctxB 29 9b cd 10 20 07 00 00 ff ff 00 00 3e d9 00 00
  [1710:1711] (2B) tail A=0e 01 B=3e d9
    ctxA 0e 01 00 00 06 c8 c0 30 00 00 00 00 00 15 00 00
    ctxB 3e d9 00 00 1d 06 cd 06 20 07 00 00 ff ff 00 00
  [1714:1719] (6B) tail A=06 c8 c0 30 00 00 B=1d 06 cd 06 20 07
    ctxA 06 c8 c0 30 00 00 00 00 00 15 00 00 0d fd 00 00
    ctxB 1d 06 cd 06 20 07 00 00 ff ff 00 00 3a 00 00 00
  [1722:1723] (2B) tail A=00 15 B=ff ff
    ctxA 00 15 00 00 0d fd 00 00 07 18 c0 30 00 00 00 00
    ctxB ff ff 00 00 3a 00 00 00 1e 00 cc 80 60 07 00 00
  [1726:1727] (2B) tail A=0d fd B=3a 00
    ctxA 0d fd 00 00 07 18 c0 30 00 00 00 00 00 21 00 00
    ctxB 3a 00 00 00 1e 00 cc 80 60 07 00 00 ff ff 00 00
  [1730:1735] (6B) tail A=07 18 c0 30 00 00 B=1e 00 cc 80 60 07
    ctxA 07 18 c0 30 00 00 00 00 00 21 00 00 0d ff 00 00
    ctxB 1e 00 cc 80 60 07 00 00 ff ff 00 00 3a 1d 00 00
  [1738:1739] (2B) tail A=00 21 B=ff ff
    ctxA 00 21 00 00 0d ff 00 00 06 f9 c0 30 00 00 00 00
    ctxB ff ff 00 00 3a 1d 00 00 19 e8 ce 00 20 07 00 00
  [1742:1743] (2B) tail A=0d ff B=3a 1d
    ctxA 0d ff 00 00 06 f9 c0 30 00 00 00 00 00 22 00 00
    ctxB 3a 1d 00 00 19 e8 ce 00 20 07 00 00 ff ff 00 00
  [1746:1751] (6B) tail A=06 f9 c0 30 00 00 B=19 e8 ce 00 20 07
    ctxA 06 f9 c0 30 00 00 00 00 00 22 00 00 0e 07 00 00
    ctxB 19 e8 ce 00 20 07 00 00 ff ff 00 00 35 79 00 00
  [1754:1755] (2B) tail A=00 22 B=ff ff
    ctxA 00 22 00 00 0e 07 00 00 06 e9 c0 2d 00 00 00 00
    ctxB ff ff 00 00 35 79 00 00 1c 29 cd 04 20 07 00 00
  [1758:1759] (2B) tail A=0e 07 B=35 79
    ctxA 0e 07 00 00 06 e9 c0 2d 00 00 00 00 00 23 00 00
    ctxB 35 79 00 00 1c 29 cd 04 20 07 00 00 00 13 00 00
  [1762:1767] (6B) tail A=06 e9 c0 2d 00 00 B=1c 29 cd 04 20 07
    ctxA 06 e9 c0 2d 00 00 00 00 00 23 00 00 6e 00 00 00
    ctxB 1c 29 cd 04 20 07 00 00 00 13 00 00 42 0b 00 00
  [1771:1771] (1B) tail A=23 B=13
    ctxA 23 00 00 6e 00 00 00 76 00 cc 81 60 07 00 00 ff
    ctxB 13 00 00 42 0b 00 00 10 40 cd 09 20 07 00 00 ff
  [1774:1775] (2B) tail A=6e 00 B=42 0b
    ctxA 6e 00 00 00 76 00 cc 81 60 07 00 00 ff ff 00 00
    ctxB 42 0b 00 00 10 40 cd 09 20 07 00 00 ff ff 00 00
  [1778:1782] (5B) tail A=76 00 cc 81 60 B=10 40 cd 09 20
    ctxA 76 00 cc 81 60 07 00 00 ff ff 00 00 65 e8 00 00
    ctxB 10 40 cd 09 20 07 00 00 ff ff 00 00 3f fb 00 00
  [1790:1791] (2B) tail A=65 e8 B=3f fb
    ctxA 65 e8 00 00 63 c9 cd 10 20 07 00 00 ff ff 00 00
    ctxB 3f fb 00 00 0a c4 cd 08 20 07 00 00 ff ff 00 00
  [1794:1795] (2B) tail A=63 c9 B=0a c4
    ctxA 63 c9 cd 10 20 07 00 00 ff ff 00 00 6b 32 00 00
    ctxB 0a c4 cd 08 20 07 00 00 ff ff 00 00 50 8a 00 00
  [1797:1797] (1B) tail A=10 B=08
    ctxA 10 20 07 00 00 ff ff 00 00 6b 32 00 00 65 de cd
    ctxB 08 20 07 00 00 ff ff 00 00 50 8a 00 00 0c 8a cd
  [1806:1807] (2B) tail A=6b 32 B=50 8a
    ctxA 6b 32 00 00 65 de cd 01 20 07 00 00 ff ff 00 00
    ctxB 50 8a 00 00 0c 8a cd 00 20 07 00 00 ff ff 00 00
  [1810:1811] (2B) tail A=65 de B=0c 8a
    ctxA 65 de cd 01 20 07 00 00 ff ff 00 00 67 a8 00 00
    ctxB 0c 8a cd 00 20 07 00 00 ff ff 00 00 4d a2 00 00
  [1813:1813] (1B) tail A=01 B=00
    ctxA 01 20 07 00 00 ff ff 00 00 67 a8 00 00 68 99 c1
    ctxB 00 20 07 00 00 ff ff 00 00 4d a2 00 00 06 a2 cd
  [1822:1823] (2B) tail A=67 a8 B=4d a2
    ctxA 67 a8 00 00 68 99 c1 00 e0 07 00 00 ff ff 00 00
    ctxB 4d a2 00 00 06 a2 cd 11 20 07 00 00 ff ff 00 00
  [1826:1830] (5B) tail A=68 99 c1 00 e0 B=06 a2 cd 11 20
    ctxA 68 99 c1 00 e0 07 00 00 ff ff 00 00 6c 31 00 00
    ctxB 06 a2 cd 11 20 07 00 00 ff ff 00 00 54 42 00 00
  [1838:1839] (2B) tail A=6c 31 B=54 42
    ctxA 6c 31 00 00 69 1e c1 00 e0 07 00 00 00 1a 00 00
    ctxB 54 42 00 00 07 a0 cd 01 20 07 00 00 ff ff 00 00
  [1842:1846] (5B) tail A=69 1e c1 00 e0 B=07 a0 cd 01 20
    ctxA 69 1e c1 00 e0 07 00 00 00 1a 00 00 69 ae 00 00
    ctxB 07 a0 cd 01 20 07 00 00 ff ff 00 00 5d 4d 00 00
  [1850:1851] (2B) tail A=00 1a B=ff ff
    ctxA 00 1a 00 00 69 ae 00 00 64 ba c2 85 e0 07 00 00
    ctxB ff ff 00 00 5d 4d 00 00 0c 76 cd 0a 20 07 00 00
  [1854:1855] (2B) tail A=69 ae B=5d 4d
    ctxA 69 ae 00 00 64 ba c2 85 e0 07 00 00 00 27 00 00
    ctxB 5d 4d 00 00 0c 76 cd 0a 20 07 00 00 ff ff 00 00
  [1858:1862] (5B) tail A=64 ba c2 85 e0 B=0c 76 cd 0a 20
    ctxA 64 ba c2 85 e0 07 00 00 00 27 00 00 57 22 00 00
    ctxB 0c 76 cd 0a 20 07 00 00 ff ff 00 00 64 c1 00 00
  [1866:1867] (2B) tail A=00 27 B=ff ff
    ctxA 00 27 00 00 57 22 00 00 79 26 c1 00 e0 07 00 00
    ctxB ff ff 00 00 64 c1 00 00 05 69 cd 01 20 07 00 00
  [1870:1871] (2B) tail A=57 22 B=64 c1
    ctxA 57 22 00 00 79 26 c1 00 e0 07 00 00 ff ff 00 00
    ctxB 64 c1 00 00 05 69 cd 01 20 07 00 00 ff ff 00 00
  [1874:1878] (5B) tail A=79 26 c1 00 e0 B=05 69 cd 01 20
    ctxA 79 26 c1 00 e0 07 00 00 ff ff 00 00 56 67 00 00
    ctxB 05 69 cd 01 20 07 00 00 ff ff 00 00 69 27 00 00
  [1886:1887] (2B) tail A=56 67 B=69 27
    ctxA 56 67 00 00 71 d6 c1 00 c0 07 00 00 ff ff 00 00
    ctxB 69 27 00 00 0c 1f cd 0c 20 07 00 00 ff ff 00 00
  [1890:1894] (5B) tail A=71 d6 c1 00 c0 B=0c 1f cd 0c 20
    ctxA 71 d6 c1 00 c0 07 00 00 ff ff 00 00 5d 6b 00 00
    ctxB 0c 1f cd 0c 20 07 00 00 ff ff 00 00 72 00 00 00
  [1902:1903] (2B) tail A=5d 6b B=72 00
    ctxA 5d 6b 00 00 60 91 c1 00 e0 07 00 00 ff ff 00 00
    ctxB 72 00 00 00 0e 00 cd 80 20 07 00 00 ff ff 00 00
  [1906:1910] (5B) tail A=60 91 c1 00 e0 B=0e 00 cd 80 20
    ctxA 60 91 c1 00 e0 07 00 00 ff ff 00 00 50 7d 00 00
    ctxB 0e 00 cd 80 20 07 00 00 ff ff 00 00 12 00 00 00
  [1918:1919] (2B) tail A=50 7d B=12 00
    ctxA 50 7d 00 00 66 60 c1 00 e0 07 00 00 ff ff 00 00
    ctxB 12 00 00 00 06 00 cd 80 20 07 00 00 ff ff 00 00
  [1922:1926] (5B) tail A=66 60 c1 00 e0 B=06 00 cd 80 20
    ctxA 66 60 c1 00 e0 07 00 00 ff ff 00 00 4e 00 00 00
    ctxB 06 00 cd 80 20 07 00 00 ff ff 00 00 1b 5c 00 00
  [1934:1935] (2B) tail A=4e 00 B=1b 5c
    ctxA 4e 00 00 00 62 00 cc 80 60 07 00 00 ff ff 00 00
    ctxB 1b 5c 00 00 05 c3 cd 0f 20 07 00 00 ff ff 00 00
  [1938:1942] (5B) tail A=62 00 cc 80 60 B=05 c3 cd 0f 20
    ctxA 62 00 cc 80 60 07 00 00 ff ff 00 00 4a 00 00 00
    ctxB 05 c3 cd 0f 20 07 00 00 ff ff 00 00 17 09 00 00
  [1950:1951] (2B) tail A=4a 00 B=17 09
    ctxA 4a 00 00 00 62 00 cc 80 60 07 00 00 ff ff 00 00
    ctxB 17 09 00 00 0b 3c cd 01 20 07 00 00 ff ff 00 00
  [1954:1958] (5B) tail A=62 00 cc 80 60 B=0b 3c cd 01 20
    ctxA 62 00 cc 80 60 07 00 00 ff ff 00 00 46 00 00 00
    ctxB 0b 3c cd 01 20 07 00 00 ff ff 00 00 1f e1 00 00
  [1966:1967] (2B) tail A=46 00 B=1f e1
    ctxA 46 00 00 00 6a 00 cc 80 40 07 00 00 ff ff 00 00
    ctxB 1f e1 00 00 0d 39 cd 04 20 07 00 00 ff ff 00 00
  [1970:1974] (5B) tail A=6a 00 cc 80 40 B=0d 39 cd 04 20
    ctxA 6a 00 cc 80 40 07 00 00 ff ff 00 00 4e 00 00 00
    ctxB 0d 39 cd 04 20 07 00 00 ff ff 00 00 2c 28 00 00
  [1982:1983] (2B) tail A=4e 00 B=2c 28
    ctxA 4e 00 00 00 6a 00 cc 80 40 07 00 00 ff ff 00 00
    ctxB 2c 28 00 00 06 15 cd 05 20 07 00 00 ff ff 00 00
  [1986:1990] (5B) tail A=6a 00 cc 80 40 B=06 15 cd 05 20
    ctxA 6a 00 cc 80 40 07 00 00 ff ff 00 00 46 00 00 00
    ctxB 06 15 cd 05 20 07 00 00 ff ff 00 00 2f af 00 00
  [1998:1999] (2B) tail A=46 00 B=2f af
    ctxA 46 00 00 00 62 00 cc 81 60 07 00 00 ff ff 00 00
    ctxB 2f af 00 00 0c 20 cd 06 20 07 00 00 ff ff 00 00
  [2002:2006] (5B) tail A=62 00 cc 81 60 B=0c 20 cd 06 20
    ctxA 62 00 cc 81 60 07 00 00 ff ff 00 00 4a 00 00 00
    ctxB 0c 20 cd 06 20 07 00 00 ff ff 00 00 39 b0 00 00
  [2014:2015] (2B) tail A=4a 00 B=39 b0
    ctxA 4a 00 00 00 6a 00 cc 81 40 07 00 00 ff ff 00 00
    ctxB 39 b0 00 00 09 de cd 0a 20 07 00 00 ff ff 00 00
  [2018:2022] (5B) tail A=6a 00 cc 81 40 B=09 de cd 0a 20
    ctxA 6a 00 cc 81 40 07 00 00 ff ff 00 00 47 a2 00 00
    ctxB 09 de cd 0a 20 07 00 00 ff ff 00 00 3a 1d 00 00
  [2030:2031] (2B) tail A=47 a2 B=3a 1d
    ctxA 47 a2 00 00 62 ba cc 82 20 07 00 00 00 33 00 00
    ctxB 3a 1d 00 00 19 e8 c0 2d 20 00 00 00 00 1f 00 00
  [2034:2037] (4B) tail A=62 ba cc 82 B=19 e8 c0 2d
    ctxA 62 ba cc 82 20 07 00 00 00 33 00 00 46 64 00 00
    ctxB 19 e8 c0 2d 20 00 00 00 00 1f 00 00 43 5b 00 00
  [2039:2039] (1B) tail A=07 B=00
    ctxA 07 00 00 00 33 00 00 46 64 00 00 68 7a cd 03 00
    ctxB 00 00 00 00 1f 00 00 43 5b 00 00 07 dd cc 82 20
  [2043:2043] (1B) tail A=33 B=1f
    ctxA 33 00 00 46 64 00 00 68 7a cd 03 00 07 00 00 00
    ctxB 1f 00 00 43 5b 00 00 07 dd cc 82 20 07 00 00 00
  [2046:2047] (2B) tail A=46 64 B=43 5b
    ctxA 46 64 00 00 68 7a cd 03 00 07 00 00 00 31 00 00
    ctxB 43 5b 00 00 07 dd cc 82 20 07 00 00 00 0f 00 00
  [2050:2054] (5B) tail A=68 7a cd 03 00 B=07 dd cc 82 20
    ctxA 68 7a cd 03 00 07 00 00 00 31 00 00 4e f3 00 00
    ctxB 07 dd cc 82 20 07 00 00 00 0f 00 00 4f a0 00 00
  [2059:2059] (1B) tail A=31 B=0f
    ctxA 31 00 00 4e f3 00 00 64 a0 cd 05 20 07 00 00 ff
    ctxB 0f 00 00 4f a0 00 00 1c eb cc 82 20 07 00 00 00
  [2062:2063] (2B) tail A=4e f3 B=4f a0
    ctxA 4e f3 00 00 64 a0 cd 05 20 07 00 00 ff ff 00 00
    ctxB 4f a0 00 00 1c eb cc 82 20 07 00 00 00 07 00 00
  [2066:2069] (4B) tail A=64 a0 cd 05 B=1c eb cc 82
    ctxA 64 a0 cd 05 20 07 00 00 ff ff 00 00 56 a2 00 00
    ctxB 1c eb cc 82 20 07 00 00 00 07 00 00 6a 00 00 00
  [2074:2075] (2B) tail A=ff ff B=00 07
    ctxA ff ff 00 00 56 a2 00 00 62 db cd 08 20 07 00 00
    ctxB 00 07 00 00 6a 00 00 00 0a 00 c0 00 20 07 00 00
  [2078:2079] (2B) tail A=56 a2 B=6a 00
    ctxA 56 a2 00 00 62 db cd 08 20 07 00 00 ff ff 00 00
    ctxB 6a 00 00 00 0a 00 c0 00 20 07 00 00 ff ff 00 00
  [2082:2085] (4B) tail A=62 db cd 08 B=0a 00 c0 00
    ctxA 62 db cd 08 20 07 00 00 ff ff 00 00 5b ae 00 00
    ctxB 0a 00 c0 00 20 07 00 00 ff ff 00 00 19 77 00 00
  [2094:2095] (2B) tail A=5b ae B=19 77
    ctxA 5b ae 00 00 6a f7 cd 0b 20 07 00 00 ff ff 00 00
    ctxB 19 77 00 00 08 7e c1 1d 20 07 00 00 00 00 00 00
  [2098:2101] (4B) tail A=6a f7 cd 0b B=08 7e c1 1d
    ctxA 6a f7 cd 0b 20 07 00 00 ff ff 00 00 6e 00 00 00
    ctxB 08 7e c1 1d 20 07 00 00 00 00 00 00 3a 52 00 00
  [2106:2107] (2B) tail A=ff ff B=00 00
    ctxA ff ff 00 00 6e 00 00 00 7a 00 cc 81 60 07 00 00
    ctxB 00 00 00 00 3a 52 00 00 1a 02 c0 30 20 00 00 00
  [2110:2111] (2B) tail A=6e 00 B=3a 52
    ctxA 6e 00 00 00 7a 00 cc 81 60 07 00 00 ff ff 00 00
    ctxB 3a 52 00 00 1a 02 c0 30 20 00 00 00 00 31 00 00
  [2114:2119] (6B) tail A=7a 00 cc 81 60 07 B=1a 02 c0 30 20 00
    ctxA 7a 00 cc 81 60 07 00 00 ff ff 00 00 66 00 00 00
    ctxB 1a 02 c0 30 20 00 00 00 00 31 00 00 3a 6d 00 00
  [2122:2123] (2B) tail A=ff ff B=00 31
    ctxA ff ff 00 00 66 00 00 00 7a 00 cc 80 60 07 00 00
    ctxB 00 31 00 00 3a 6d 00 00 19 e1 c0 30 20 00 00 00
  [2126:2127] (2B) tail A=66 00 B=3a 6d
    ctxA 66 00 00 00 7a 00 cc 80 60 07 00 00 ff ff 00 00
    ctxB 3a 6d 00 00 19 e1 c0 30 20 00 00 00 00 36 00 00
  [2130:2135] (6B) tail A=7a 00 cc 80 60 07 B=19 e1 c0 30 20 00
    ctxA 7a 00 cc 80 60 07 00 00 ff ff 00 00 6e 00 00 00
    ctxB 19 e1 c0 30 20 00 00 00 00 36 00 00 3a 53 00 00
  [2138:2139] (2B) tail A=ff ff B=00 36
    ctxA ff ff 00 00 6e 00 00 00 72 00 cc 80 60 07 00 00
    ctxB 00 36 00 00 3a 53 00 00 19 f1 c0 15 20 00 00 00
  [2142:2143] (2B) tail A=6e 00 B=3a 53
    ctxA 6e 00 00 00 72 00 cc 80 60 07 00 00 ff ff 00 00
    ctxB 3a 53 00 00 19 f1 c0 15 20 00 00 00 00 37 00 00
  [2146:2151] (6B) tail A=72 00 cc 80 60 07 B=19 f1 c0 15 20 00
    ctxA 72 00 cc 80 60 07 00 00 ff ff 00 00 6c 9e 00 00
    ctxB 19 f1 c0 15 20 00 00 00 00 37 00 00 1e 92 00 00
  [2154:2155] (2B) tail A=ff ff B=00 37
    ctxA ff ff 00 00 6c 9e 00 00 7a 4d cc 82 20 07 00 00
    ctxB 00 37 00 00 1e 92 00 00 06 58 c0 30 20 07 00 00
  [2158:2159] (2B) tail A=6c 9e B=1e 92
    ctxA 6c 9e 00 00 7a 4d cc 82 20 07 00 00 00 3a 00 00
    ctxB 1e 92 00 00 06 58 c0 30 20 07 00 00 ff fe 00 00
  [2162:2165] (4B) tail A=7a 4d cc 82 B=06 58 c0 30
    ctxA 7a 4d cc 82 20 07 00 00 00 3a 00 00 6a 00 00 00
    ctxB 06 58 c0 30 20 07 00 00 ff fe 00 00 26 00 00 00
  [2170:2171] (2B) tail A=00 3a B=ff fe
    ctxA 00 3a 00 00 6a 00 00 00 7a 00 cc 80 60 07 00 00
    ctxB ff fe 00 00 26 00 00 00 1c 6d c2 85 e0 07 00 00
  [2174:2174] (1B) tail A=6a B=26
    ctxA 6a 00 00 00 7a 00 cc 80 60 07 00 00 ff ff 00 00
    ctxB 26 00 00 00 1c 6d c2 85 e0 07 00 00 ff ff 00 00
  [2178:2182] (5B) tail A=7a 00 cc 80 60 B=1c 6d c2 85 e0
    ctxA 7a 00 cc 80 60 07 00 00 ff ff 00 00 65 66 00 00
    ctxB 1c 6d c2 85 e0 07 00 00 ff ff 00 00 26 15 00 00
  [2190:2191] (2B) tail A=65 66 B=26 15
    ctxA 65 66 00 00 71 8a cd 0a 20 07 00 00 ff ff 00 00
    ctxB 26 15 00 00 18 f3 c2 85 e0 07 00 00 ff ff 00 00
  [2194:2198] (5B) tail A=71 8a cd 0a 20 B=18 f3 c2 85 e0
    ctxA 71 8a cd 0a 20 07 00 00 ff ff 00 00 5c 1b 00 00
    ctxB 18 f3 c2 85 e0 07 00 00 ff ff 00 00 23 1d 00 00
  [2206:2207] (2B) tail A=5c 1b B=23 1d
    ctxA 5c 1b 00 00 78 d6 cd 00 20 07 00 00 ff ff 00 00
    ctxB 23 1d 00 00 1a ef c2 85 e0 07 00 00 ff ff 00 00
  [2210:2214] (5B) tail A=78 d6 cd 00 20 B=1a ef c2 85 e0
    ctxA 78 d6 cd 00 20 07 00 00 ff ff 00 00 59 93 00 00
    ctxB 1a ef c2 85 e0 07 00 00 ff ff 00 00 33 f4 00 00
  [2222:2223] (2B) tail A=59 93 B=33 f4
    ctxA 59 93 00 00 73 d9 cd 0d 00 07 00 00 ff ff 00 00
    ctxB 33 f4 00 00 17 0e cc 82 20 07 00 00 00 17 00 00
  [2226:2230] (5B) tail A=73 d9 cd 0d 00 B=17 0e cc 82 20
    ctxA 73 d9 cd 0d 00 07 00 00 ff ff 00 00 36 3e 00 00
    ctxB 17 0e cc 82 20 07 00 00 00 17 00 00 26 1a 00 00
  [2234:2235] (2B) tail A=ff ff B=00 17
    ctxA ff ff 00 00 36 3e 00 00 78 61 cd 0e 00 07 00 00
    ctxB 00 17 00 00 26 1a 00 00 24 83 c2 08 e0 07 00 00
  [2238:2239] (2B) tail A=36 3e B=26 1a
    ctxA 36 3e 00 00 78 61 cd 0e 00 07 00 00 00 20 00 00
    ctxB 26 1a 00 00 24 83 c2 08 e0 07 00 00 ff ff 00 00
  [2242:2246] (5B) tail A=78 61 cd 0e 00 B=24 83 c2 08 e0
    ctxA 78 61 cd 0e 00 07 00 00 00 20 00 00 3c bc 00 00
    ctxB 24 83 c2 08 e0 07 00 00 ff ff 00 00 19 f5 00 00
  [2250:2251] (2B) tail A=00 20 B=ff ff
    ctxA 00 20 00 00 3c bc 00 00 74 91 cd 01 00 07 00 00
    ctxB ff ff 00 00 19 f5 00 00 1e 89 c2 08 e0 07 00 00
  [2254:2255] (2B) tail A=3c bc B=19 f5
    ctxA 3c bc 00 00 74 91 cd 01 00 07 00 00 ff ff 00 00
    ctxB 19 f5 00 00 1e 89 c2 08 e0 07 00 00 ff ff 00 00
  [2258:2262] (5B) tail A=74 91 cd 01 00 B=1e 89 c2 08 e0
    ctxA 74 91 cd 01 00 07 00 00 ff ff 00 00 45 91 00 00
    ctxB 1e 89 c2 08 e0 07 00 00 ff ff 00 00 1a 4c 00 00
  [2270:2271] (2B) tail A=45 91 B=1a 4c
    ctxA 45 91 00 00 71 9e c1 00 c0 07 00 00 ff ff 00 00
    ctxB 1a 4c 00 00 15 ca c2 08 e0 07 00 00 ff ff 00 00
  [2274:2278] (5B) tail A=71 9e c1 00 c0 B=15 ca c2 08 e0
    ctxA 71 9e c1 00 c0 07 00 00 ff ff 00 00 45 12 00 00
    ctxB 15 ca c2 08 e0 07 00 00 ff ff 00 00 1a 23 00 00
  [2286:2287] (2B) tail A=45 12 B=1a 23
    ctxA 45 12 00 00 7a 02 c1 00 c0 07 00 00 ff ff 00 00
    ctxB 1a 23 00 00 2e 46 c2 08 e0 07 00 00 ff ff 00 00
  [2290:2294] (5B) tail A=7a 02 c1 00 c0 B=2e 46 c2 08 e0
    ctxA 7a 02 c1 00 c0 07 00 00 ff ff 00 00 49 30 00 00
    ctxB 2e 46 c2 08 e0 07 00 00 ff ff 00 00 13 49 00 00
  [2302:2303] (2B) tail A=49 30 B=13 49
    ctxA 49 30 00 00 78 ce cd 04 00 07 00 00 ff ff 00 00
    ctxB 13 49 00 00 26 05 c2 08 e0 07 00 00 ff ff 00 00
  [2306:2310] (5B) tail A=78 ce cd 04 00 B=26 05 c2 08 e0
    ctxA 78 ce cd 04 00 07 00 00 ff ff 00 00 3a 91 00 00
    ctxB 26 05 c2 08 e0 07 00 00 ff ff 00 00 29 60 00 00
  [2318:2319] (2B) tail A=3a 91 B=29 60
    ctxA 3a 91 00 00 65 85 cd 09 00 07 00 00 ff ff 00 00
    ctxB 29 60 00 00 2e 00 c2 08 e0 07 00 00 ff ff 00 00
  [2322:2326] (5B) tail A=65 85 cd 09 00 B=2e 00 c2 08 e0
    ctxA 65 85 cd 09 00 07 00 00 ff ff 00 00 3e 98 00 00
    ctxB 2e 00 c2 08 e0 07 00 00 ff ff 00 00 24 14 00 00
  [2334:2335] (2B) tail A=3e 98 B=24 14
    ctxA 3e 98 00 00 62 af cd 0f 00 07 00 00 ff ff 00 00
    ctxB 24 14 00 00 16 26 cd 01 20 07 00 00 ff ff 00 00
  [2338:2339] (2B) tail A=62 af B=16 26
    ctxA 62 af cd 0f 00 07 00 00 ff ff 00 00 37 cd 00 00
    ctxB 16 26 cd 01 20 07 00 00 ff ff 00 00 29 33 00 00
  [2341:2342] (2B) tail A=0f 00 B=01 20
    ctxA 0f 00 07 00 00 ff ff 00 00 37 cd 00 00 64 ae c1
    ctxB 01 20 07 00 00 ff ff 00 00 29 33 00 00 1d ee cd
  [2350:2351] (2B) tail A=37 cd B=29 33
    ctxA 37 cd 00 00 64 ae c1 00 c0 07 00 00 ff ff 00 00
    ctxB 29 33 00 00 1d ee cd 04 20 07 00 00 ff ff 00 00
  [2354:2358] (5B) tail A=64 ae c1 00 c0 B=1d ee cd 04 20
    ctxA 64 ae c1 00 c0 07 00 00 ff ff 00 00 3c 86 00 00
    ctxB 1d ee cd 04 20 07 00 00 ff ff 00 00 2a 3b 00 00
  [2366:2367] (2B) tail A=3c 86 B=2a 3b
    ctxA 3c 86 00 00 68 24 c1 00 c0 07 00 00 ff ff 00 00
    ctxB 2a 3b 00 00 27 4f cd 03 20 07 00 00 ff ff 00 00
  [2370:2374] (5B) tail A=68 24 c1 00 c0 B=27 4f cd 03 20
    ctxA 68 24 c1 00 c0 07 00 00 ff ff 00 00 36 0d 00 00
    ctxB 27 4f cd 03 20 07 00 00 ff ff 00 00 21 bd 00 00
  [2382:2383] (2B) tail A=36 0d B=21 bd
    ctxA 36 0d 00 00 6a 6b c1 00 c0 07 00 00 ff ff 00 00
    ctxB 21 bd 00 00 2c 46 cd 06 20 07 00 00 ff ff 00 00
  [2386:2390] (5B) tail A=6a 6b c1 00 c0 B=2c 46 cd 06 20
    ctxA 6a 6b c1 00 c0 07 00 00 ff ff 00 00 26 00 00 00
    ctxB 2c 46 cd 06 20 07 00 00 ff ff 00 00 12 fc 00 00
  [2398:2399] (2B) tail A=26 00 B=12 fc
    ctxA 26 00 00 00 6a 00 cc 80 40 07 00 00 ff ff 00 00
    ctxB 12 fc 00 00 2b 56 cd 10 20 07 00 00 ff ff 00 00
  [2402:2406] (5B) tail A=6a 00 cc 80 40 B=2b 56 cd 10 20
    ctxA 6a 00 cc 80 40 07 00 00 ff ff 00 00 26 00 00 00
    ctxB 2b 56 cd 10 20 07 00 00 ff ff 00 00 12 7d 00 00
  [2414:2415] (2B) tail A=26 00 B=12 7d
    ctxA 26 00 00 00 62 00 cc 80 40 07 00 00 ff ff 00 00
    ctxB 12 7d 00 00 2d e8 cd 81 20 07 00 00 ff ff 00 00
  [2418:2422] (5B) tail A=62 00 cc 80 40 B=2d e8 cd 81 20
    ctxA 62 00 cc 80 40 07 00 00 ff ff 00 00 26 00 00 00
    ctxB 2d e8 cd 81 20 07 00 00 ff ff 00 00 16 0e 00 00
  [2430:2431] (2B) tail A=26 00 B=16 0e
    ctxA 26 00 00 00 66 00 cc 81 40 07 00 00 ff ff 00 00
    ctxB 16 0e 00 00 21 24 cd 0c 20 07 00 00 ff ff 00 00
  [2434:2438] (5B) tail A=66 00 cc 81 40 B=21 24 cd 0c 20
    ctxA 66 00 cc 81 40 07 00 00 ff ff 00 00 2a 00 00 00
    ctxB 21 24 cd 0c 20 07 00 00 ff ff 00 00 12 73 00 00
  [2446:2447] (2B) tail A=2a 00 B=12 73
    ctxA 2a 00 00 00 62 00 cc 80 40 07 00 00 ff ff 00 00
    ctxB 12 73 00 00 18 27 cd 0a 20 07 00 00 ff ff 00 00
  [2450:2454] (5B) tail A=62 00 cc 80 40 B=18 27 cd 0a 20
    ctxA 62 00 cc 80 40 07 00 00 ff ff 00 00 2e 00 00 00
    ctxB 18 27 cd 0a 20 07 00 00 ff ff 00 00 5f f3 00 00
  [2462:2463] (2B) tail A=2e 00 B=5f f3
    ctxA 2e 00 00 00 62 00 cc 80 40 07 00 00 ff ff 00 00
    ctxB 5f f3 00 00 17 a0 c2 85 e0 07 00 00 ff ff 00 00
  [2466:2470] (5B) tail A=62 00 cc 80 40 B=17 a0 c2 85 e0
    ctxA 62 00 cc 80 40 07 00 00 ff ff 00 00 27 40 00 00
    ctxB 17 a0 c2 85 e0 07 00 00 ff ff 00 00 60 10 00 00
  [2478:2479] (2B) tail A=27 40 B=60 10
    ctxA 27 40 00 00 66 a0 cc 82 00 07 00 00 00 4e 00 00
    ctxB 60 10 00 00 1d e9 c2 85 e0 07 00 00 ff ff 00 00
  [2482:2486] (5B) tail A=66 a0 cc 82 00 B=1d e9 c2 85 e0
    ctxA 66 a0 cc 82 00 07 00 00 00 4e 00 00 2c 21 00 00
    ctxB 1d e9 c2 85 e0 07 00 00 ff ff 00 00 5d 75 00 00
  [2490:2491] (2B) tail A=00 4e B=ff ff
    ctxA 00 4e 00 00 2c 21 00 00 63 7d cd 0c 00 07 00 00
    ctxB ff ff 00 00 5d 75 00 00 1b a5 c2 85 e0 07 00 00
  [2494:2495] (2B) tail A=2c 21 B=5d 75
    ctxA 2c 21 00 00 63 7d cd 0c 00 07 00 00 00 50 00 00
    ctxB 5d 75 00 00 1b a5 c2 85 e0 07 00 00 ff ff 00 00
  [2498:2502] (5B) tail A=63 7d cd 0c 00 B=1b a5 c2 85 e0
    ctxA 63 7d cd 0c 00 07 00 00 00 50 00 00 2c 81 00 00
    ctxB 1b a5 c2 85 e0 07 00 00 ff ff 00 00 59 f8 00 00
  [2506:2507] (2B) tail A=00 50 B=ff ff
    ctxA 00 50 00 00 2c 81 00 00 78 fe c0 2d 00 07 00 00
    ctxB ff ff 00 00 59 f8 00 00 25 e0 c2 08 e0 07 00 00
  [2510:2511] (2B) tail A=2c 81 B=59 f8
    ctxA 2c 81 00 00 78 fe c0 2d 00 07 00 00 ff ff 00 00
    ctxB 59 f8 00 00 25 e0 c2 08 e0 07 00 00 ff ff 00 00
  [2514:2518] (5B) tail A=78 fe c0 2d 00 B=25 e0 c2 08 e0
    ctxA 78 fe c0 2d 00 07 00 00 ff ff 00 00 2a 71 00 00
    ctxB 25 e0 c2 08 e0 07 00 00 ff ff 00 00 61 da 00 00
  [2526:2527] (2B) tail A=2a 71 B=61 da
    ctxA 2a 71 00 00 79 b4 cd 01 00 07 00 00 ff ff 00 00
    ctxB 61 da 00 00 25 4a c2 08 e0 07 00 00 ff ff 00 00
  [2530:2534] (5B) tail A=79 b4 cd 01 00 B=25 4a c2 08 e0
    ctxA 79 b4 cd 01 00 07 00 00 ff ff 00 00 25 96 00 00
    ctxB 25 4a c2 08 e0 07 00 00 ff ff 00 00 69 d4 00 00
  [2542:2543] (2B) tail A=25 96 B=69 d4
    ctxA 25 96 00 00 72 0e cd 0d 00 07 00 00 ff ff 00 00
    ctxB 69 d4 00 00 16 04 c2 08 e0 07 00 00 ff ff 00 00
  [2546:2550] (5B) tail A=72 0e cd 0d 00 B=16 04 c2 08 e0
    ctxA 72 0e cd 0d 00 07 00 00 ff ff 00 00 27 e7 00 00
    ctxB 16 04 c2 08 e0 07 00 00 ff ff 00 00 69 4b 00 00
  [2558:2559] (2B) tail A=27 e7 B=69 4b
    ctxA 27 e7 00 00 71 b2 c1 00 c0 07 00 00 00 55 00 00
    ctxB 69 4b 00 00 1e 16 c2 08 e0 07 00 00 ff ff 00 00
  [2562:2566] (5B) tail A=71 b2 c1 00 c0 B=1e 16 c2 08 e0
    ctxA 71 b2 c1 00 c0 07 00 00 00 55 00 00 25 45 00 00
    ctxB 1e 16 c2 08 e0 07 00 00 ff ff 00 00 70 d9 00 00
  [2570:2571] (2B) tail A=00 55 B=ff ff
    ctxA 00 55 00 00 25 45 00 00 7a 95 c1 00 c0 07 00 00
    ctxB ff ff 00 00 70 d9 00 00 1d b6 c2 08 e0 07 00 00
  [2574:2575] (2B) tail A=25 45 B=70 d9
    ctxA 25 45 00 00 7a 95 c1 00 c0 07 00 00 ff ff 00 00
    ctxB 70 d9 00 00 1d b6 c2 08 e0 07 00 00 ff ff 00 00
  [2578:2582] (5B) tail A=7a 95 c1 00 c0 B=1d b6 c2 08 e0
    ctxA 7a 95 c1 00 c0 07 00 00 ff ff 00 00 25 4c 00 00
    ctxB 1d b6 c2 08 e0 07 00 00 ff ff 00 00 72 55 00 00
  [2590:2591] (2B) tail A=25 4c B=72 55
    ctxA 25 4c 00 00 71 65 c1 00 c0 07 00 00 00 56 00 00
    ctxB 72 55 00 00 26 2a c2 85 e0 07 00 00 ff ff 00 00
  [2594:2598] (5B) tail A=71 65 c1 00 c0 B=26 2a c2 85 e0
    ctxA 71 65 c1 00 c0 07 00 00 00 56 00 00 14 3d 00 00
    ctxB 26 2a c2 85 e0 07 00 00 ff ff 00 00 67 1f 00 00
  [2602:2603] (2B) tail A=00 56 B=ff ff
    ctxA 00 56 00 00 14 3d 00 00 76 0c c1 00 c0 07 00 00
    ctxB ff ff 00 00 67 1f 00 00 29 a0 c2 85 e0 07 00 00
  [2606:2607] (2B) tail A=14 3d B=67 1f
    ctxA 14 3d 00 00 76 0c c1 00 c0 07 00 00 ff ff 00 00
    ctxB 67 1f 00 00 29 a0 c2 85 e0 07 00 00 ff ff 00 00
  [2610:2614] (5B) tail A=76 0c c1 00 c0 B=29 a0 c2 85 e0
    ctxA 76 0c c1 00 c0 07 00 00 ff ff 00 00 0d 44 00 00
    ctxB 29 a0 c2 85 e0 07 00 00 ff ff 00 00 71 b7 00 00
  [2622:2623] (2B) tail A=0d 44 B=71 b7
    ctxA 0d 44 00 00 72 bb cd 01 00 07 00 00 ff ff 00 00
    ctxB 71 b7 00 00 2d 4a cd 81 20 07 00 00 ff ff 00 00
  [2626:2627] (2B) tail A=72 bb B=2d 4a
    ctxA 72 bb cd 01 00 07 00 00 ff ff 00 00 0e 03 00 00
    ctxB 2d 4a cd 81 20 07 00 00 ff ff 00 00 39 e2 00 00
  [2629:2630] (2B) tail A=01 00 B=81 20
    ctxA 01 00 07 00 00 ff ff 00 00 0e 03 00 00 79 cb cd
    ctxB 81 20 07 00 00 ff ff 00 00 39 e2 00 00 19 e5 c0
  [2638:2639] (2B) tail A=0e 03 B=39 e2
    ctxA 0e 03 00 00 79 cb cd 04 00 07 00 00 ff ff 00 00
    ctxB 39 e2 00 00 19 e5 c0 30 20 00 00 00 00 38 00 00
  [2642:2647] (6B) tail A=79 cb cd 04 00 07 B=19 e5 c0 30 20 00
    ctxA 79 cb cd 04 00 07 00 00 ff ff 00 00 0c 07 00 00
    ctxB 19 e5 c0 30 20 00 00 00 00 38 00 00 5a 20 00 00
  [2650:2651] (2B) tail A=ff ff B=00 38
    ctxA ff ff 00 00 0c 07 00 00 73 52 cd 0d 00 07 00 00
    ctxB 00 38 00 00 5a 20 00 00 1a ad c2 08 e0 07 00 00
  [2654:2655] (2B) tail A=0c 07 B=5a 20
    ctxA 0c 07 00 00 73 52 cd 0d 00 07 00 00 00 5a 00 00
    ctxB 5a 20 00 00 1a ad c2 08 e0 07 00 00 ff ff 00 00
  [2658:2662] (5B) tail A=73 52 cd 0d 00 B=1a ad c2 08 e0
    ctxA 73 52 cd 0d 00 07 00 00 00 5a 00 00 06 00 00 00
    ctxB 1a ad c2 08 e0 07 00 00 ff ff 00 00 2a 95 00 00
  [2666:2667] (2B) tail A=00 5a B=ff ff
    ctxA 00 5a 00 00 06 00 00 00 62 00 cc 81 40 07 00 00
    ctxB ff ff 00 00 2a 95 00 00 1a 3a c2 08 e0 07 00 00
  [2670:2671] (2B) tail A=06 00 B=2a 95
    ctxA 06 00 00 00 62 00 cc 81 40 07 00 00 ff ff 00 00
    ctxB 2a 95 00 00 1a 3a c2 08 e0 07 00 00 ff ff 00 00
  [2674:2678] (5B) tail A=62 00 cc 81 40 B=1a 3a c2 08 e0
    ctxA 62 00 cc 81 40 07 00 00 ff ff 00 00 0e 00 00 00
    ctxB 1a 3a c2 08 e0 07 00 00 ff ff 00 00 16 00 00 00
  [2686:2686] (1B) tail A=0e B=16
    ctxA 0e 00 00 00 66 00 cc 81 40 07 00 00 ff ff 00 00
    ctxB 16 00 00 00 2a 00 c0 00 20 07 00 00 ff ff 00 00
  [2690:2690] (1B) tail A=66 B=2a
    ctxA 66 00 cc 81 40 07 00 00 ff ff 00 00 0e 00 00 00
    ctxB 2a 00 c0 00 20 07 00 00 ff ff 00 00 6e 00 00 00
  [2692:2694] (3B) tail A=cc 81 40 B=c0 00 20
    ctxA cc 81 40 07 00 00 ff ff 00 00 0e 00 00 00 62 00
    ctxB c0 00 20 07 00 00 ff ff 00 00 6e 00 00 00 2a 00
  [2702:2702] (1B) tail A=0e B=6e
    ctxA 0e 00 00 00 62 00 cc 80 40 07 00 00 ff ff 00 00
    ctxB 6e 00 00 00 2a 00 c0 00 20 07 00 00 ff ff 00 00
  [2706:2706] (1B) tail A=62 B=2a
    ctxA 62 00 cc 80 40 07 00 00 ff ff 00 00 0e 00 00 00
    ctxB 2a 00 c0 00 20 07 00 00 ff ff 00 00 6d 84 00 00
  [2708:2710] (3B) tail A=cc 80 40 B=c0 00 20
    ctxA cc 80 40 07 00 00 ff ff 00 00 0e 00 00 00 6a 00
    ctxB c0 00 20 07 00 00 ff ff 00 00 6d 84 00 00 07 10
  [2718:2719] (2B) tail A=0e 00 B=6d 84
    ctxA 0e 00 00 00 6a 00 cc 80 40 07 00 00 ff ff 00 00
    ctxB 6d 84 00 00 07 10 cd 08 20 07 00 00 ff ff 00 00
  [2722:2726] (5B) tail A=6a 00 cc 80 40 B=07 10 cd 08 20
    ctxA 6a 00 cc 80 40 07 00 00 ff ff 00 00 06 00 00 00
    ctxB 07 10 cd 08 20 07 00 00 ff ff 00 00 42 00 00 00
  [2734:2734] (1B) tail A=06 B=42
    ctxA 06 00 00 00 6a 00 cc 80 40 07 00 00 ff ff 00 00
    ctxB 42 00 00 00 1a 00 cd 83 20 07 00 00 ff ff 00 00
  [2738:2738] (1B) tail A=6a B=1a
    ctxA 6a 00 cc 80 40 07 00 00 ff ff 00 00 06 00 00 00
    ctxB 1a 00 cd 83 20 07 00 00 ff ff 00 00 1c e8 00 00
  [2740:2742] (3B) tail A=cc 80 40 B=cd 83 20
    ctxA cc 80 40 07 00 00 ff ff 00 00 06 00 00 00 66 00
    ctxB cd 83 20 07 00 00 ff ff 00 00 1c e8 00 00 0a 9e
  [2750:2751] (2B) tail A=06 00 B=1c e8
    ctxA 06 00 00 00 66 00 cc 80 40 07 00 00 ff ff 00 00
    ctxB 1c e8 00 00 0a 9e c1 1e 00 07 00 00 ff fe 00 00
  [2754:2758] (5B) tail A=66 00 cc 80 40 B=0a 9e c1 1e 00
    ctxA 66 00 cc 80 40 07 00 00 ff ff 00 00 06 a4 00 00
    ctxB 0a 9e c1 1e 00 07 00 00 ff fe 00 00 3e 00 00 00
  [2763:2763] (1B) tail A=ff B=fe
    ctxA ff 00 00 06 a4 00 00 63 b3 cc 82 00 07 00 00 00
    ctxB fe 00 00 3e 00 00 00 4a 00 cc 80 60 07 00 00 ff
  [2766:2767] (2B) tail A=06 a4 B=3e 00
    ctxA 06 a4 00 00 63 b3 cc 82 00 07 00 00 00 5d 00 00
    ctxB 3e 00 00 00 4a 00 cc 80 60 07 00 00 ff ff 00 00
  [2770:2771] (2B) tail A=63 b3 B=4a 00
    ctxA 63 b3 cc 82 00 07 00 00 00 5d 00 00 0d 11 00 00
    ctxB 4a 00 cc 80 60 07 00 00 ff ff 00 00 3e 00 00 00
  [2773:2774] (2B) tail A=82 00 B=80 60
    ctxA 82 00 07 00 00 00 5d 00 00 0d 11 00 00 64 59 cd
    ctxB 80 60 07 00 00 ff ff 00 00 3e 00 00 00 4e 00 cc
  [2778:2779] (2B) tail A=00 5d B=ff ff
    ctxA 00 5d 00 00 0d 11 00 00 64 59 cd 03 00 07 00 00
    ctxB ff ff 00 00 3e 00 00 00 4e 00 cc 80 60 07 00 00
  [2782:2783] (2B) tail A=0d 11 B=3e 00
    ctxA 0d 11 00 00 64 59 cd 03 00 07 00 00 00 5e 00 00
    ctxB 3e 00 00 00 4e 00 cc 80 60 07 00 00 ff ff 00 00
  [2786:2790] (5B) tail A=64 59 cd 03 00 B=4e 00 cc 80 60
    ctxA 64 59 cd 03 00 07 00 00 00 5e 00 00 05 3c 00 00
    ctxB 4e 00 cc 80 60 07 00 00 ff ff 00 00 3e 00 00 00
  [2794:2795] (2B) tail A=00 5e B=ff ff
    ctxA 00 5e 00 00 05 3c 00 00 67 7e cd 0d 00 07 00 00
    ctxB ff ff 00 00 3e 00 00 00 46 00 cc 80 60 07 00 00
  [2798:2799] (2B) tail A=05 3c B=3e 00
    ctxA 05 3c 00 00 67 7e cd 0d 00 07 00 00 00 62 00 00
    ctxB 3e 00 00 00 46 00 cc 80 60 07 00 00 ff ff 00 00
  [2802:2806] (5B) tail A=67 7e cd 0d 00 B=46 00 cc 80 60
    ctxA 67 7e cd 0d 00 07 00 00 00 62 00 00 09 5c 00 00
    ctxB 46 00 cc 80 60 07 00 00 ff ff 00 00 3e 00 00 00
  [2810:2811] (2B) tail A=00 62 B=ff ff
    ctxA 00 62 00 00 09 5c 00 00 69 9e c1 00 c0 07 00 00
    ctxB ff ff 00 00 3e 00 00 00 56 00 cc 80 60 07 00 00
  [2814:2815] (2B) tail A=09 5c B=3e 00
    ctxA 09 5c 00 00 69 9e c1 00 c0 07 00 00 ff ff 00 00
    ctxB 3e 00 00 00 56 00 cc 80 60 07 00 00 ff ff 00 00
  [2818:2822] (5B) tail A=69 9e c1 00 c0 B=56 00 cc 80 60
    ctxA 69 9e c1 00 c0 07 00 00 ff ff 00 00 05 57 00 00
    ctxB 56 00 cc 80 60 07 00 00 ff ff 00 00 29 56 00 00
  [2830:2831] (2B) tail A=05 57 B=29 56
    ctxA 05 57 00 00 5a 20 c1 00 c0 07 00 00 ff ff 00 00
    ctxB 29 56 00 00 2c c0 cd 0b 20 07 00 00 00 43 00 00
  [2834:2838] (5B) tail A=5a 20 c1 00 c0 B=2c c0 cd 0b 20
    ctxA 5a 20 c1 00 c0 07 00 00 ff ff 00 00 06 b2 00 00
    ctxB 2c c0 cd 0b 20 07 00 00 00 43 00 00 1a 32 00 00
  [2842:2843] (2B) tail A=ff ff B=00 43
    ctxA ff ff 00 00 06 b2 00 00 53 08 cd 03 00 07 00 00
    ctxB 00 43 00 00 1a 32 00 00 25 8f cd 0a 20 07 00 00
  [2846:2847] (2B) tail A=06 b2 B=1a 32
    ctxA 06 b2 00 00 53 08 cd 03 00 07 00 00 ff ff 00 00
    ctxB 1a 32 00 00 25 8f cd 0a 20 07 00 00 ff ff 00 00
  [2850:2851] (2B) tail A=53 08 B=25 8f
    ctxA 53 08 cd 03 00 07 00 00 ff ff 00 00 0b 31 00 00
    ctxB 25 8f cd 0a 20 07 00 00 ff ff 00 00 3e 00 00 00
  [2853:2854] (2B) tail A=03 00 B=0a 20
    ctxA 03 00 07 00 00 ff ff 00 00 0b 31 00 00 55 f0 cd
    ctxB 0a 20 07 00 00 ff ff 00 00 3e 00 00 00 5a 00 cc
  [2862:2863] (2B) tail A=0b 31 B=3e 00
    ctxA 0b 31 00 00 55 f0 cd 02 00 07 00 00 ff ff 00 00
    ctxB 3e 00 00 00 5a 00 cc 80 60 07 00 00 ff ff 00 00
  [2866:2870] (5B) tail A=55 f0 cd 02 00 B=5a 00 cc 80 60
    ctxA 55 f0 cd 02 00 07 00 00 ff ff 00 00 0e 51 00 00
    ctxB 5a 00 cc 80 60 07 00 00 ff ff 00 00 3e 00 00 00
  [2878:2879] (2B) tail A=0e 51 B=3e 00
    ctxA 0e 51 00 00 53 0f cd 10 00 07 00 00 ff ff 00 00
    ctxB 3e 00 00 00 5e 00 cc 80 60 07 00 00 ff ff 00 00
  [2882:2886] (5B) tail A=53 0f cd 10 00 B=5e 00 cc 80 60
    ctxA 53 0f cd 10 00 07 00 00 ff ff 00 00 19 93 00 00
    ctxB 5e 00 cc 80 60 07 00 00 ff ff 00 00 46 00 00 00
  [2894:2895] (2B) tail A=19 93 B=46 00
    ctxA 19 93 00 00 60 97 c1 00 c0 07 00 00 ff ff 00 00
    ctxB 46 00 00 00 5e 00 cc 80 60 07 00 00 ff ff 00 00
  [2898:2902] (5B) tail A=60 97 c1 00 c0 B=5e 00 cc 80 60
    ctxA 60 97 c1 00 c0 07 00 00 ff ff 00 00 28 4f 00 00
    ctxB 5e 00 cc 80 60 07 00 00 ff ff 00 00 46 00 00 00
  [2910:2911] (2B) tail A=28 4f B=46 00
    ctxA 28 4f 00 00 56 42 c1 00 c0 07 00 00 ff ff 00 00
    ctxB 46 00 00 00 5a 00 cc 81 60 07 00 00 ff ff 00 00
  [2914:2918] (5B) tail A=56 42 c1 00 c0 B=5a 00 cc 81 60
    ctxA 56 42 c1 00 c0 07 00 00 ff ff 00 00 25 cb 00 00
    ctxB 5a 00 cc 81 60 07 00 00 ff ff 00 00 46 00 00 00
  [2926:2927] (2B) tail A=25 cb B=46 00
    ctxA 25 cb 00 00 56 43 c1 00 c0 07 00 00 ff ff 00 00
    ctxB 46 00 00 00 56 00 cc 80 60 07 00 00 ff ff 00 00
  [2931:2934] (4B) tail A=43 c1 00 c0 B=00 cc 80 60
    ctxA 43 c1 00 c0 07 00 00 ff ff 00 00 19 f2 00 00 4c
    ctxB 00 cc 80 60 07 00 00 ff ff 00 00 46 00 00 00 46
  [2942:2943] (2B) tail A=19 f2 B=46 00
    ctxA 19 f2 00 00 4c 41 c1 00 c0 07 00 00 ff ff 00 00
    ctxB 46 00 00 00 46 00 cc 80 60 07 00 00 ff ff 00 00
  [2946:2950] (5B) tail A=4c 41 c1 00 c0 B=46 00 cc 80 60
    ctxA 4c 41 c1 00 c0 07 00 00 ff ff 00 00 1d 6f 00 00
    ctxB 46 00 cc 80 60 07 00 00 ff ff 00 00 46 00 00 00
  [2958:2959] (2B) tail A=1d 6f B=46 00
    ctxA 1d 6f 00 00 52 83 cd 05 00 07 00 00 ff ff 00 00
    ctxB 46 00 00 00 4a 00 cc 81 60 07 00 00 ff ff 00 00
  [2962:2966] (5B) tail A=52 83 cd 05 00 B=4a 00 cc 81 60
    ctxA 52 83 cd 05 00 07 00 00 ff ff 00 00 1a f1 00 00
    ctxB 4a 00 cc 81 60 07 00 00 ff ff 00 00 46 00 00 00
  [2974:2975] (2B) tail A=1a f1 B=46 00
    ctxA 1a f1 00 00 5a 4a cd 0e 00 07 00 00 ff ff 00 00
    ctxB 46 00 00 00 4e 00 cc 80 60 07 00 00 ff ff 00 00
  [2978:2982] (5B) tail A=5a 4a cd 0e 00 B=4e 00 cc 80 60
    ctxA 5a 4a cd 0e 00 07 00 00 ff ff 00 00 2c d8 00 00
    ctxB 4e 00 cc 80 60 07 00 00 ff ff 00 00 3e 00 00 00
  [2990:2991] (2B) tail A=2c d8 B=3e 00
    ctxA 2c d8 00 00 51 73 cd 08 00 07 00 00 00 0f 00 00
    ctxB 3e 00 00 00 42 00 cc 81 60 07 00 00 ff ff 00 00
  [2994:2998] (5B) tail A=51 73 cd 08 00 B=42 00 cc 81 60
    ctxA 51 73 cd 08 00 07 00 00 00 0f 00 00 32 16 00 00
    ctxB 42 00 cc 81 60 07 00 00 ff ff 00 00 46 00 00 00
  [3002:3003] (2B) tail A=00 0f B=ff ff
    ctxA 00 0f 00 00 32 16 00 00 58 11 cd 0d 00 07 00 00
    ctxB ff ff 00 00 46 00 00 00 42 00 cc 80 60 07 00 00
  [3006:3007] (2B) tail A=32 16 B=46 00
    ctxA 32 16 00 00 58 11 cd 0d 00 07 00 00 00 0a 00 00
    ctxB 46 00 00 00 42 00 cc 80 60 07 00 00 ff ff 00 00
  [3010:3014] (5B) tail A=58 11 cd 0d 00 B=42 00 cc 80 60
    ctxA 58 11 cd 0d 00 07 00 00 00 0a 00 00 36 74 00 00
    ctxB 42 00 cc 80 60 07 00 00 ff ff 00 00 43 32 00 00
  [3018:3019] (2B) tail A=00 0a B=ff ff
    ctxA 00 0a 00 00 36 74 00 00 55 30 c0 30 00 07 00 00
    ctxB ff ff 00 00 43 32 00 00 46 7f cd 08 20 07 00 00
  [3022:3023] (2B) tail A=36 74 B=43 32
    ctxA 36 74 00 00 55 30 c0 30 00 07 00 00 ff ff 00 00
    ctxB 43 32 00 00 46 7f cd 08 20 07 00 00 ff ff 00 00
  [3026:3030] (5B) tail A=55 30 c0 30 00 B=46 7f cd 08 20
    ctxA 55 30 c0 30 00 07 00 00 ff ff 00 00 15 28 00 00
    ctxB 46 7f cd 08 20 07 00 00 ff ff 00 00 3f e4 00 00
  [3038:3039] (2B) tail A=15 28 B=3f e4
    ctxA 15 28 00 00 42 6f cd 0d 00 07 00 00 ff ff 00 00
    ctxB 3f e4 00 00 4c 91 cd 10 20 07 00 00 00 60 00 00
  [3042:3043] (2B) tail A=42 6f B=4c 91
    ctxA 42 6f cd 0d 00 07 00 00 ff ff 00 00 19 da 00 00
    ctxB 4c 91 cd 10 20 07 00 00 00 60 00 00 42 45 00 00
  [3045:3046] (2B) tail A=0d 00 B=10 20
    ctxA 0d 00 07 00 00 ff ff 00 00 19 da 00 00 45 b1 cd
    ctxB 10 20 07 00 00 00 60 00 00 42 45 00 00 40 6d cd
  [3050:3051] (2B) tail A=ff ff B=00 60
    ctxA ff ff 00 00 19 da 00 00 45 b1 cd 01 00 07 00 00
    ctxB 00 60 00 00 42 45 00 00 40 6d cd 09 20 07 00 00
  [3054:3055] (2B) tail A=19 da B=42 45
    ctxA 19 da 00 00 45 b1 cd 01 00 07 00 00 ff ff 00 00
    ctxB 42 45 00 00 40 6d cd 09 20 07 00 00 ff ff 00 00
  [3058:3059] (2B) tail A=45 b1 B=40 6d
    ctxA 45 b1 cd 01 00 07 00 00 ff ff 00 00 20 bf 00 00
    ctxB 40 6d cd 09 20 07 00 00 ff ff 00 00 3a 31 00 00
  [3061:3062] (2B) tail A=01 00 B=09 20
    ctxA 01 00 07 00 00 ff ff 00 00 20 bf 00 00 46 d4 cd
    ctxB 09 20 07 00 00 ff ff 00 00 3a 31 00 00 19 ed c0
  [3070:3071] (2B) tail A=20 bf B=3a 31
    ctxA 20 bf 00 00 46 d4 cd 04 00 07 00 00 ff ff 00 00
    ctxB 3a 31 00 00 19 ed c0 30 20 00 00 00 00 57 00 00
  [3074:3079] (6B) tail A=46 d4 cd 04 00 07 B=19 ed c0 30 20 00
    ctxA 46 d4 cd 04 00 07 00 00 ff ff 00 00 29 01 00 00
    ctxB 19 ed c0 30 20 00 00 00 00 57 00 00 45 6d 00 00
  [3082:3083] (2B) tail A=ff ff B=00 57
    ctxA ff ff 00 00 29 01 00 00 44 a7 cd 0d 00 07 00 00
    ctxB 00 57 00 00 45 6d 00 00 5b 7a cc 82 20 07 00 00
  [3086:3087] (2B) tail A=29 01 B=45 6d
    ctxA 29 01 00 00 44 a7 cd 0d 00 07 00 00 ff ff 00 00
    ctxB 45 6d 00 00 5b 7a cc 82 20 07 00 00 00 68 00 00
  [3090:3094] (5B) tail A=44 a7 cd 0d 00 B=5b 7a cc 82 20
    ctxA 44 a7 cd 0d 00 07 00 00 ff ff 00 00 25 b8 00 00
    ctxB 5b 7a cc 82 20 07 00 00 00 68 00 00 43 bc 00 00
  [3098:3099] (2B) tail A=ff ff B=00 68
    ctxA ff ff 00 00 25 b8 00 00 2b 82 c1 00 e0 07 00 00
    ctxB 00 68 00 00 43 bc 00 00 5c 28 cd 08 20 07 00 00
  [3102:3103] (2B) tail A=25 b8 B=43 bc
    ctxA 25 b8 00 00 2b 82 c1 00 e0 07 00 00 ff ff 00 00
    ctxB 43 bc 00 00 5c 28 cd 08 20 07 00 00 ff ff 00 00
  [3106:3110] (5B) tail A=2b 82 c1 00 e0 B=5c 28 cd 08 20
    ctxA 2b 82 c1 00 e0 07 00 00 ff ff 00 00 2e 39 00 00
    ctxB 5c 28 cd 08 20 07 00 00 ff ff 00 00 61 54 00 00
  [3118:3119] (2B) tail A=2e 39 B=61 54
    ctxA 2e 39 00 00 2a b7 c1 00 c0 07 00 00 ff ff 00 00
    ctxB 61 54 00 00 16 45 cd 01 20 07 00 00 ff ff 00 00
  [3122:3126] (5B) tail A=2a b7 c1 00 c0 B=16 45 cd 01 20
    ctxA 2a b7 c1 00 c0 07 00 00 ff ff 00 00 2a 2d 00 00
    ctxB 16 45 cd 01 20 07 00 00 ff ff 00 00 5e ee 00 00
  [3134:3135] (2B) tail A=2a 2d B=5e ee
    ctxA 2a 2d 00 00 26 e6 c1 00 e0 07 00 00 ff ff 00 00
    ctxB 5e ee 00 00 1d 79 cd 06 20 07 00 00 ff ff 00 00
  [3138:3142] (5B) tail A=26 e6 c1 00 e0 B=1d 79 cd 06 20
    ctxA 26 e6 c1 00 e0 07 00 00 ff ff 00 00 32 b8 00 00
    ctxB 1d 79 cd 06 20 07 00 00 ff ff 00 00 5a 4e 00 00
  [3150:3151] (2B) tail A=32 b8 B=5a 4e
    ctxA 32 b8 00 00 39 cd c1 00 e0 07 00 00 ff ff 00 00
    ctxB 5a 4e 00 00 2a 83 cd 0b 20 07 00 00 ff ff 00 00
  [3154:3158] (5B) tail A=39 cd c1 00 e0 B=2a 83 cd 0b 20
    ctxA 39 cd c1 00 e0 07 00 00 ff ff 00 00 2b b7 00 00
    ctxB 2a 83 cd 0b 20 07 00 00 ff ff 00 00 5a bc 00 00
  [3166:3167] (2B) tail A=2b b7 B=5a bc
    ctxA 2b b7 00 00 3b 2e cd 10 20 07 00 00 ff ff 00 00
    ctxB 5a bc 00 00 28 14 cd 0d 20 07 00 00 00 77 00 00
  [3170:3171] (2B) tail A=3b 2e B=28 14
    ctxA 3b 2e cd 10 20 07 00 00 ff ff 00 00 27 86 00 00
    ctxB 28 14 cd 0d 20 07 00 00 00 77 00 00 63 5d 00 00
  [3173:3173] (1B) tail A=10 B=0d
    ctxA 10 20 07 00 00 ff ff 00 00 27 86 00 00 2c eb cd
    ctxB 0d 20 07 00 00 00 77 00 00 63 5d 00 00 29 98 cd
  [3178:3179] (2B) tail A=ff ff B=00 77
    ctxA ff ff 00 00 27 86 00 00 2c eb cd 05 20 07 00 00
    ctxB 00 77 00 00 63 5d 00 00 29 98 cd 05 20 07 00 00
  [3182:3183] (2B) tail A=27 86 B=63 5d
    ctxA 27 86 00 00 2c eb cd 05 20 07 00 00 ff ff 00 00
    ctxB 63 5d 00 00 29 98 cd 05 20 07 00 00 ff ff 00 00
  [3186:3187] (2B) tail A=2c eb B=29 98
    ctxA 2c eb cd 05 20 07 00 00 ff ff 00 00 2c 7a 00 00
    ctxB 29 98 cd 05 20 07 00 00 ff ff 00 00 62 47 00 00
  [3198:3199] (2B) tail A=2c 7a B=62 47
    ctxA 2c 7a 00 00 29 92 cd 08 00 07 00 00 00 79 00 00
    ctxB 62 47 00 00 2d 65 cd 0e 20 07 00 00 ff ff 00 00
  [3202:3203] (2B) tail A=29 92 B=2d 65
    ctxA 29 92 cd 08 00 07 00 00 00 79 00 00 06 6d 00 00
    ctxB 2d 65 cd 0e 20 07 00 00 ff ff 00 00 71 f6 00 00
  [3205:3206] (2B) tail A=08 00 B=0e 20
    ctxA 08 00 07 00 00 00 79 00 00 06 6d 00 00 06 fb cd
    ctxB 0e 20 07 00 00 ff ff 00 00 71 f6 00 00 25 ea cd
  [3210:3211] (2B) tail A=00 79 B=ff ff
    ctxA 00 79 00 00 06 6d 00 00 06 fb cd 08 00 07 00 00
    ctxB ff ff 00 00 71 f6 00 00 25 ea cd 0a 20 07 00 00
  [3214:3215] (2B) tail A=06 6d B=71 f6
    ctxA 06 6d 00 00 06 fb cd 08 00 07 00 00 ff ff 00 00
    ctxB 71 f6 00 00 25 ea cd 0a 20 07 00 00 00 54 00 00
  [3218:3219] (2B) tail A=06 fb B=25 ea
    ctxA 06 fb cd 08 00 07 00 00 ff ff 00 00 26 00 00 00
    ctxB 25 ea cd 0a 20 07 00 00 00 54 00 00 71 d0 00 00
  [3221:3222] (2B) tail A=08 00 B=0a 20
    ctxA 08 00 07 00 00 ff ff 00 00 26 00 00 00 16 00 cc
    ctxB 0a 20 07 00 00 00 54 00 00 71 d0 00 00 18 83 cd
  [3226:3227] (2B) tail A=ff ff B=00 54
    ctxA ff ff 00 00 26 00 00 00 16 00 cc 81 40 07 00 00
    ctxB 00 54 00 00 71 d0 00 00 18 83 cd 0f 20 07 00 00
  [3230:3231] (2B) tail A=26 00 B=71 d0
    ctxA 26 00 00 00 16 00 cc 81 40 07 00 00 ff ff 00 00
    ctxB 71 d0 00 00 18 83 cd 0f 20 07 00 00 ff ff 00 00
  [3234:3238] (5B) tail A=16 00 cc 81 40 B=18 83 cd 0f 20
    ctxA 16 00 cc 81 40 07 00 00 ff ff 00 00 2a 00 00 00
    ctxB 18 83 cd 0f 20 07 00 00 ff ff 00 00 6e f5 00 00
  [3246:3247] (2B) tail A=2a 00 B=6e f5
    ctxA 2a 00 00 00 16 00 cc 80 40 07 00 00 ff ff 00 00
    ctxB 6e f5 00 00 1d 35 cd 00 20 07 00 00 ff ff 00 00
  [3250:3254] (5B) tail A=16 00 cc 80 40 B=1d 35 cd 00 20
    ctxA 16 00 cc 80 40 07 00 00 ff ff 00 00 2e 00 00 00
    ctxB 1d 35 cd 00 20 07 00 00 ff ff 00 00 6d 1a 00 00
  [3262:3263] (2B) tail A=2e 00 B=6d 1a
    ctxA 2e 00 00 00 16 00 cc 80 40 07 00 00 ff ff 00 00
    ctxB 6d 1a 00 00 1d 6a cd 06 20 07 00 00 00 7d 00 00
  [3266:3270] (5B) tail A=16 00 cc 80 40 B=1d 6a cd 06 20
    ctxA 16 00 cc 80 40 07 00 00 ff ff 00 00 27 5b 00 00
    ctxB 1d 6a cd 06 20 07 00 00 00 7d 00 00 5b 46 00 00
  [3274:3275] (2B) tail A=ff ff B=00 7d
    ctxA ff ff 00 00 27 5b 00 00 16 f1 cc 82 00 07 00 00
    ctxB 00 7d 00 00 5b 46 00 00 18 61 cd 03 20 07 00 00
  [3278:3279] (2B) tail A=27 5b B=5b 46
    ctxA 27 5b 00 00 16 f1 cc 82 00 07 00 00 00 80 00 00
    ctxB 5b 46 00 00 18 61 cd 03 20 07 00 00 00 58 00 00
  [3282:3286] (5B) tail A=16 f1 cc 82 00 B=18 61 cd 03 20
    ctxA 16 f1 cc 82 00 07 00 00 00 80 00 00 2e 63 00 00
    ctxB 18 61 cd 03 20 07 00 00 00 58 00 00 41 16 00 00
  [3291:3291] (1B) tail A=80 B=58
    ctxA 80 00 00 2e 63 00 00 18 12 cd 01 00 07 00 00 ff
    ctxB 58 00 00 41 16 00 00 64 a1 cd 0b 20 07 00 00 ff
  [3294:3295] (2B) tail A=2e 63 B=41 16
    ctxA 2e 63 00 00 18 12 cd 01 00 07 00 00 ff ff 00 00
    ctxB 41 16 00 00 64 a1 cd 0b 20 07 00 00 ff ff 00 00
  [3298:3299] (2B) tail A=18 12 B=64 a1
    ctxA 18 12 cd 01 00 07 00 00 ff ff 00 00 2d 74 00 00
    ctxB 64 a1 cd 0b 20 07 00 00 ff ff 00 00 42 73 00 00
  [3301:3302] (2B) tail A=01 00 B=0b 20
    ctxA 01 00 07 00 00 ff ff 00 00 2d 74 00 00 1e 40 cd
    ctxB 0b 20 07 00 00 ff ff 00 00 42 73 00 00 6a cd cd
  [3310:3311] (2B) tail A=2d 74 B=42 73
    ctxA 2d 74 00 00 1e 40 cd 0a 00 07 00 00 ff ff 00 00
    ctxB 42 73 00 00 6a cd cd 0d 20 07 00 00 ff ff 00 00
  [3314:3315] (2B) tail A=1e 40 B=6a cd
    ctxA 1e 40 cd 0a 00 07 00 00 ff ff 00 00 06 00 00 00
    ctxB 6a cd cd 0d 20 07 00 00 ff ff 00 00 41 4f 00 00
  [3317:3318] (2B) tail A=0a 00 B=0d 20
    ctxA 0a 00 07 00 00 ff ff 00 00 06 00 00 00 36 00 cc
    ctxB 0d 20 07 00 00 ff ff 00 00 41 4f 00 00 72 f3 cd
  [3326:3327] (2B) tail A=06 00 B=41 4f
    ctxA 06 00 00 00 36 00 cc 80 60 07 00 00 ff ff 00 00
    ctxB 41 4f 00 00 72 f3 cd 01 20 07 00 00 ff ff 00 00
  [3330:3334] (5B) tail A=36 00 cc 80 60 B=72 f3 cd 01 20
    ctxA 36 00 cc 80 60 07 00 00 ff ff 00 00 06 00 00 00
    ctxB 72 f3 cd 01 20 07 00 00 ff ff 00 00 3f 8d 00 00
  [3342:3343] (2B) tail A=06 00 B=3f 8d
    ctxA 06 00 00 00 3a 00 cc 80 60 07 00 00 ff ff 00 00
    ctxB 3f 8d 00 00 57 49 cd 0c 20 07 00 00 00 62 00 00
  [3346:3350] (5B) tail A=3a 00 cc 80 60 B=57 49 cd 0c 20
    ctxA 3a 00 cc 80 60 07 00 00 ff ff 00 00 0e 00 00 00
    ctxB 57 49 cd 0c 20 07 00 00 00 62 00 00 3d 97 00 00
  [3354:3355] (2B) tail A=ff ff B=00 62
    ctxA ff ff 00 00 0e 00 00 00 3e 00 cc 80 60 07 00 00
    ctxB 00 62 00 00 3d 97 00 00 43 c2 cc 82 20 07 00 00
  [3358:3359] (2B) tail A=0e 00 B=3d 97
    ctxA 0e 00 00 00 3e 00 cc 80 60 07 00 00 ff ff 00 00
    ctxB 3d 97 00 00 43 c2 cc 82 20 07 00 00 00 6d 00 00
  [3362:3363] (2B) tail A=3e 00 B=43 c2
    ctxA 3e 00 cc 80 60 07 00 00 ff ff 00 00 0e 00 00 00
    ctxB 43 c2 cc 82 20 07 00 00 00 6d 00 00 45 e9 00 00
  [3365:3366] (2B) tail A=80 60 B=82 20
    ctxA 80 60 07 00 00 ff ff 00 00 0e 00 00 00 3a 00 cc
    ctxB 82 20 07 00 00 00 6d 00 00 45 e9 00 00 4b ef cc
  [3370:3371] (2B) tail A=ff ff B=00 6d
    ctxA ff ff 00 00 0e 00 00 00 3a 00 cc 80 60 07 00 00
    ctxB 00 6d 00 00 45 e9 00 00 4b ef cc 82 20 07 00 00
  [3374:3375] (2B) tail A=0e 00 B=45 e9
    ctxA 0e 00 00 00 3a 00 cc 80 60 07 00 00 ff ff 00 00
    ctxB 45 e9 00 00 4b ef cc 82 20 07 00 00 00 6b 00 00
  [3378:3379] (2B) tail A=3a 00 B=4b ef
    ctxA 3a 00 cc 80 60 07 00 00 ff ff 00 00 0e 00 00 00
    ctxB 4b ef cc 82 20 07 00 00 00 6b 00 00 42 3a 00 00
  [3381:3382] (2B) tail A=80 60 B=82 20
    ctxA 80 60 07 00 00 ff ff 00 00 0e 00 00 00 36 00 cc
    ctxB 82 20 07 00 00 00 6b 00 00 42 3a 00 00 4a a2 cd
  [3386:3387] (2B) tail A=ff ff B=00 6b
    ctxA ff ff 00 00 0e 00 00 00 36 00 cc 81 60 07 00 00
    ctxB 00 6b 00 00 42 3a 00 00 4a a2 cd 06 20 07 00 00
  [3390:3391] (2B) tail A=0e 00 B=42 3a
    ctxA 0e 00 00 00 36 00 cc 81 60 07 00 00 ff ff 00 00
    ctxB 42 3a 00 00 4a a2 cd 06 20 07 00 00 ff ff 00 00
  [3394:3398] (5B) tail A=36 00 cc 81 60 B=4a a2 cd 06 20
    ctxA 36 00 cc 81 60 07 00 00 ff ff 00 00 06 00 00 00
    ctxB 4a a2 cd 06 20 07 00 00 ff ff 00 00 50 01 00 00
  [3406:3407] (2B) tail A=06 00 B=50 01
    ctxA 06 00 00 00 3e 00 cc 81 60 07 00 00 ff ff 00 00
    ctxB 50 01 00 00 35 a7 c0 11 20 07 00 00 ff fe 00 00
  [3410:3414] (5B) tail A=3e 00 cc 81 60 B=35 a7 c0 11 20
    ctxA 3e 00 cc 81 60 07 00 00 ff ff 00 00 0e 32 00 00
    ctxB 35 a7 c0 11 20 07 00 00 ff fe 00 00 50 5a 00 00
  [3419:3419] (1B) tail A=ff B=fe
    ctxA ff 00 00 0e 32 00 00 36 de cc 82 20 07 00 00 00
    ctxB fe 00 00 50 5a 00 00 36 32 c0 10 20 07 00 00 ff
  [3422:3423] (2B) tail A=0e 32 B=50 5a
    ctxA 0e 32 00 00 36 de cc 82 20 07 00 00 00 8a 00 00
    ctxB 50 5a 00 00 36 32 c0 10 20 07 00 00 ff fe 00 00
  [3427:3429] (3B) tail A=de cc 82 B=32 c0 10
    ctxA de cc 82 20 07 00 00 00 8a 00 00 05 74 00 00 3c
    ctxB 32 c0 10 20 07 00 00 ff fe 00 00 4f 8f 00 00 36
  [3434:3435] (2B) tail A=00 8a B=ff fe
    ctxA 00 8a 00 00 05 74 00 00 3c d2 cd 01 20 07 00 00
    ctxB ff fe 00 00 4f 8f 00 00 36 78 c0 13 20 07 00 00
  [3438:3439] (2B) tail A=05 74 B=4f 8f
    ctxA 05 74 00 00 3c d2 cd 01 20 07 00 00 00 8b 00 00
    ctxB 4f 8f 00 00 36 78 c0 13 20 07 00 00 ff fe 00 00
  [3442:3445] (4B) tail A=3c d2 cd 01 B=36 78 c0 13
    ctxA 3c d2 cd 01 20 07 00 00 00 8b 00 00 0a 72 00 00
    ctxB 36 78 c0 13 20 07 00 00 ff fe 00 00 51 29 00 00
  [3450:3451] (2B) tail A=00 8b B=ff fe
    ctxA 00 8b 00 00 0a 72 00 00 39 c9 c1 00 e0 07 00 00
    ctxB ff fe 00 00 51 29 00 00 36 41 c0 12 20 07 00 00
  [3454:3455] (2B) tail A=0a 72 B=51 29
    ctxA 0a 72 00 00 39 c9 c1 00 e0 07 00 00 ff ff 00 00
    ctxB 51 29 00 00 36 41 c0 12 20 07 00 00 ff fe 00 00
  [3458:3462] (5B) tail A=39 c9 c1 00 e0 B=36 41 c0 12 20
    ctxA 39 c9 c1 00 e0 07 00 00 ff ff 00 00 0c 92 00 00
    ctxB 36 41 c0 12 20 07 00 00 ff fe 00 00 50 b6 00 00
  [3467:3467] (1B) tail A=ff B=fe
    ctxA ff 00 00 0c 92 00 00 3d 0e cd 05 20 07 00 00 00
    ctxB fe 00 00 50 b6 00 00 3d 9b c0 38 20 07 00 00 ff
  [3470:3471] (2B) tail A=0c 92 B=50 b6
    ctxA 0c 92 00 00 3d 0e cd 05 20 07 00 00 00 88 00 00
    ctxB 50 b6 00 00 3d 9b c0 38 20 07 00 00 ff fe 00 00
  [3475:3477] (3B) tail A=0e cd 05 B=9b c0 38
    ctxA 0e cd 05 20 07 00 00 00 88 00 00 0a 03 00 00 36
    ctxB 9b c0 38 20 07 00 00 ff fe 00 00 50 2c 00 00 3e
  [3482:3483] (2B) tail A=00 88 B=ff fe
    ctxA 00 88 00 00 0a 03 00 00 36 2b c1 00 e0 07 00 00
    ctxB ff fe 00 00 50 2c 00 00 3e 62 c0 3a 20 07 00 00
  [3486:3487] (2B) tail A=0a 03 B=50 2c
    ctxA 0a 03 00 00 36 2b c1 00 e0 07 00 00 ff ff 00 00
    ctxB 50 2c 00 00 3e 62 c0 3a 20 07 00 00 ff fe 00 00
  [3490:3494] (5B) tail A=36 2b c1 00 e0 B=3e 62 c0 3a 20
    ctxA 36 2b c1 00 e0 07 00 00 ff ff 00 00 0a 29 00 00
    ctxB 3e 62 c0 3a 20 07 00 00 ff fe 00 00 42 1a 00 00
  [3499:3499] (1B) tail A=ff B=fe
    ctxA ff 00 00 0a 29 00 00 37 fc c2 85 e0 07 00 00 00
    ctxB fe 00 00 42 1a 00 00 57 6f c2 08 e0 07 00 00 ff
  [3502:3503] (2B) tail A=0a 29 B=42 1a
    ctxA 0a 29 00 00 37 fc c2 85 e0 07 00 00 00 90 00 00
    ctxB 42 1a 00 00 57 6f c2 08 e0 07 00 00 ff ff 00 00
  [3506:3507] (2B) tail A=37 fc B=57 6f
    ctxA 37 fc c2 85 e0 07 00 00 00 90 00 00 0a 52 00 00
    ctxB 57 6f c2 08 e0 07 00 00 ff ff 00 00 42 37 00 00
  [3509:3509] (1B) tail A=85 B=08
    ctxA 85 e0 07 00 00 00 90 00 00 0a 52 00 00 26 33 cd
    ctxB 08 e0 07 00 00 ff ff 00 00 42 37 00 00 5a 3a c2
  [3514:3515] (2B) tail A=00 90 B=ff ff
    ctxA 00 90 00 00 0a 52 00 00 26 33 cd 00 20 07 00 00
    ctxB ff ff 00 00 42 37 00 00 5a 3a c2 08 e0 07 00 00
  [3518:3519] (2B) tail A=0a 52 B=42 37
    ctxA 0a 52 00 00 26 33 cd 00 20 07 00 00 ff ff 00 00
    ctxB 42 37 00 00 5a 3a c2 08 e0 07 00 00 ff ff 00 00
  [3522:3526] (5B) tail A=26 33 cd 00 20 B=5a 3a c2 08 e0
    ctxA 26 33 cd 00 20 07 00 00 ff ff 00 00 07 2b 00 00
    ctxB 5a 3a c2 08 e0 07 00 00 ff ff 00 00 42 55 00 00
  [3534:3535] (2B) tail A=07 2b B=42 55
    ctxA 07 2b 00 00 2e 05 cd 03 20 07 00 00 ff ff 00 00
    ctxB 42 55 00 00 5c 9f c2 08 e0 07 00 00 00 74 00 00
  [3538:3542] (5B) tail A=2e 05 cd 03 20 B=5c 9f c2 08 e0
    ctxA 2e 05 cd 03 20 07 00 00 ff ff 00 00 0a 83 00 00
    ctxB 5c 9f c2 08 e0 07 00 00 00 74 00 00 42 44 00 00
  [3546:3547] (2B) tail A=ff ff B=00 74
    ctxA ff ff 00 00 0a 83 00 00 1d 84 c1 00 e0 07 00 00
    ctxB 00 74 00 00 42 44 00 00 5e d7 c2 08 e0 07 00 00
  [3550:3551] (2B) tail A=0a 83 B=42 44
    ctxA 0a 83 00 00 1d 84 c1 00 e0 07 00 00 ff ff 00 00
    ctxB 42 44 00 00 5e d7 c2 08 e0 07 00 00 00 8f 00 00
  [3554:3557] (4B) tail A=1d 84 c1 00 B=5e d7 c2 08
    ctxA 1d 84 c1 00 e0 07 00 00 ff ff 00 00 0d e8 00 00
    ctxB 5e d7 c2 08 e0 07 00 00 00 8f 00 00 42 1a 00 00
  [3562:3563] (2B) tail A=ff ff B=00 8f
    ctxA ff ff 00 00 0d e8 00 00 1d 87 c2 85 c0 07 00 00
    ctxB 00 8f 00 00 42 1a 00 00 60 e1 c2 08 e0 07 00 00
  [3566:3567] (2B) tail A=0d e8 B=42 1a
    ctxA 0d e8 00 00 1d 87 c2 85 c0 07 00 00 ff ff 00 00
    ctxB 42 1a 00 00 60 e1 c2 08 e0 07 00 00 ff ff 00 00
  [3570:3571] (2B) tail A=1d 87 B=60 e1
    ctxA 1d 87 c2 85 c0 07 00 00 ff ff 00 00 0a 56 00 00
    ctxB 60 e1 c2 08 e0 07 00 00 ff ff 00 00 42 05 00 00
  [3573:3574] (2B) tail A=85 c0 B=08 e0
    ctxA 85 c0 07 00 00 ff ff 00 00 0a 56 00 00 1a 26 c1
    ctxB 08 e0 07 00 00 ff ff 00 00 42 05 00 00 63 35 c2
  [3582:3583] (2B) tail A=0a 56 B=42 05
    ctxA 0a 56 00 00 1a 26 c1 00 e0 07 00 00 ff ff 00 00
    ctxB 42 05 00 00 63 35 c2 08 e0 07 00 00 00 91 00 00
  [3586:3589] (4B) tail A=1a 26 c1 00 B=63 35 c2 08
    ctxA 1a 26 c1 00 e0 07 00 00 ff ff 00 00 1e 00 00 00
    ctxB 63 35 c2 08 e0 07 00 00 00 91 00 00 42 06 00 00
  [3594:3595] (2B) tail A=ff ff B=00 91
    ctxA ff ff 00 00 1e 00 00 00 06 00 cc 80 40 07 00 00
    ctxB 00 91 00 00 42 06 00 00 64 bf c2 08 e0 07 00 00
  [3598:3599] (2B) tail A=1e 00 B=42 06
    ctxA 1e 00 00 00 06 00 cc 80 40 07 00 00 ff ff 00 00
    ctxB 42 06 00 00 64 bf c2 08 e0 07 00 00 00 80 00 00
  [3602:3606] (5B) tail A=06 00 cc 80 40 B=64 bf c2 08 e0
    ctxA 06 00 cc 80 40 07 00 00 ff ff 00 00 1e 00 00 00
    ctxB 64 bf c2 08 e0 07 00 00 00 80 00 00 42 0b 00 00
  [3610:3611] (2B) tail A=ff ff B=00 80
    ctxA ff ff 00 00 1e 00 00 00 0a 00 cc 80 40 07 00 00
    ctxB 00 80 00 00 42 0b 00 00 66 ae c2 08 e0 07 00 00
  [3614:3615] (2B) tail A=1e 00 B=42 0b
    ctxA 1e 00 00 00 0a 00 cc 80 40 07 00 00 ff ff 00 00
    ctxB 42 0b 00 00 66 ae c2 08 e0 07 00 00 00 93 00 00
  [3618:3622] (5B) tail A=0a 00 cc 80 40 B=66 ae c2 08 e0
    ctxA 0a 00 cc 80 40 07 00 00 ff ff 00 00 1e 00 00 00
    ctxB 66 ae c2 08 e0 07 00 00 00 93 00 00 42 0c 00 00
  [3626:3627] (2B) tail A=ff ff B=00 93
    ctxA ff ff 00 00 1e 00 00 00 0e 00 cc 80 40 07 00 00
    ctxB 00 93 00 00 42 0c 00 00 68 a7 c2 08 e0 07 00 00
  [3630:3631] (2B) tail A=1e 00 B=42 0c
    ctxA 1e 00 00 00 0e 00 cc 80 40 07 00 00 ff ff 00 00
    ctxB 42 0c 00 00 68 a7 c2 08 e0 07 00 00 00 81 00 00
  [3634:3638] (5B) tail A=0e 00 cc 80 40 B=68 a7 c2 08 e0
    ctxA 0e 00 cc 80 40 07 00 00 ff ff 00 00 15 d7 00 00
    ctxB 68 a7 c2 08 e0 07 00 00 00 81 00 00 42 0c 00 00
  [3642:3643] (2B) tail A=ff ff B=00 81
    ctxA ff ff 00 00 15 d7 00 00 05 d0 c1 00 c0 07 00 00
    ctxB 00 81 00 00 42 0c 00 00 6a 28 c2 08 e0 07 00 00
  [3646:3647] (2B) tail A=15 d7 B=42 0c
    ctxA 15 d7 00 00 05 d0 c1 00 c0 07 00 00 ff ff 00 00
    ctxB 42 0c 00 00 6a 28 c2 08 e0 07 00 00 00 95 00 00
  [3650:3654] (5B) tail A=05 d0 c1 00 c0 B=6a 28 c2 08 e0
    ctxA 05 d0 c1 00 c0 07 00 00 ff ff 00 00 1a 38 00 00
    ctxB 6a 28 c2 08 e0 07 00 00 00 95 00 00 00 00 00 00
  [3658:3659] (2B) tail A=ff ff B=00 95
    ctxA ff ff 00 00 1a 38 00 00 0d 75 c1 00 c0 07 00 00
    ctxB 00 95 00 00 00 00 00 00 00 00 00 00 00 00 00 00
  [3662:3663] (2B) tail A=1a 38 B=00 00
    ctxA 1a 38 00 00 0d 75 c1 00 c0 07 00 00 ff ff 00 00
    ctxB 00 00 00 00 00 00 00 00 00 00 00 00 ff fe 00 00
  [3666:3668] (3B) tail A=0d 75 c1 B=00 00 00
    ctxA 0d 75 c1 00 c0 07 00 00 ff ff 00 00 7a 37 00 00
    ctxB 00 00 00 00 00 00 00 00 ff fe 00 00 00 00 00 00
  [3670:3671] (2B) tail A=c0 07 B=00 00
    ctxA c0 07 00 00 ff ff 00 00 7a 37 00 00 05 eb cd 80
    ctxB 00 00 00 00 ff fe 00 00 00 00 00 00 00 00 00 00
  [3675:3675] (1B) tail A=ff B=fe
    ctxA ff 00 00 7a 37 00 00 05 eb cd 80 20 07 00 00 ff
    ctxB fe 00 00 00 00 00 00 00 00 00 00 00 00 00 00 ff
  [3678:3679] (2B) tail A=7a 37 B=00 00
    ctxA 7a 37 00 00 05 eb cd 80 20 07 00 00 ff ff 00 00
    ctxB 00 00 00 00 00 00 00 00 00 00 00 00 ff fe 00 00
  [3682:3687] (6B) tail A=05 eb cd 80 20 07 B=00 00 00 00 00 00
    ctxA 05 eb cd 80 20 07 00 00 ff ff 00 00 31 b4 00 00
    ctxB 00 00 00 00 00 00 00 00 ff fe 00 00 00 00 00 00
  [3691:3691] (1B) tail A=ff B=fe
    ctxA ff 00 00 31 b4 00 00 36 61 c1 00 e0 07 00 00 ff
    ctxB fe 00 00 00 00 00 00 00 00 00 00 00 00 00 00 ff
  [3694:3695] (2B) tail A=31 b4 B=00 00
    ctxA 31 b4 00 00 36 61 c1 00 e0 07 00 00 ff ff 00 00
    ctxB 00 00 00 00 00 00 00 00 00 00 00 00 ff fe 00 00
  [3698:3700] (3B) tail A=36 61 c1 B=00 00 00
    ctxA 36 61 c1 00 e0 07 00 00 ff ff 00 00 42 03 00 00
    ctxB 00 00 00 00 00 00 00 00 ff fe 00 00 00 00 00 00
  [3702:3703] (2B) tail A=e0 07 B=00 00
    ctxA e0 07 00 00 ff ff 00 00 42 03 00 00 46 ce c1 00
    ctxB 00 00 00 00 ff fe 00 00 00 00 00 00 00 00 00 00
  [3707:3707] (1B) tail A=ff B=fe
    ctxA ff 00 00 42 03 00 00 46 ce c1 00 c0 07 00 00 ff
    ctxB fe 00 00 00 00 00 00 00 00 00 00 00 00 00 00 ff
  [3710:3711] (2B) tail A=42 03 B=00 00
    ctxA 42 03 00 00 46 ce c1 00 c0 07 00 00 ff ff 00 00
    ctxB 00 00 00 00 00 00 00 00 00 00 00 00 ff fe 00 00
  [3714:3716] (3B) tail A=46 ce c1 B=00 00 00
    ctxA 46 ce c1 00 c0 07 00 00 ff ff 00 00 44 c1 00 00
    ctxB 00 00 00 00 00 00 00 00 ff fe 00 00 00 00 00 00
  [3718:3719] (2B) tail A=c0 07 B=00 00
    ctxA c0 07 00 00 ff ff 00 00 44 c1 00 00 2c 12 c1 00
    ctxB 00 00 00 00 ff fe 00 00 00 00 00 00 00 00 00 00
  [3723:3723] (1B) tail A=ff B=fe
    ctxA ff 00 00 44 c1 00 00 2c 12 c1 00 e0 07 00 00 ff
    ctxB fe 00 00 00 00 00 00 00 00 00 00 00 00 00 00 ff
  [3726:3727] (2B) tail A=44 c1 B=00 00
    ctxA 44 c1 00 00 2c 12 c1 00 e0 07 00 00 ff ff 00 00
    ctxB 00 00 00 00 00 00 00 00 00 00 00 00 ff fe 00 00
  [3730:3732] (3B) tail A=2c 12 c1 B=00 00 00
    ctxA 2c 12 c1 00 e0 07 00 00 ff ff 00 00 48 a2 00 00
    ctxB 00 00 00 00 00 00 00 00 ff fe 00 00 00 00 00 00
  [3734:3735] (2B) tail A=e0 07 B=00 00
    ctxA e0 07 00 00 ff ff 00 00 48 a2 00 00 29 80 c1 00
    ctxB 00 00 00 00 ff fe 00 00 00 00 00 00 00 00 00 00
  [3739:3739] (1B) tail A=ff B=fe
    ctxA ff 00 00 48 a2 00 00 29 80 c1 00 e0 07 00 00 ff
    ctxB fe 00 00 00 00 00 00 00 00 00 00 00 00 00 00 ff
  [3742:3743] (2B) tail A=48 a2 B=00 00
    ctxA 48 a2 00 00 29 80 c1 00 e0 07 00 00 ff ff 00 00
    ctxB 00 00 00 00 00 00 00 00 00 00 00 00 ff fe 00 00
  [3746:3748] (3B) tail A=29 80 c1 B=00 00 00
    ctxA 29 80 c1 00 e0 07 00 00 ff ff 00 00 52 8f 00 00
    ctxB 00 00 00 00 00 00 00 00 ff fe 00 00 00 00 00 00
  [3750:3751] (2B) tail A=e0 07 B=00 00
    ctxA e0 07 00 00 ff ff 00 00 52 8f 00 00 36 f1 c1 00
    ctxB 00 00 00 00 ff fe 00 00 00 00 00 00 00 00 00 00
  [3755:3755] (1B) tail A=ff B=fe
    ctxA ff 00 00 52 8f 00 00 36 f1 c1 00 c0 07 00 00 ff
    ctxB fe 00 00 00 00 00 00 00 00 00 00 00 00 00 00 ff
  [3758:3759] (2B) tail A=52 8f B=00 00
    ctxA 52 8f 00 00 36 f1 c1 00 c0 07 00 00 ff ff 00 00
    ctxB 00 00 00 00 00 00 00 00 00 00 00 00 ff fe 00 00
  [3762:3764] (3B) tail A=36 f1 c1 B=00 00 00
    ctxA 36 f1 c1 00 c0 07 00 00 ff ff 00 00 55 2f 00 00
    ctxB 00 00 00 00 00 00 00 00 ff fe 00 00 00 00 00 00
  [3766:3767] (2B) tail A=c0 07 B=00 00
    ctxA c0 07 00 00 ff ff 00 00 55 2f 00 00 39 b1 c1 00
    ctxB 00 00 00 00 ff fe 00 00 00 00 00 00 00 00 00 00
  [3771:3771] (1B) tail A=ff B=fe
    ctxA ff 00 00 55 2f 00 00 39 b1 c1 00 e0 07 00 00 ff
    ctxB fe 00 00 00 00 00 00 00 00 00 00 00 00 00 00 ff
  [3774:3775] (2B) tail A=55 2f B=00 00
    ctxA 55 2f 00 00 39 b1 c1 00 e0 07 00 00 ff ff 00 00
    ctxB 00 00 00 00 00 00 00 00 00 00 00 00 ff fe 00 00
  [3778:3780] (3B) tail A=39 b1 c1 B=00 00 00
    ctxA 39 b1 c1 00 e0 07 00 00 ff ff 00 00 59 f4 00 00
    ctxB 00 00 00 00 00 00 00 00 ff fe 00 00 00 00 00 00
  [3782:3783] (2B) tail A=e0 07 B=00 00
    ctxA e0 07 00 00 ff ff 00 00 59 f4 00 00 28 00 c0 30
    ctxB 00 00 00 00 ff fe 00 00 00 00 00 00 00 00 00 00
  [3787:3787] (1B) tail A=ff B=fe
    ctxA ff 00 00 59 f4 00 00 28 00 c0 30 20 07 00 00 ff
    ctxB fe 00 00 00 00 00 00 00 00 00 00 00 00 00 00 ff
  [3790:3791] (2B) tail A=59 f4 B=00 00
    ctxA 59 f4 00 00 28 00 c0 30 20 07 00 00 ff ff 00 00
    ctxB 00 00 00 00 00 00 00 00 00 00 00 00 ff fe 00 00
  [3794:3794] (1B) tail A=28 B=00
    ctxA 28 00 c0 30 20 07 00 00 ff ff 00 00 72 9c 00 00
    ctxB 00 00 00 00 00 00 00 00 ff fe 00 00 00 00 00 00
  [3796:3799] (4B) tail A=c0 30 20 07 B=00 00 00 00
    ctxA c0 30 20 07 00 00 ff ff 00 00 72 9c 00 00 3e 76
    ctxB 00 00 00 00 00 00 ff fe 00 00 00 00 00 00 00 00
  [3803:3803] (1B) tail A=ff B=fe
    ctxA ff 00 00 72 9c 00 00 3e 76 c1 00 e0 07 00 00 ff
    ctxB fe 00 00 00 00 00 00 00 00 00 00 00 00 00 00 ff
  [3806:3807] (2B) tail A=72 9c B=00 00
    ctxA 72 9c 00 00 3e 76 c1 00 e0 07 00 00 ff ff 00 00
    ctxB 00 00 00 00 00 00 00 00 00 00 00 00 ff fe 00 00
  [3810:3812] (3B) tail A=3e 76 c1 B=00 00 00
    ctxA 3e 76 c1 00 e0 07 00 00 ff ff 00 00 75 a3 00 00
    ctxB 00 00 00 00 00 00 00 00 ff fe 00 00 00 00 00 00
  [3814:3815] (2B) tail A=e0 07 B=00 00
    ctxA e0 07 00 00 ff ff 00 00 75 a3 00 00 36 5e c1 00
    ctxB 00 00 00 00 ff fe 00 00 00 00 00 00 00 00 00 00
  [3819:3819] (1B) tail A=ff B=fe
    ctxA ff 00 00 75 a3 00 00 36 5e c1 00 e0 07 00 00 ff
    ctxB fe 00 00 00 00 00 00 00 00 00 00 00 00 00 00 ff
  [3822:3823] (2B) tail A=75 a3 B=00 00
    ctxA 75 a3 00 00 36 5e c1 00 e0 07 00 00 ff ff 00 00
    ctxB 00 00 00 00 00 00 00 00 00 00 00 00 ff fe 00 00
  [3826:3828] (3B) tail A=36 5e c1 B=00 00 00
    ctxA 36 5e c1 00 e0 07 00 00 ff ff 00 00 66 08 00 00
    ctxB 00 00 00 00 00 00 00 00 ff fe 00 00 00 00 00 00
  [3830:3831] (2B) tail A=e0 07 B=00 00
    ctxA e0 07 00 00 ff ff 00 00 66 08 00 00 24 e0 c1 00
    ctxB 00 00 00 00 ff fe 00 00 00 00 00 00 00 00 00 00
  [3835:3835] (1B) tail A=ff B=fe
    ctxA ff 00 00 66 08 00 00 24 e0 c1 00 c0 07 00 00 ff
    ctxB fe 00 00 00 00 00 00 00 00 00 00 00 00 00 00 ff
  [3838:3839] (2B) tail A=66 08 B=00 00
    ctxA 66 08 00 00 24 e0 c1 00 c0 07 00 00 ff ff 00 00
    ctxB 00 00 00 00 00 00 00 00 00 00 00 00 ff fe 00 00
  [3842:3844] (3B) tail A=24 e0 c1 B=00 00 00
    ctxA 24 e0 c1 00 c0 07 00 00 ff ff 00 00 67 e4 00 00
    ctxB 00 00 00 00 00 00 00 00 ff fe 00 00 00 00 00 00
  [3846:3847] (2B) tail A=c0 07 B=00 00
    ctxA c0 07 00 00 ff ff 00 00 67 e4 00 00 28 0f c1 00
    ctxB 00 00 00 00 ff fe 00 00 00 00 00 00 00 00 00 00
  [3851:3851] (1B) tail A=ff B=fe
    ctxA ff 00 00 67 e4 00 00 28 0f c1 00 c0 07 00 00 ff
    ctxB fe 00 00 00 00 00 00 00 00 00 00 00 00 00 00 ff
  [3854:3855] (2B) tail A=67 e4 B=00 00
    ctxA 67 e4 00 00 28 0f c1 00 c0 07 00 00 ff ff 00 00
    ctxB 00 00 00 00 00 00 00 00 00 00 00 00 ff fe 00 00
  [3858:3860] (3B) tail A=28 0f c1 B=00 00 00
    ctxA 28 0f c1 00 c0 07 00 00 ff ff 00 00 75 bf 00 00
    ctxB 00 00 00 00 00 00 00 00 ff fe 00 00 00 00 00 00
  [3862:3863] (2B) tail A=c0 07 B=00 00
    ctxA c0 07 00 00 ff ff 00 00 75 bf 00 00 3b e0 c2 95
    ctxB 00 00 00 00 ff fe 00 00 00 00 00 00 00 00 00 00
  [3867:3867] (1B) tail A=ff B=fe
    ctxA ff 00 00 75 bf 00 00 3b e0 c2 95 e0 07 00 00 ff
    ctxB fe 00 00 00 00 00 00 00 00 00 00 00 00 00 00 ff
  [3870:3871] (2B) tail A=75 bf B=00 00
    ctxA 75 bf 00 00 3b e0 c2 95 e0 07 00 00 ff ff 00 00
    ctxB 00 00 00 00 00 00 00 00 00 00 00 00 ff fe 00 00
  [3874:3879] (6B) tail A=3b e0 c2 95 e0 07 B=00 00 00 00 00 00
    ctxA 3b e0 c2 95 e0 07 00 00 ff ff 00 00 71 e4 00 00
    ctxB 00 00 00 00 00 00 00 00 ff fe 00 00 00 00 00 00
  [3883:3883] (1B) tail A=ff B=fe
    ctxA ff 00 00 71 e4 00 00 36 a5 c2 85 e0 07 00 00 ff
    ctxB fe 00 00 00 00 00 00 00 00 00 00 00 00 00 00 ff
  [3886:3887] (2B) tail A=71 e4 B=00 00
    ctxA 71 e4 00 00 36 a5 c2 85 e0 07 00 00 ff ff 00 00
    ctxB 00 00 00 00 00 00 00 00 00 00 00 00 ff fe 00 00
  [3890:3895] (6B) tail A=36 a5 c2 85 e0 07 B=00 00 00 00 00 00
    ctxA 36 a5 c2 85 e0 07 00 00 ff ff 00 00 7a 4b 00 00
    ctxB 00 00 00 00 00 00 00 00 ff fe 00 00 00 00 00 00
  [3899:3899] (1B) tail A=ff B=fe
    ctxA ff 00 00 7a 4b 00 00 36 a7 c0 30 20 07 00 00 ff
    ctxB fe 00 00 00 00 00 00 00 00 00 00 00 00 00 00 ff
  [3902:3903] (2B) tail A=7a 4b B=00 00
    ctxA 7a 4b 00 00 36 a7 c0 30 20 07 00 00 ff ff 00 00
    ctxB 00 00 00 00 00 00 00 00 00 00 00 00 ff fe 00 00
  [3906:3911] (6B) tail A=36 a7 c0 30 20 07 B=00 00 00 00 00 00
    ctxA 36 a7 c0 30 20 07 00 00 ff ff 00 00 7a 5e 00 00
    ctxB 00 00 00 00 00 00 00 00 ff fe 00 00 00 00 00 00
  [3915:3915] (1B) tail A=ff B=fe
    ctxA ff 00 00 7a 5e 00 00 35 db c0 30 20 07 00 00 00
    ctxB fe 00 00 00 00 00 00 00 00 00 00 00 00 00 00 ff
  [3918:3919] (2B) tail A=7a 5e B=00 00
    ctxA 7a 5e 00 00 35 db c0 30 20 07 00 00 00 aa 00 00
    ctxB 00 00 00 00 00 00 00 00 00 00 00 00 ff fe 00 00
  [3922:3927] (6B) tail A=35 db c0 30 20 07 B=00 00 00 00 00 00
    ctxA 35 db c0 30 20 07 00 00 00 aa 00 00 72 00 00 00
    ctxB 00 00 00 00 00 00 00 00 ff fe 00 00 00 00 00 00
  [3930:3931] (2B) tail A=00 aa B=ff fe
    ctxA 00 aa 00 00 72 00 00 00 16 00 cc 80 40 07 00 00
    ctxB ff fe 00 00 00 00 00 00 00 00 00 00 00 00 00 00
  [3934:3934] (1B) tail A=72 B=00
    ctxA 72 00 00 00 16 00 cc 80 40 07 00 00 ff ff 00 00
    ctxB 00 00 00 00 00 00 00 00 00 00 00 00 ff fe 00 00
  [3938:3938] (1B) tail A=16 B=00
    ctxA 16 00 cc 80 40 07 00 00 ff ff 00 00 72 00 00 00
    ctxB 00 00 00 00 00 00 00 00 ff fe 00 00 00 00 00 00
  [3940:3943] (4B) tail A=cc 80 40 07 B=00 00 00 00
    ctxA cc 80 40 07 00 00 ff ff 00 00 72 00 00 00 1a 00
    ctxB 00 00 00 00 00 00 ff fe 00 00 00 00 00 00 00 00
  [3947:3947] (1B) tail A=ff B=fe
    ctxA ff 00 00 72 00 00 00 1a 00 cc 81 40 07 00 00 ff
    ctxB fe 00 00 00 00 00 00 00 00 00 00 00 00 00 00 ff
  [3950:3950] (1B) tail A=72 B=00
    ctxA 72 00 00 00 1a 00 cc 81 40 07 00 00 ff ff 00 00
    ctxB 00 00 00 00 00 00 00 00 00 00 00 00 ff fe 00 00
  [3954:3954] (1B) tail A=1a B=00
    ctxA 1a 00 cc 81 40 07 00 00 ff ff 00 00 72 00 00 00
    ctxB 00 00 00 00 00 00 00 00 ff fe 00 00 00 00 00 00
  [3956:3959] (4B) tail A=cc 81 40 07 B=00 00 00 00
    ctxA cc 81 40 07 00 00 ff ff 00 00 72 00 00 00 1e 00
    ctxB 00 00 00 00 00 00 ff fe 00 00 00 00 00 00 00 00
  [3963:3963] (1B) tail A=ff B=fe
    ctxA ff 00 00 72 00 00 00 1e 00 cc 80 40 07 00 00 ff
    ctxB fe 00 00 00 00 00 00 00 00 00 00 00 00 00 00 ff
  [3966:3966] (1B) tail A=72 B=00
    ctxA 72 00 00 00 1e 00 cc 80 40 07 00 00 ff ff 00 00
    ctxB 00 00 00 00 00 00 00 00 00 00 00 00 ff fe 00 00
  [3970:3970] (1B) tail A=1e B=00
    ctxA 1e 00 cc 80 40 07 00 00 ff ff 00 00 7a 00 00 00
    ctxB 00 00 00 00 00 00 00 00 ff fe 00 00 00 00 00 00
  [3972:3975] (4B) tail A=cc 80 40 07 B=00 00 00 00
    ctxA cc 80 40 07 00 00 ff ff 00 00 7a 00 00 00 16 00
    ctxB 00 00 00 00 00 00 ff fe 00 00 00 00 00 00 00 00
  [3979:3979] (1B) tail A=ff B=fe
    ctxA ff 00 00 7a 00 00 00 16 00 cc 80 60 07 00 00 ff
    ctxB fe 00 00 00 00 00 00 00 00 00 00 00 00 00 00 ff
  [3982:3982] (1B) tail A=7a B=00
    ctxA 7a 00 00 00 16 00 cc 80 60 07 00 00 ff ff 00 00
    ctxB 00 00 00 00 00 00 00 00 00 00 00 00 ff fe 00 00
  [3986:3986] (1B) tail A=16 B=00
    ctxA 16 00 cc 80 60 07 00 00 ff ff 00 00 7a 00 00 00
    ctxB 00 00 00 00 00 00 00 00 ff fe 00 00 00 00 00 00
  [3988:3991] (4B) tail A=cc 80 60 07 B=00 00 00 00
    ctxA cc 80 60 07 00 00 ff ff 00 00 7a 00 00 00 1a 00
    ctxB 00 00 00 00 00 00 ff fe 00 00 00 00 00 00 00 00
  [3995:3995] (1B) tail A=ff B=fe
    ctxA ff 00 00 7a 00 00 00 1a 00 cc 80 40 07 00 00 ff
    ctxB fe 00 00 00 00 00 00 00 00 00 00 00 00 00 00 ff
  [3998:3998] (1B) tail A=7a B=00
    ctxA 7a 00 00 00 1a 00 cc 80 40 07 00 00 ff ff 00 00
    ctxB 00 00 00 00 00 00 00 00 00 00 00 00 ff fe 00 00
  [4002:4002] (1B) tail A=1a B=00
    ctxA 1a 00 cc 80 40 07 00 00 ff ff 00 00 77 1d 00 00
    ctxB 00 00 00 00 00 00 00 00 ff fe 00 00 00 00 00 00
  [4004:4007] (4B) tail A=cc 80 40 07 B=00 00 00 00
    ctxA cc 80 40 07 00 00 ff ff 00 00 77 1d 00 00 1d d7
    ctxB 00 00 00 00 00 00 ff fe 00 00 00 00 00 00 00 00
  [4011:4011] (1B) tail A=ff B=fe
    ctxA ff 00 00 77 1d 00 00 1d d7 cd 0e 00 07 00 00 ff
    ctxB fe 00 00 00 00 00 00 00 00 00 00 00 00 00 00 ff
  [4014:4015] (2B) tail A=77 1d B=00 00
    ctxA 77 1d 00 00 1d d7 cd 0e 00 07 00 00 ff ff 00 00
    ctxB 00 00 00 00 00 00 00 00 00 00 00 00 ff fe 00 00
  [4018:4021] (4B) tail A=1d d7 cd 0e B=00 00 00 00
    ctxA 1d d7 cd 0e 00 07 00 00 ff ff 00 00 77 30 00 00
    ctxB 00 00 00 00 00 00 00 00 ff fe 00 00 00 00 00 00
  [4023:4023] (1B) tail A=07 B=00
    ctxA 07 00 00 ff ff 00 00 77 30 00 00 1e 3b c0 30 00
    ctxB 00 00 00 ff fe 00 00 00 00 00 00 00 00 00 00 00
  [4027:4027] (1B) tail A=ff B=fe
    ctxA ff 00 00 77 30 00 00 1e 3b c0 30 00 07 00 00 00
    ctxB fe 00 00 00 00 00 00 00 00 00 00 00 00 00 00 ff
  [4030:4031] (2B) tail A=77 30 B=00 00
    ctxA 77 30 00 00 1e 3b c0 30 00 07 00 00 00 b1 00 00
    ctxB 00 00 00 00 00 00 00 00 00 00 00 00 ff fe 00 00
  [4034:4037] (4B) tail A=1e 3b c0 30 B=00 00 00 00
    ctxA 1e 3b c0 30 00 07 00 00 00 b1 00 00 7a 00 00 00
    ctxB 00 00 00 00 00 00 00 00 ff fe 00 00 00 00 00 00
  [4039:4039] (1B) tail A=07 B=00
    ctxA 07 00 00 00 b1 00 00 7a 00 00 00 1e 00 cc 81 40
    ctxB 00 00 00 ff fe 00 00 00 00 00 00 00 00 00 00 00
  [4042:4043] (2B) tail A=00 b1 B=ff fe
    ctxA 00 b1 00 00 7a 00 00 00 1e 00 cc 81 40 07 00 00
    ctxB ff fe 00 00 00 00 00 00 00 00 00 00 00 00 00 00
  [4046:4046] (1B) tail A=7a B=00
    ctxA 7a 00 00 00 1e 00 cc 81 40 07 00 00 ff ff 00 00
    ctxB 00 00 00 00 00 00 00 00 00 00 00 00 ff fe 00 00
  [4050:4050] (1B) tail A=1e B=00
    ctxA 1e 00 cc 81 40 07 00 00 ff ff 00 00 73 43 00 00
    ctxB 00 00 00 00 00 00 00 00 ff fe 00 00 00 00 00 00
  [4052:4055] (4B) tail A=cc 81 40 07 B=00 00 00 00
    ctxA cc 81 40 07 00 00 ff ff 00 00 73 43 00 00 1b 6c
    ctxB 00 00 00 00 00 00 ff fe 00 00 00 00 00 00 00 00
  [4059:4059] (1B) tail A=ff B=fe
    ctxA ff 00 00 73 43 00 00 1b 6c cd 01 00 07 00 00 00
    ctxB fe 00 00 00 00 00 00 00 00 00 00 00 00 00 00 ff
  [4062:4063] (2B) tail A=73 43 B=00 00
    ctxA 73 43 00 00 1b 6c cd 01 00 07 00 00 00 ad 00 00
    ctxB 00 00 00 00 00 00 00 00 00 00 00 00 ff fe 00 00
  [4066:4069] (4B) tail A=1b 6c cd 01 B=00 00 00 00
    ctxA 1b 6c cd 01 00 07 00 00 00 ad 00 00 7a 0b 00 00
    ctxB 00 00 00 00 00 00 00 00 ff fe 00 00 00 00 00 00
  [4071:4071] (1B) tail A=07 B=00
    ctxA 07 00 00 00 ad 00 00 7a 0b 00 00 15 00 cd 04 20
    ctxB 00 00 00 ff fe 00 00 00 00 00 00 00 00 00 00 00
  [4074:4075] (2B) tail A=00 ad B=ff fe
    ctxA 00 ad 00 00 7a 0b 00 00 15 00 cd 04 20 07 00 00
    ctxB ff fe 00 00 00 00 00 00 00 00 00 00 00 00 00 00
  [4078:4079] (2B) tail A=7a 0b B=00 00
    ctxA 7a 0b 00 00 15 00 cd 04 20 07 00 00 00 af 00 00
    ctxB 00 00 00 00 00 00 00 00 00 00 00 00 ff fe 00 00
  [4082:4082] (1B) tail A=15 B=00
    ctxA 15 00 cd 04 20 07 00 00 00 af 00 00 70 c0 00 00
    ctxB 00 00 00 00 00 00 00 00 ff fe 00 00 00 00 00 00
  [4084:4087] (4B) tail A=cd 04 20 07 B=00 00 00 00
    ctxA cd 04 20 07 00 00 00 af 00 00 70 c0 00 00 09 47
    ctxB 00 00 00 00 00 00 ff fe 00 00 00 00 00 00 00 00
  [4090:4091] (2B) tail A=00 af B=ff fe
    ctxA 00 af 00 00 70 c0 00 00 09 47 cd 05 20 07 00 00
    ctxB ff fe 00 00 00 00 00 00 00 00 00 00 00 00 00 00
  [4094:4095] (2B) tail A=70 c0 B=00 00
    ctxA 70 c0 00 00 09 47 cd 05 20 07 00 00 ff ff 00 00
    ctxB 00 00 00 00 00 00 00 00 00 00 00 00 ff fe 00 00
  [4098:4103] (6B) tail A=09 47 cd 05 20 07 B=00 00 00 00 00 00
    ctxA 09 47 cd 05 20 07 00 00 ff ff 00 00 7a 4b 00 00
    ctxB 00 00 00 00 00 00 00 00 ff fe 00 00 00 00 00 00
  [4107:4107] (1B) tail A=ff B=fe
    ctxA ff 00 00 7a 4b 00 00 0f 09 cd 06 20 07 00 00 ff
    ctxB fe 00 00 00 00 00 00 00 00 00 00 00 00 00 00 ff
  [4110:4111] (2B) tail A=7a 4b B=00 00
    ctxA 7a 4b 00 00 0f 09 cd 06 20 07 00 00 ff ff 00 00
    ctxB 00 00 00 00 00 00 00 00 00 00 00 00 ff fe 00 00
  [4114:4119] (6B) tail A=0f 09 cd 06 20 07 B=00 00 00 00 00 00
    ctxA 0f 09 cd 06 20 07 00 00 ff ff 00 00 62 4f 00 00
    ctxB 00 00 00 00 00 00 00 00 ff fe 00 00 00 00 00 00
  [4123:4123] (1B) tail A=ff B=fe
    ctxA ff 00 00 62 4f 00 00 0e 87 cd 0a 00 07 00 00 ff
    ctxB fe 00 00 00 00 00 00 00 00 00 00 00 00 00 00 ff
  [4126:4127] (2B) tail A=62 4f B=00 00
    ctxA 62 4f 00 00 0e 87 cd 0a 00 07 00 00 ff ff 00 00
    ctxB 00 00 00 00 00 00 00 00 00 00 00 00 ff fe 00 00
  [4130:4133] (4B) tail A=0e 87 cd 0a B=00 00 00 00
    ctxA 0e 87 cd 0a 00 07 00 00 ff ff 00 00 62 ca 00 00
    ctxB 00 00 00 00 00 00 00 00 ff fe 00 00 00 00 00 00
  [4135:4135] (1B) tail A=07 B=00
    ctxA 07 00 00 ff ff 00 00 62 ca 00 00 0e 00 c1 00 c0
    ctxB 00 00 00 ff fe 00 00 00 00 00 00 00 00 00 00 00
  [4139:4139] (1B) tail A=ff B=fe
    ctxA ff 00 00 62 ca 00 00 0e 00 c1 00 c0 07 00 00 00
    ctxB fe 00 00 00 00 00 00 00 00 00 00 00 00 00 00 ff
  [4142:4143] (2B) tail A=62 ca B=00 00
    ctxA 62 ca 00 00 0e 00 c1 00 c0 07 00 00 00 b8 00 00
    ctxB 00 00 00 00 00 00 00 00 00 00 00 00 ff fe 00 00
  [4146:4146] (1B) tail A=0e B=00
    ctxA 0e 00 c1 00 c0 07 00 00 00 b8 00 00 62 a9 00 00
    ctxB 00 00 00 00 00 00 00 00 ff fe 00 00 00 00 00 00
  [4148:4148] (1B) tail A=c1 B=00
    ctxA c1 00 c0 07 00 00 00 b8 00 00 62 a9 00 00 06 3c
    ctxB 00 00 00 00 00 00 ff fe 00 00 00 00 00 00 00 00
  [4150:4151] (2B) tail A=c0 07 B=00 00
    ctxA c0 07 00 00 00 b8 00 00 62 a9 00 00 06 3c c1 00
    ctxB 00 00 00 00 ff fe 00 00 00 00 00 00 00 00 00 00
  [4154:4155] (2B) tail A=00 b8 B=ff fe
    ctxA 00 b8 00 00 62 a9 00 00 06 3c c1 00 c0 07 00 00
    ctxB ff fe 00 00 00 00 00 00 00 00 00 00 00 00 00 00
  [4158:4159] (2B) tail A=62 a9 B=00 00
    ctxA 62 a9 00 00 06 3c c1 00 c0 07 00 00 ff ff 00 00
    ctxB 00 00 00 00 00 00 00 00 00 00 00 00 ff fe 00 00
  [4162:4164] (3B) tail A=06 3c c1 B=00 00 00
    ctxA 06 3c c1 00 c0 07 00 00 ff ff 00 00 66 fb 00 00
    ctxB 00 00 00 00 00 00 00 00 ff fe 00 00 00 00 00 00
  [4166:4167] (2B) tail A=c0 07 B=00 00
    ctxA c0 07 00 00 ff ff 00 00 66 fb 00 00 0a 13 c1 00
    ctxB 00 00 00 00 ff fe 00 00 00 00 00 00 00 00 00 00
  [4171:4171] (1B) tail A=ff B=fe
    ctxA ff 00 00 66 fb 00 00 0a 13 c1 00 c0 07 00 00 ff
    ctxB fe 00 00 00 00 00 00 00 00 00 00 00 00 00 00 ff
  [4174:4175] (2B) tail A=66 fb B=00 00
    ctxA 66 fb 00 00 0a 13 c1 00 c0 07 00 00 ff ff 00 00
    ctxB 00 00 00 00 00 00 00 00 00 00 00 00 ff fe 00 00
  [4178:4180] (3B) tail A=0a 13 c1 B=00 00 00
    ctxA 0a 13 c1 00 c0 07 00 00 ff ff 00 00 5a e4 00 00
    ctxB 00 00 00 00 00 00 00 00 ff fe 00 00 00 00 00 00
  [4182:4183] (2B) tail A=c0 07 B=00 00
    ctxA c0 07 00 00 ff ff 00 00 5a e4 00 00 0d ca cd 0f
    ctxB 00 00 00 00 ff fe 00 00 00 00 00 00 00 00 00 00
  [4187:4187] (1B) tail A=ff B=fe
    ctxA ff 00 00 5a e4 00 00 0d ca cd 0f 00 07 00 00 ff
    ctxB fe 00 00 00 00 00 00 00 00 00 00 00 00 00 00 ff
  [4190:4191] (2B) tail A=5a e4 B=00 00
    ctxA 5a e4 00 00 0d ca cd 0f 00 07 00 00 ff ff 00 00
    ctxB 00 00 00 00 00 00 00 00 00 00 00 00 ff fe 00 00
  [4194:4197] (4B) tail A=0d ca cd 0f B=00 00 00 00
    ctxA 0d ca cd 0f 00 07 00 00 ff ff 00 00 57 98 00 00
    ctxB 00 00 00 00 00 00 00 00 ff fe 00 00 00 00 00 00
  [4199:4199] (1B) tail A=07 B=00
    ctxA 07 00 00 ff ff 00 00 57 98 00 00 0a 89 cd 02 00
    ctxB 00 00 00 ff fe 00 00 00 00 00 00 00 00 00 00 00
  [4203:4203] (1B) tail A=ff B=fe
    ctxA ff 00 00 57 98 00 00 0a 89 cd 02 00 07 00 00 ff
    ctxB fe 00 00 00 00 00 00 00 00 00 00 00 00 00 00 ff
  [4206:4207] (2B) tail A=57 98 B=00 00
    ctxA 57 98 00 00 0a 89 cd 02 00 07 00 00 ff ff 00 00
    ctxB 00 00 00 00 00 00 00 00 00 00 00 00 ff fe 00 00
  [4210:4213] (4B) tail A=0a 89 cd 02 B=00 00 00 00
    ctxA 0a 89 cd 02 00 07 00 00 ff ff 00 00 54 78 00 00
    ctxB 00 00 00 00 00 00 00 00 ff fe 00 00 00 00 00 00
  [4215:4215] (1B) tail A=07 B=00
    ctxA 07 00 00 ff ff 00 00 54 78 00 00 14 c5 cd 0c 20
    ctxB 00 00 00 ff fe 00 00 00 00 00 00 00 00 00 00 00
  [4219:4219] (1B) tail A=ff B=fe
    ctxA ff 00 00 54 78 00 00 14 c5 cd 0c 20 07 00 00 ff
    ctxB fe 00 00 00 00 00 00 00 00 00 00 00 00 00 00 ff
  [4222:4223] (2B) tail A=54 78 B=00 00
    ctxA 54 78 00 00 14 c5 cd 0c 20 07 00 00 ff ff 00 00
    ctxB 00 00 00 00 00 00 00 00 00 00 00 00 ff fe 00 00
  [4226:4231] (6B) tail A=14 c5 cd 0c 20 07 B=00 00 00 00 00 00
    ctxA 14 c5 cd 0c 20 07 00 00 ff ff 00 00 52 a0 00 00
    ctxB 00 00 00 00 00 00 00 00 ff fe 00 00 00 00 00 00
  [4235:4235] (1B) tail A=ff B=fe
    ctxA ff 00 00 52 a0 00 00 05 07 cd 0d 00 07 00 00 ff
    ctxB fe 00 00 00 00 00 00 00 00 00 00 00 00 00 00 ff
  [4238:4239] (2B) tail A=52 a0 B=00 00
    ctxA 52 a0 00 00 05 07 cd 0d 00 07 00 00 ff ff 00 00
    ctxB 00 00 00 00 00 00 00 00 00 00 00 00 ff fe 00 00
  [4242:4245] (4B) tail A=05 07 cd 0d B=00 00 00 00
    ctxA 05 07 cd 0d 00 07 00 00 ff ff 00 00 42 00 00 00
    ctxB 00 00 00 00 00 00 00 00 ff fe 00 00 00 00 00 00
  [4247:4247] (1B) tail A=07 B=00
    ctxA 07 00 00 ff ff 00 00 42 00 00 00 06 00 cc 80 40
    ctxB 00 00 00 ff fe 00 00 00 00 00 00 00 00 00 00 00
  [4251:4251] (1B) tail A=ff B=fe
    ctxA ff 00 00 42 00 00 00 06 00 cc 80 40 07 00 00 ff
    ctxB fe 00 00 00 00 00 00 00 00 00 00 00 00 00 00 ff
  [4254:4254] (1B) tail A=42 B=00
    ctxA 42 00 00 00 06 00 cc 80 40 07 00 00 ff ff 00 00
    ctxB 00 00 00 00 00 00 00 00 00 00 00 00 ff fe 00 00
  [4258:4258] (1B) tail A=06 B=00
    ctxA 06 00 cc 80 40 07 00 00 ff ff 00 00 46 00 00 00
    ctxB 00 00 00 00 00 00 00 00 ff fe 00 00 00 00 00 00
  [4260:4263] (4B) tail A=cc 80 40 07 B=00 00 00 00
    ctxA cc 80 40 07 00 00 ff ff 00 00 46 00 00 00 06 00
    ctxB 00 00 00 00 00 00 ff fe 00 00 00 00 00 00 00 00
  [4267:4267] (1B) tail A=ff B=fe
    ctxA ff 00 00 46 00 00 00 06 00 cc 80 40 07 00 00 ff
    ctxB fe 00 00 00 00 00 00 00 00 00 00 00 00 00 00 ff
  [4270:4270] (1B) tail A=46 B=00
    ctxA 46 00 00 00 06 00 cc 80 40 07 00 00 ff ff 00 00
    ctxB 00 00 00 00 00 00 00 00 00 00 00 00 ff fe 00 00
  [4274:4274] (1B) tail A=06 B=00
    ctxA 06 00 cc 80 40 07 00 00 ff ff 00 00 46 00 00 00
    ctxB 00 00 00 00 00 00 00 00 ff fe 00 00 00 00 00 00
  [4276:4279] (4B) tail A=cc 80 40 07 B=00 00 00 00
    ctxA cc 80 40 07 00 00 ff ff 00 00 46 00 00 00 0e 00
    ctxB 00 00 00 00 00 00 ff fe 00 00 00 00 00 00 00 00
  [4283:4283] (1B) tail A=ff B=fe
    ctxA ff 00 00 46 00 00 00 0e 00 cc 80 40 07 00 00 ff
    ctxB fe 00 00 00 00 00 00 00 00 00 00 00 00 00 00 ff
  [4286:4286] (1B) tail A=46 B=00
    ctxA 46 00 00 00 0e 00 cc 80 40 07 00 00 ff ff 00 00
    ctxB 00 00 00 00 00 00 00 00 00 00 00 00 ff fe 00 00
  [4290:4290] (1B) tail A=0e B=00
    ctxA 0e 00 cc 80 40 07 00 00 ff ff 00 00 4a 00 00 00
    ctxB 00 00 00 00 00 00 00 00 ff fe 00 00 00 00 00 00
  [4292:4295] (4B) tail A=cc 80 40 07 B=00 00 00 00
    ctxA cc 80 40 07 00 00 ff ff 00 00 4a 00 00 00 0e 00
    ctxB 00 00 00 00 00 00 ff fe 00 00 00 00 00 00 00 00
  [4299:4299] (1B) tail A=ff B=fe
    ctxA ff 00 00 4a 00 00 00 0e 00 cc 80 40 07 00 00 ff
    ctxB fe 00 00 00 00 00 00 00 00 00 00 00 00 00 00 ff
  [4302:4302] (1B) tail A=4a B=00
    ctxA 4a 00 00 00 0e 00 cc 80 40 07 00 00 ff ff 00 00
    ctxB 00 00 00 00 00 00 00 00 00 00 00 00 ff fe 00 00
  [4306:4306] (1B) tail A=0e B=00
    ctxA 0e 00 cc 80 40 07 00 00 ff ff 00 00 4a 00 00 00
    ctxB 00 00 00 00 00 00 00 00 ff fe 00 00 00 00 00 00
  [4308:4311] (4B) tail A=cc 80 40 07 B=00 00 00 00
    ctxA cc 80 40 07 00 00 ff ff 00 00 4a 00 00 00 06 00
    ctxB 00 00 00 00 00 00 ff fe 00 00 00 00 00 00 00 00
  [4315:4315] (1B) tail A=ff B=fe
    ctxA ff 00 00 4a 00 00 00 06 00 cc 81 40 07 00 00 ff
    ctxB fe 00 00 00 00 00 00 00 00 00 00 00 00 00 00 ff
  [4318:4318] (1B) tail A=4a B=00
    ctxA 4a 00 00 00 06 00 cc 81 40 07 00 00 ff ff 00 00
    ctxB 00 00 00 00 00 00 00 00 00 00 00 00 ff fe 00 00
  [4322:4322] (1B) tail A=06 B=00
    ctxA 06 00 cc 81 40 07 00 00 ff ff 00 00 42 00 00 00
    ctxB 00 00 00 00 00 00 00 00 ff fe 00 00 00 00 00 00
  [4324:4327] (4B) tail A=cc 81 40 07 B=00 00 00 00
    ctxA cc 81 40 07 00 00 ff ff 00 00 42 00 00 00 0e 00
    ctxB 00 00 00 00 00 00 ff fe 00 00 00 00 00 00 00 00
  [4331:4331] (1B) tail A=ff B=fe
    ctxA ff 00 00 42 00 00 00 0e 00 cc 81 40 07 00 00 ff
    ctxB fe 00 00 00 00 00 00 00 00 00 00 00 00 00 00 ff
  [4334:4334] (1B) tail A=42 B=00
    ctxA 42 00 00 00 0e 00 cc 81 40 07 00 00 ff ff 00 00
    ctxB 00 00 00 00 00 00 00 00 00 00 00 00 ff fe 00 00
  [4338:4338] (1B) tail A=0e B=00
    ctxA 0e 00 cc 81 40 07 00 00 ff ff 00 00 48 a5 00 00
    ctxB 00 00 00 00 00 00 00 00 ff fe 00 00 00 00 00 00
  [4340:4343] (4B) tail A=cc 81 40 07 B=00 00 00 00
    ctxA cc 81 40 07 00 00 ff ff 00 00 48 a5 00 00 05 75
    ctxB 00 00 00 00 00 00 ff fe 00 00 00 00 00 00 00 00
  [4347:4347] (1B) tail A=ff B=fe
    ctxA ff 00 00 48 a5 00 00 05 75 cc 82 00 07 00 00 00
    ctxB fe 00 00 00 00 00 00 00 00 00 00 00 00 00 00 ff
  [4350:4351] (2B) tail A=48 a5 B=00 00
    ctxA 48 a5 00 00 05 75 cc 82 00 07 00 00 00 c4 00 00
    ctxB 00 00 00 00 00 00 00 00 00 00 00 00 ff fe 00 00
  [4354:4357] (4B) tail A=05 75 cc 82 B=00 00 00 00
    ctxA 05 75 cc 82 00 07 00 00 00 c4 00 00 41 f1 00 00
    ctxB 00 00 00 00 00 00 00 00 ff fe 00 00 00 00 00 00
  [4359:4359] (1B) tail A=07 B=00
    ctxA 07 00 00 00 c4 00 00 41 f1 00 00 0c 93 cc 82 00
    ctxB 00 00 00 ff fe 00 00 00 00 00 00 00 00 00 00 00
  [4362:4363] (2B) tail A=00 c4 B=ff fe
    ctxA 00 c4 00 00 41 f1 00 00 0c 93 cc 82 00 07 00 00
    ctxB ff fe 00 00 00 00 00 00 00 00 00 00 00 00 00 00
  [4366:4367] (2B) tail A=41 f1 B=00 00
    ctxA 41 f1 00 00 0c 93 cc 82 00 07 00 00 00 c5 00 00
    ctxB 00 00 00 00 00 00 00 00 00 00 00 00 ff fe 00 00
  [4370:4373] (4B) tail A=0c 93 cc 82 B=00 00 00 00
    ctxA 0c 93 cc 82 00 07 00 00 00 c5 00 00 12 1d 00 00
    ctxB 00 00 00 00 00 00 00 00 ff fe 00 00 00 00 00 00
  [4375:4375] (1B) tail A=07 B=00
    ctxA 07 00 00 00 c5 00 00 12 1d 00 00 0a 17 cd 03 00
    ctxB 00 00 00 ff fe 00 00 00 00 00 00 00 00 00 00 00
  [4378:4379] (2B) tail A=00 c5 B=ff fe
    ctxA 00 c5 00 00 12 1d 00 00 0a 17 cd 03 00 07 00 00
    ctxB ff fe 00 00 00 00 00 00 00 00 00 00 00 00 00 00
  [4382:4383] (2B) tail A=12 1d B=00 00
    ctxA 12 1d 00 00 0a 17 cd 03 00 07 00 00 ff ff 00 00
    ctxB 00 00 00 00 00 00 00 00 00 00 00 00 ff fe 00 00
  [4386:4389] (4B) tail A=0a 17 cd 03 B=00 00 00 00
    ctxA 0a 17 cd 03 00 07 00 00 ff ff 00 00 1c d0 00 00
    ctxB 00 00 00 00 00 00 00 00 ff fe 00 00 00 00 00 00
  [4391:4391] (1B) tail A=07 B=00
    ctxA 07 00 00 ff ff 00 00 1c d0 00 00 0b 64 cc 82 00
    ctxB 00 00 00 ff fe 00 00 00 00 00 00 00 00 00 00 00
  [4395:4395] (1B) tail A=ff B=fe
    ctxA ff 00 00 1c d0 00 00 0b 64 cc 82 00 07 00 00 00
    ctxB fe 00 00 00 00 00 00 00 00 00 00 00 00 00 00 ff
  [4398:4399] (2B) tail A=1c d0 B=00 00
    ctxA 1c d0 00 00 0b 64 cc 82 00 07 00 00 00 98 00 00
    ctxB 00 00 00 00 00 00 00 00 00 00 00 00 ff fe 00 00
  [4402:4405] (4B) tail A=0b 64 cc 82 B=00 00 00 00
    ctxA 0b 64 cc 82 00 07 00 00 00 98 00 00 17 05 00 00
    ctxB 00 00 00 00 00 00 00 00 ff fe 00 00 00 00 00 00
  [4407:4407] (1B) tail A=07 B=00
    ctxA 07 00 00 00 98 00 00 17 05 00 00 08 f7 cd 04 00
    ctxB 00 00 00 ff fe 00 00 00 00 00 00 00 00 00 00 00
  [4410:4411] (2B) tail A=00 98 B=ff fe
    ctxA 00 98 00 00 17 05 00 00 08 f7 cd 04 00 07 00 00
    ctxB ff fe 00 00 00 00 00 00 00 00 00 00 00 00 00 00
  [4414:4415] (2B) tail A=17 05 B=00 00
    ctxA 17 05 00 00 08 f7 cd 04 00 07 00 00 ff ff 00 00
    ctxB 00 00 00 00 00 00 00 00 00 00 00 00 ff fe 00 00
  [4418:4421] (4B) tail A=08 f7 cd 04 B=00 00 00 00
    ctxA 08 f7 cd 04 00 07 00 00 ff ff 00 00 09 3f 00 00
    ctxB 00 00 00 00 00 00 00 00 ff fe 00 00 00 00 00 00
  [4423:4423] (1B) tail A=07 B=00
    ctxA 07 00 00 ff ff 00 00 09 3f 00 00 13 c3 cd 10 20
    ctxB 00 00 00 ff fe 00 00 00 00 00 00 00 00 00 00 00
  [4427:4427] (1B) tail A=ff B=fe
    ctxA ff 00 00 09 3f 00 00 13 c3 cd 10 20 07 00 00 ff
    ctxB fe 00 00 00 00 00 00 00 00 00 00 00 00 00 00 ff
  [4430:4431] (2B) tail A=09 3f B=00 00
    ctxA 09 3f 00 00 13 c3 cd 10 20 07 00 00 ff ff 00 00
    ctxB 00 00 00 00 00 00 00 00 00 00 00 00 ff fe 00 00
  [4434:4439] (6B) tail A=13 c3 cd 10 20 07 B=00 00 00 00 00 00
    ctxA 13 c3 cd 10 20 07 00 00 ff ff 00 00 05 d1 00 00
    ctxB 00 00 00 00 00 00 00 00 ff fe 00 00 00 00 00 00
  [4443:4443] (1B) tail A=ff B=fe
    ctxA ff 00 00 05 d1 00 00 0e b8 c0 30 00 07 00 00 ff
    ctxB fe 00 00 00 00 00 00 00 00 00 00 00 00 00 00 ff
  [4446:4447] (2B) tail A=05 d1 B=00 00
    ctxA 05 d1 00 00 0e b8 c0 30 00 07 00 00 ff ff 00 00
    ctxB 00 00 00 00 00 00 00 00 00 00 00 00 ff fe 00 00
  [4450:4453] (4B) tail A=0e b8 c0 30 B=00 00 00 00
    ctxA 0e b8 c0 30 00 07 00 00 ff ff 00 00 06 42 00 00
    ctxB 00 00 00 00 00 00 00 00 ff fe 00 00 00 00 00 00
  [4455:4455] (1B) tail A=07 B=00
    ctxA 07 00 00 ff ff 00 00 06 42 00 00 1d 00 cd 05 20
    ctxB 00 00 00 ff fe 00 00 00 00 00 00 00 00 00 00 00
  [4459:4459] (1B) tail A=ff B=fe
    ctxA ff 00 00 06 42 00 00 1d 00 cd 05 20 07 00 00 ff
    ctxB fe 00 00 00 00 00 00 00 00 00 00 00 00 00 00 ff
  [4462:4463] (2B) tail A=06 42 B=00 00
    ctxA 06 42 00 00 1d 00 cd 05 20 07 00 00 ff ff 00 00
    ctxB 00 00 00 00 00 00 00 00 00 00 00 00 ff fe 00 00
  [4466:4466] (1B) tail A=1d B=00
    ctxA 1d 00 cd 05 20 07 00 00 ff ff 00 00 1c f1 00 00
    ctxB 00 00 00 00 00 00 00 00 ff fe 00 00 00 00 00 00
  [4468:4471] (4B) tail A=cd 05 20 07 B=00 00 00 00
    ctxA cd 05 20 07 00 00 ff ff 00 00 1c f1 00 00 26 2c
    ctxB 00 00 00 00 00 00 ff fe 00 00 00 00 00 00 00 00
  [4475:4475] (1B) tail A=ff B=fe
    ctxA ff 00 00 1c f1 00 00 26 2c cd 01 20 07 00 00 ff
    ctxB fe 00 00 00 00 00 00 00 00 00 00 00 00 00 00 ff
  [4478:4479] (2B) tail A=1c f1 B=00 00
    ctxA 1c f1 00 00 26 2c cd 01 20 07 00 00 ff ff 00 00
    ctxB 00 00 00 00 00 00 00 00 00 00 00 00 ff fe 00 00
  [4482:4487] (6B) tail A=26 2c cd 01 20 07 B=00 00 00 00 00 00
    ctxA 26 2c cd 01 20 07 00 00 ff ff 00 00 19 b1 00 00
    ctxB 00 00 00 00 00 00 00 00 ff fe 00 00 00 00 00 00
  [4491:4491] (1B) tail A=ff B=fe
    ctxA ff 00 00 19 b1 00 00 22 3e cd 06 20 07 00 00 ff
    ctxB fe 00 00 00 00 00 00 00 00 00 00 00 00 00 00 ff
  [4494:4495] (2B) tail A=19 b1 B=00 00
    ctxA 19 b1 00 00 22 3e cd 06 20 07 00 00 ff ff 00 00
    ctxB 00 00 00 00 00 00 00 00 00 00 00 00 ff fe 00 00
  [4498:4503] (6B) tail A=22 3e cd 06 20 07 B=00 00 00 00 00 00
    ctxA 22 3e cd 06 20 07 00 00 ff ff 00 00 1d 34 00 00
    ctxB 00 00 00 00 00 00 00 00 ff fe 00 00 00 00 00 00
  [4507:4507] (1B) tail A=ff B=fe
    ctxA ff 00 00 1d 34 00 00 2e 41 cd 11 20 07 00 00 ff
    ctxB fe 00 00 00 00 00 00 00 00 00 00 00 00 00 00 ff
  [4510:4511] (2B) tail A=1d 34 B=00 00
    ctxA 1d 34 00 00 2e 41 cd 11 20 07 00 00 ff ff 00 00
    ctxB 00 00 00 00 00 00 00 00 00 00 00 00 ff fe 00 00
  [4514:4519] (6B) tail A=2e 41 cd 11 20 07 B=00 00 00 00 00 00
    ctxA 2e 41 cd 11 20 07 00 00 ff ff 00 00 15 c5 00 00
    ctxB 00 00 00 00 00 00 00 00 ff fe 00 00 00 00 00 00
  [4523:4523] (1B) tail A=ff B=fe
    ctxA ff 00 00 15 c5 00 00 15 24 cd 0e 00 07 00 00 ff
    ctxB fe 00 00 00 00 00 00 00 00 00 00 00 00 00 00 ff
  [4526:4527] (2B) tail A=15 c5 B=00 00
    ctxA 15 c5 00 00 15 24 cd 0e 00 07 00 00 ff ff 00 00
    ctxB 00 00 00 00 00 00 00 00 00 00 00 00 ff fe 00 00
  [4530:4533] (4B) tail A=15 24 cd 0e B=00 00 00 00
    ctxA 15 24 cd 0e 00 07 00 00 ff ff 00 00 20 ec 00 00
    ctxB 00 00 00 00 00 00 00 00 ff fe 00 00 00 00 00 00
  [4535:4535] (1B) tail A=07 B=00
    ctxA 07 00 00 ff ff 00 00 20 ec 00 00 1a 9a cd 0b 20
    ctxB 00 00 00 ff fe 00 00 00 00 00 00 00 00 00 00 00
  [4539:4539] (1B) tail A=ff B=fe
    ctxA ff 00 00 20 ec 00 00 1a 9a cd 0b 20 07 00 00 ff
    ctxB fe 00 00 00 00 00 00 00 00 00 00 00 00 00 00 ff
  [4542:4543] (2B) tail A=20 ec B=00 00
    ctxA 20 ec 00 00 1a 9a cd 0b 20 07 00 00 ff ff 00 00
    ctxB 00 00 00 00 00 00 00 00 00 00 00 00 ff fe 00 00
  [4546:4551] (6B) tail A=1a 9a cd 0b 20 07 B=00 00 00 00 00 00
    ctxA 1a 9a cd 0b 20 07 00 00 ff ff 00 00 31 07 00 00
    ctxB 00 00 00 00 00 00 00 00 ff fe 00 00 00 00 00 00
  [4555:4555] (1B) tail A=ff B=fe
    ctxA ff 00 00 31 07 00 00 35 eb cd 0d 20 07 00 00 00
    ctxB fe 00 00 00 00 00 00 00 00 00 00 00 00 00 00 ff
  [4558:4559] (2B) tail A=31 07 B=00 00
    ctxA 31 07 00 00 35 eb cd 0d 20 07 00 00 00 9d 00 00
    ctxB 00 00 00 00 00 00 00 00 00 00 00 00 ff fe 00 00
  [4562:4567] (6B) tail A=35 eb cd 0d 20 07 B=00 00 00 00 00 00
    ctxA 35 eb cd 0d 20 07 00 00 00 9d 00 00 78 aa 00 00
    ctxB 00 00 00 00 00 00 00 00 ff fe 00 00 00 00 00 00
  [4570:4571] (2B) tail A=00 9d B=ff fe
    ctxA 00 9d 00 00 78 aa 00 00 3b 5c c1 00 e0 07 00 00
    ctxB ff fe 00 00 00 00 00 00 00 00 00 00 00 00 00 00
  [4574:4575] (2B) tail A=78 aa B=00 00
    ctxA 78 aa 00 00 3b 5c c1 00 e0 07 00 00 ff ff 00 00
    ctxB 00 00 00 00 00 00 00 00 00 00 00 00 ff fe 00 00
  [4578:4580] (3B) tail A=3b 5c c1 B=00 00 00
    ctxA 3b 5c c1 00 e0 07 00 00 ff ff 00 00 3a 01 00 00
    ctxB 00 00 00 00 00 00 00 00 ff fe 00 00 00 00 00 00
  [4582:4583] (2B) tail A=e0 07 B=00 00
    ctxA e0 07 00 00 ff ff 00 00 3a 01 00 00 3e ff cd 10
    ctxB 00 00 00 00 ff fe 00 00 00 00 00 00 00 00 00 00
  [4587:4587] (1B) tail A=ff B=fe
    ctxA ff 00 00 3a 01 00 00 3e ff cd 10 20 07 00 00 ff
    ctxB fe 00 00 00 00 00 00 00 00 00 00 00 00 00 00 ff
  [4590:4591] (2B) tail A=3a 01 B=00 00
    ctxA 3a 01 00 00 3e ff cd 10 20 07 00 00 ff ff 00 00
    ctxB 00 00 00 00 00 00 00 00 00 00 00 00 ff fe 00 00
  [4594:4599] (6B) tail A=3e ff cd 10 20 07 B=00 00 00 00 00 00
    ctxA 3e ff cd 10 20 07 00 00 ff ff 00 00 48 ea 00 00
    ctxB 00 00 00 00 00 00 00 00 ff fe 00 00 00 00 00 00
  [4603:4603] (1B) tail A=ff B=fe
    ctxA ff 00 00 48 ea 00 00 3e 5e cd 11 20 07 00 00 ff
    ctxB fe 00 00 00 00 00 00 00 00 00 00 00 00 00 00 ff
  [4606:4607] (2B) tail A=48 ea B=00 00
    ctxA 48 ea 00 00 3e 5e cd 11 20 07 00 00 ff ff 00 00
    ctxB 00 00 00 00 00 00 00 00 00 00 00 00 ff fe 00 00
  [4610:4615] (6B) tail A=3e 5e cd 11 20 07 B=00 00 00 00 00 00
    ctxA 3e 5e cd 11 20 07 00 00 ff ff 00 00 48 93 00 00
    ctxB 00 00 00 00 00 00 00 00 ff fe 00 00 00 00 00 00
  [4619:4619] (1B) tail A=ff B=fe
    ctxA ff 00 00 48 93 00 00 35 e4 cd 01 20 07 00 00 ff
    ctxB fe 00 00 00 00 00 00 00 00 00 00 00 00 00 00 ff
  [4622:4623] (2B) tail A=48 93 B=00 00
    ctxA 48 93 00 00 35 e4 cd 01 20 07 00 00 ff ff 00 00
    ctxB 00 00 00 00 00 00 00 00 00 00 00 00 ff fe 00 00
  [4626:4631] (6B) tail A=35 e4 cd 01 20 07 B=00 00 00 00 00 00
    ctxA 35 e4 cd 01 20 07 00 00 ff ff 00 00 42 fa 00 00
    ctxB 00 00 00 00 00 00 00 00 ff fe 00 00 00 00 00 00
  [4635:4635] (1B) tail A=ff B=fe
    ctxA ff 00 00 42 fa 00 00 3c ad cd 05 20 07 00 00 ff
    ctxB fe 00 00 00 00 00 00 00 00 00 00 00 00 00 00 ff
  [4638:4639] (2B) tail A=42 fa B=00 00
    ctxA 42 fa 00 00 3c ad cd 05 20 07 00 00 ff ff 00 00
    ctxB 00 00 00 00 00 00 00 00 00 00 00 00 ff fe 00 00
  [4642:4647] (6B) tail A=3c ad cd 05 20 07 B=00 00 00 00 00 00
    ctxA 3c ad cd 05 20 07 00 00 ff ff 00 00 49 dd 00 00
    ctxB 00 00 00 00 00 00 00 00 ff fe 00 00 00 00 00 00
  [4651:4651] (1B) tail A=ff B=fe
    ctxA ff 00 00 49 dd 00 00 4e 8e cd 0d 00 07 00 00 ff
    ctxB fe 00 00 00 00 00 00 00 00 00 00 00 00 00 00 ff
  [4654:4655] (2B) tail A=49 dd B=00 00
    ctxA 49 dd 00 00 4e 8e cd 0d 00 07 00 00 ff ff 00 00
    ctxB 00 00 00 00 00 00 00 00 00 00 00 00 ff fe 00 00
  [4658:4661] (4B) tail A=4e 8e cd 0d B=00 00 00 00
    ctxA 4e 8e cd 0d 00 07 00 00 ff ff 00 00 43 64 00 00
    ctxB 00 00 00 00 00 00 00 00 ff fe 00 00 00 00 00 00
  [4663:4663] (1B) tail A=07 B=00
    ctxA 07 00 00 ff ff 00 00 43 64 00 00 4b 50 cd 00 00
    ctxB 00 00 00 ff fe 00 00 00 00 00 00 00 00 00 00 00
  [4667:4667] (1B) tail A=ff B=fe
    ctxA ff 00 00 43 64 00 00 4b 50 cd 00 00 07 00 00 ff
    ctxB fe 00 00 00 00 00 00 00 00 00 00 00 00 00 00 ff
  [4670:4671] (2B) tail A=43 64 B=00 00
    ctxA 43 64 00 00 4b 50 cd 00 00 07 00 00 ff ff 00 00
    ctxB 00 00 00 00 00 00 00 00 00 00 00 00 ff fe 00 00
  [4674:4676] (3B) tail A=4b 50 cd B=00 00 00
    ctxA 4b 50 cd 00 00 07 00 00 ff ff 00 00 4a 27 00 00
    ctxB 00 00 00 00 00 00 00 00 ff fe 00 00 00 00 00 00
  [4679:4679] (1B) tail A=07 B=00
    ctxA 07 00 00 ff ff 00 00 4a 27 00 00 45 53 cd 08 00
    ctxB 00 00 00 ff fe 00 00 00 00 00 00 00 00 00 00 00
  [4683:4683] (1B) tail A=ff B=fe
    ctxA ff 00 00 4a 27 00 00 45 53 cd 08 00 07 00 00 ff
    ctxB fe 00 00 00 00 00 00 00 00 00 00 00 00 00 00 ff
  [4686:4687] (2B) tail A=4a 27 B=00 00
    ctxA 4a 27 00 00 45 53 cd 08 00 07 00 00 ff ff 00 00
    ctxB 00 00 00 00 00 00 00 00 00 00 00 00 ff fe 00 00
  [4690:4693] (4B) tail A=45 53 cd 08 B=00 00 00 00
    ctxA 45 53 cd 08 00 07 00 00 ff ff 00 00 44 de 00 00
    ctxB 00 00 00 00 00 00 00 00 ff fe 00 00 00 00 00 00
  [4695:4695] (1B) tail A=07 B=00
    ctxA 07 00 00 ff ff 00 00 44 de 00 00 4d dc c1 00 c0
    ctxB 00 00 00 ff fe 00 00 00 00 00 00 00 00 00 00 00
  [4699:4699] (1B) tail A=ff B=fe
    ctxA ff 00 00 44 de 00 00 4d dc c1 00 c0 07 00 00 ff
    ctxB fe 00 00 00 00 00 00 00 00 00 00 00 00 00 00 ff
  [4702:4703] (2B) tail A=44 de B=00 00
    ctxA 44 de 00 00 4d dc c1 00 c0 07 00 00 ff ff 00 00
    ctxB 00 00 00 00 00 00 00 00 00 00 00 00 ff fe 00 00
  [4706:4708] (3B) tail A=4d dc c1 B=00 00 00
    ctxA 4d dc c1 00 c0 07 00 00 ff ff 00 00 41 e5 00 00
    ctxB 00 00 00 00 00 00 00 00 ff fe 00 00 00 00 00 00
  [4710:4711] (2B) tail A=c0 07 B=00 00
    ctxA c0 07 00 00 ff ff 00 00 41 e5 00 00 27 19 cd 03
    ctxB 00 00 00 00 ff fe 00 00 00 00 00 00 00 00 00 00
  [4715:4715] (1B) tail A=ff B=fe
    ctxA ff 00 00 41 e5 00 00 27 19 cd 03 20 07 00 00 ff
    ctxB fe 00 00 00 00 00 00 00 00 00 00 00 00 00 00 ff
  [4718:4719] (2B) tail A=41 e5 B=00 00
    ctxA 41 e5 00 00 27 19 cd 03 20 07 00 00 ff ff 00 00
    ctxB 00 00 00 00 00 00 00 00 00 00 00 00 ff fe 00 00
  [4722:4727] (6B) tail A=27 19 cd 03 20 07 B=00 00 00 00 00 00
    ctxA 27 19 cd 03 20 07 00 00 ff ff 00 00 41 74 00 00
    ctxB 00 00 00 00 00 00 00 00 ff fe 00 00 00 00 00 00
  [4731:4731] (1B) tail A=ff B=fe
    ctxA ff 00 00 41 74 00 00 2d 0f cd 06 20 07 00 00 ff
    ctxB fe 00 00 00 00 00 00 00 00 00 00 00 00 00 00 ff
  [4734:4735] (2B) tail A=41 74 B=00 00
    ctxA 41 74 00 00 2d 0f cd 06 20 07 00 00 ff ff 00 00
    ctxB 00 00 00 00 00 00 00 00 00 00 00 00 ff fe 00 00
  [4738:4743] (6B) tail A=2d 0f cd 06 20 07 B=00 00 00 00 00 00
    ctxA 2d 0f cd 06 20 07 00 00 ff ff 00 00 59 33 00 00
    ctxB 00 00 00 00 00 00 00 00 ff fe 00 00 00 00 00 00
  [4747:4747] (1B) tail A=ff B=fe
    ctxA ff 00 00 59 33 00 00 28 4a cd 00 20 07 00 00 00
    ctxB fe 00 00 00 00 00 00 00 00 00 00 00 00 00 00 ff
  [4750:4751] (2B) tail A=59 33 B=00 00
    ctxA 59 33 00 00 28 4a cd 00 20 07 00 00 00 a3 00 00
    ctxB 00 00 00 00 00 00 00 00 00 00 00 00 ff fe 00 00
  [4754:4756] (3B) tail A=28 4a cd B=00 00 00
    ctxA 28 4a cd 00 20 07 00 00 00 a3 00 00 52 ff 00 00
    ctxB 00 00 00 00 00 00 00 00 ff fe 00 00 00 00 00 00
  [4758:4759] (2B) tail A=20 07 B=00 00
    ctxA 20 07 00 00 00 a3 00 00 52 ff 00 00 27 82 cd 0c
    ctxB 00 00 00 00 ff fe 00 00 00 00 00 00 00 00 00 00
  [4762:4763] (2B) tail A=00 a3 B=ff fe
    ctxA 00 a3 00 00 52 ff 00 00 27 82 cd 0c 20 07 00 00
    ctxB ff fe 00 00 00 00 00 00 00 00 00 00 00 00 00 00
  [4766:4767] (2B) tail A=52 ff B=00 00
    ctxA 52 ff 00 00 27 82 cd 0c 20 07 00 00 ff ff 00 00
    ctxB 00 00 00 00 00 00 00 00 00 00 00 00 ff fe 00 00
  [4770:4775] (6B) tail A=27 82 cd 0c 20 07 B=00 00 00 00 00 00
    ctxA 27 82 cd 0c 20 07 00 00 ff ff 00 00 51 36 00 00
    ctxB 00 00 00 00 00 00 00 00 ff fe 00 00 00 00 00 00
  [4779:4779] (1B) tail A=ff B=fe
    ctxA ff 00 00 51 36 00 00 2e d6 cd 0b 20 07 00 00 ff
    ctxB fe 00 00 00 00 00 00 00 00 00 00 00 00 00 00 ff
  [4782:4783] (2B) tail A=51 36 B=00 00
    ctxA 51 36 00 00 2e d6 cd 0b 20 07 00 00 ff ff 00 00
    ctxB 00 00 00 00 00 00 00 00 00 00 00 00 ff fe 00 00
  [4786:4791] (6B) tail A=2e d6 cd 0b 20 07 B=00 00 00 00 00 00
    ctxA 2e d6 cd 0b 20 07 00 00 ff ff 00 00 59 52 00 00
    ctxB 00 00 00 00 00 00 00 00 ff fe 00 00 00 00 00 00
  [4795:4795] (1B) tail A=ff B=fe
    ctxA ff 00 00 59 52 00 00 3a de cd 0e 20 07 00 00 ff
    ctxB fe 00 00 00 00 00 00 00 00 00 00 00 00 00 00 ff
  [4798:4799] (2B) tail A=59 52 B=00 00
    ctxA 59 52 00 00 3a de cd 0e 20 07 00 00 ff ff 00 00
    ctxB 00 00 00 00 00 00 00 00 00 00 00 00 ff fe 00 00
  [4802:4807] (6B) tail A=3a de cd 0e 20 07 B=00 00 00 00 00 00
    ctxA 3a de cd 0e 20 07 00 00 ff ff 00 00 52 3b 00 00
    ctxB 00 00 00 00 00 00 00 00 ff fe 00 00 00 00 00 00
  [4811:4811] (1B) tail A=ff B=fe
    ctxA ff 00 00 52 3b 00 00 3d ae cd 01 00 07 00 00 ff
    ctxB fe 00 00 00 00 00 00 00 00 00 00 00 00 00 00 ff
  [4814:4815] (2B) tail A=52 3b B=00 00
    ctxA 52 3b 00 00 3d ae cd 01 00 07 00 00 ff ff 00 00
    ctxB 00 00 00 00 00 00 00 00 00 00 00 00 ff fe 00 00
  [4818:4821] (4B) tail A=3d ae cd 01 B=00 00 00 00
    ctxA 3d ae cd 01 00 07 00 00 ff ff 00 00 53 03 00 00
    ctxB 00 00 00 00 00 00 00 00 ff fe 00 00 00 00 00 00
  [4823:4823] (1B) tail A=07 B=00
    ctxA 07 00 00 ff ff 00 00 53 03 00 00 3b 67 cd 08 00
    ctxB 00 00 00 ff fe 00 00 00 00 00 00 00 00 00 00 00
  [4827:4827] (1B) tail A=ff B=fe
    ctxA ff 00 00 53 03 00 00 3b 67 cd 08 00 07 00 00 ff
    ctxB fe 00 00 00 00 00 00 00 00 00 00 00 00 00 00 ff
  [4830:4831] (2B) tail A=53 03 B=00 00
    ctxA 53 03 00 00 3b 67 cd 08 00 07 00 00 ff ff 00 00
    ctxB 00 00 00 00 00 00 00 00 00 00 00 00 ff fe 00 00
  [4834:4837] (4B) tail A=3b 67 cd 08 B=00 00 00 00
    ctxA 3b 67 cd 08 00 07 00 00 ff ff 00 00 51 d6 00 00
    ctxB 00 00 00 00 00 00 00 00 ff fe 00 00 00 00 00 00
  [4839:4839] (1B) tail A=07 B=00
    ctxA 07 00 00 ff ff 00 00 51 d6 00 00 35 1a cd 0a 00
    ctxB 00 00 00 ff fe 00 00 00 00 00 00 00 00 00 00 00
  [4843:4843] (1B) tail A=ff B=fe
    ctxA ff 00 00 51 d6 00 00 35 1a cd 0a 00 07 00 00 00
    ctxB fe 00 00 00 00 00 00 00 00 00 00 00 00 00 00 ff
  [4846:4847] (2B) tail A=51 d6 B=00 00
    ctxA 51 d6 00 00 35 1a cd 0a 00 07 00 00 00 a1 00 00
    ctxB 00 00 00 00 00 00 00 00 00 00 00 00 ff fe 00 00
  [4850:4853] (4B) tail A=35 1a cd 0a B=00 00 00 00
    ctxA 35 1a cd 0a 00 07 00 00 00 a1 00 00 65 15 00 00
    ctxB 00 00 00 00 00 00 00 00 ff fe 00 00 00 00 00 00
  [4855:4855] (1B) tail A=07 B=00
    ctxA 07 00 00 00 a1 00 00 65 15 00 00 39 15 cd 0f 20
    ctxB 00 00 00 ff fe 00 00 00 00 00 00 00 00 00 00 00
  [4858:4859] (2B) tail A=00 a1 B=ff fe
    ctxA 00 a1 00 00 65 15 00 00 39 15 cd 0f 20 07 00 00
    ctxB ff fe 00 00 00 00 00 00 00 00 00 00 00 00 00 00
  [4862:4863] (2B) tail A=65 15 B=00 00
    ctxA 65 15 00 00 39 15 cd 0f 20 07 00 00 ff ff 00 00
    ctxB 00 00 00 00 00 00 00 00 00 00 00 00 ff fe 00 00
  [4866:4871] (6B) tail A=39 15 cd 0f 20 07 B=00 00 00 00 00 00
    ctxA 39 15 cd 0f 20 07 00 00 ff ff 00 00 69 29 00 00
    ctxB 00 00 00 00 00 00 00 00 ff fe 00 00 00 00 00 00
  [4875:4875] (1B) tail A=ff B=fe
    ctxA ff 00 00 69 29 00 00 3e 68 cd 01 00 07 00 00 ff
    ctxB fe 00 00 00 00 00 00 00 00 00 00 00 00 00 00 ff
  [4878:4879] (2B) tail A=69 29 B=00 00
    ctxA 69 29 00 00 3e 68 cd 01 00 07 00 00 ff ff 00 00
    ctxB 00 00 00 00 00 00 00 00 00 00 00 00 ff fe 00 00
  [4882:4885] (4B) tail A=3e 68 cd 01 B=00 00 00 00
    ctxA 3e 68 cd 01 00 07 00 00 ff ff 00 00 60 f0 00 00
    ctxB 00 00 00 00 00 00 00 00 ff fe 00 00 00 00 00 00
  [4887:4887] (1B) tail A=07 B=00
    ctxA 07 00 00 ff ff 00 00 60 f0 00 00 35 9f cd 0b 20
    ctxB 00 00 00 ff fe 00 00 00 00 00 00 00 00 00 00 00
  [4891:4891] (1B) tail A=ff B=fe
    ctxA ff 00 00 60 f0 00 00 35 9f cd 0b 20 07 00 00 ff
    ctxB fe 00 00 00 00 00 00 00 00 00 00 00 00 00 00 ff
  [4894:4895] (2B) tail A=60 f0 B=00 00
    ctxA 60 f0 00 00 35 9f cd 0b 20 07 00 00 ff ff 00 00
    ctxB 00 00 00 00 00 00 00 00 00 00 00 00 ff fe 00 00
  [4898:4903] (6B) tail A=35 9f cd 0b 20 07 B=00 00 00 00 00 00
    ctxA 35 9f cd 0b 20 07 00 00 ff ff 00 00 69 c6 00 00
    ctxB 00 00 00 00 00 00 00 00 ff fe 00 00 00 00 00 00
  [4907:4907] (1B) tail A=ff B=fe
    ctxA ff 00 00 69 c6 00 00 4e c2 cd 0c 00 07 00 00 ff
    ctxB fe 00 00 00 00 00 00 00 00 00 00 00 00 00 00 ff
  [4910:4911] (2B) tail A=69 c6 B=00 00
    ctxA 69 c6 00 00 4e c2 cd 0c 00 07 00 00 ff ff 00 00
    ctxB 00 00 00 00 00 00 00 00 00 00 00 00 ff fe 00 00
  [4914:4917] (4B) tail A=4e c2 cd 0c B=00 00 00 00
    ctxA 4e c2 cd 0c 00 07 00 00 ff ff 00 00 61 12 00 00
    ctxB 00 00 00 00 00 00 00 00 ff fe 00 00 00 00 00 00
  [4919:4919] (1B) tail A=07 B=00
    ctxA 07 00 00 ff ff 00 00 61 12 00 00 4a 49 cd 01 00
    ctxB 00 00 00 ff fe 00 00 00 00 00 00 00 00 00 00 00
  [4923:4923] (1B) tail A=ff B=fe
    ctxA ff 00 00 61 12 00 00 4a 49 cd 01 00 07 00 00 ff
    ctxB fe 00 00 00 00 00 00 00 00 00 00 00 00 00 00 ff
  [4926:4927] (2B) tail A=61 12 B=00 00
    ctxA 61 12 00 00 4a 49 cd 01 00 07 00 00 ff ff 00 00
    ctxB 00 00 00 00 00 00 00 00 00 00 00 00 ff fe 00 00
  [4930:4933] (4B) tail A=4a 49 cd 01 B=00 00 00 00
    ctxA 4a 49 cd 01 00 07 00 00 ff ff 00 00 74 e8 00 00
    ctxB 00 00 00 00 00 00 00 00 ff fe 00 00 00 00 00 00
  [4935:4935] (1B) tail A=07 B=00
    ctxA 07 00 00 ff ff 00 00 74 e8 00 00 48 18 cd 01 00
    ctxB 00 00 00 ff fe 00 00 00 00 00 00 00 00 00 00 00
  [4939:4939] (1B) tail A=ff B=fe
    ctxA ff 00 00 74 e8 00 00 48 18 cd 01 00 07 00 00 ff
    ctxB fe 00 00 00 00 00 00 00 00 00 00 00 00 00 00 ff
  [4942:4943] (2B) tail A=74 e8 B=00 00
    ctxA 74 e8 00 00 48 18 cd 01 00 07 00 00 ff ff 00 00
    ctxB 00 00 00 00 00 00 00 00 00 00 00 00 ff fe 00 00
  [4946:4949] (4B) tail A=48 18 cd 01 B=00 00 00 00
    ctxA 48 18 cd 01 00 07 00 00 ff ff 00 00 64 a9 00 00
    ctxB 00 00 00 00 00 00 00 00 ff fe 00 00 00 00 00 00
  [4951:4951] (1B) tail A=07 B=00
    ctxA 07 00 00 ff ff 00 00 64 a9 00 00 45 72 cd 04 00
    ctxB 00 00 00 ff fe 00 00 00 00 00 00 00 00 00 00 00
  [4955:4955] (1B) tail A=ff B=fe
    ctxA ff 00 00 64 a9 00 00 45 72 cd 04 00 07 00 00 ff
    ctxB fe 00 00 00 00 00 00 00 00 00 00 00 00 00 00 ff
  [4958:4959] (2B) tail A=64 a9 B=00 00
    ctxA 64 a9 00 00 45 72 cd 04 00 07 00 00 ff ff 00 00
    ctxB 00 00 00 00 00 00 00 00 00 00 00 00 ff fe 00 00
  [4962:4965] (4B) tail A=45 72 cd 04 B=00 00 00 00
    ctxA 45 72 cd 04 00 07 00 00 ff ff 00 00 76 21 00 00
    ctxB 00 00 00 00 00 00 00 00 ff fe 00 00 00 00 00 00
  [4967:4967] (1B) tail A=07 B=00
    ctxA 07 00 00 ff ff 00 00 76 21 00 00 46 a0 cd 08 00
    ctxB 00 00 00 ff fe 00 00 00 00 00 00 00 00 00 00 00
  [4971:4971] (1B) tail A=ff B=fe
    ctxA ff 00 00 76 21 00 00 46 a0 cd 08 00 07 00 00 ff
    ctxB fe 00 00 00 00 00 00 00 00 00 00 00 00 00 00 ff
  [4974:4975] (2B) tail A=76 21 B=00 00
    ctxA 76 21 00 00 46 a0 cd 08 00 07 00 00 ff ff 00 00
    ctxB 00 00 00 00 00 00 00 00 00 00 00 00 ff fe 00 00
  [4978:4981] (4B) tail A=46 a0 cd 08 B=00 00 00 00
    ctxA 46 a0 cd 08 00 07 00 00 ff ff 00 00 72 00 00 00
    ctxB 00 00 00 00 00 00 00 00 ff fe 00 00 00 00 00 00
  [4983:4983] (1B) tail A=07 B=00
    ctxA 07 00 00 ff ff 00 00 72 00 00 00 4e 00 cc 80 40
    ctxB 00 00 00 ff fe 00 00 00 00 00 00 00 00 00 00 00
  [4987:4987] (1B) tail A=ff B=fe
    ctxA ff 00 00 72 00 00 00 4e 00 cc 80 40 07 00 00 ff
    ctxB fe 00 00 00 00 00 00 00 00 00 00 00 00 00 00 ff
  [4990:4990] (1B) tail A=72 B=00
    ctxA 72 00 00 00 4e 00 cc 80 40 07 00 00 ff ff 00 00
    ctxB 00 00 00 00 00 00 00 00 00 00 00 00 ff fe 00 00
  [4994:4994] (1B) tail A=4e B=00
    ctxA 4e 00 cc 80 40 07 00 00 ff ff 00 00 74 18 00 00
    ctxB 00 00 00 00 00 00 00 00 ff fe 00 00 00 00 00 00
  [4996:4999] (4B) tail A=cc 80 40 07 B=00 00 00 00
    ctxA cc 80 40 07 00 00 ff ff 00 00 74 18 00 00 3b d8
    ctxB 00 00 00 00 00 00 ff fe 00 00 00 00 00 00 00 00
  [5003:5003] (1B) tail A=ff B=fe
    ctxA ff 00 00 74 18 00 00 3b d8 cd 0a 20 07 00 00 00
    ctxB fe 00 00 00 00 00 00 00 00 00 00 00 00 00 00 ff
  [5006:5007] (2B) tail A=74 18 B=00 00
    ctxA 74 18 00 00 3b d8 cd 0a 20 07 00 00 00 a8 00 00
    ctxB 00 00 00 00 00 00 00 00 00 00 00 00 ff fe 00 00
  [5010:5015] (6B) tail A=3b d8 cd 0a 20 07 B=00 00 00 00 00 00
    ctxA 3b d8 cd 0a 20 07 00 00 00 a8 00 00 6a e8 00 00
    ctxB 00 00 00 00 00 00 00 00 ff fe 00 00 00 00 00 00
  [5018:5019] (2B) tail A=00 a8 B=ff fe
    ctxA 00 a8 00 00 6a e8 00 00 39 04 cd 03 20 07 00 00
    ctxB ff fe 00 00 00 00 00 00 00 00 00 00 00 00 00 00
  [5022:5023] (2B) tail A=6a e8 B=00 00
    ctxA 6a e8 00 00 39 04 cd 03 20 07 00 00 ff ff 00 00
    ctxB 00 00 00 00 00 00 00 00 00 00 00 00 ff fe 00 00
  [5026:5031] (6B) tail A=39 04 cd 03 20 07 B=00 00 00 00 00 00
    ctxA 39 04 cd 03 20 07 00 00 ff ff 00 00 61 c5 00 00
    ctxB 00 00 00 00 00 00 00 00 ff fe 00 00 00 00 00 00
  [5035:5035] (1B) tail A=ff B=fe
    ctxA ff 00 00 61 c5 00 00 2a ec cd 0e 00 07 00 00 ff
    ctxB fe 00 00 00 00 00 00 00 00 00 00 00 00 00 00 ff
  [5038:5039] (2B) tail A=61 c5 B=00 00
    ctxA 61 c5 00 00 2a ec cd 0e 00 07 00 00 ff ff 00 00
    ctxB 00 00 00 00 00 00 00 00 00 00 00 00 ff fe 00 00
  [5042:5045] (4B) tail A=2a ec cd 0e B=00 00 00 00
    ctxA 2a ec cd 0e 00 07 00 00 ff ff 00 00 6a 31 00 00
    ctxB 00 00 00 00 00 00 00 00 ff fe 00 00 00 00 00 00
  [5047:5047] (1B) tail A=07 B=00
    ctxA 07 00 00 ff ff 00 00 6a 31 00 00 27 8a cd 0d 00
    ctxB 00 00 00 ff fe 00 00 00 00 00 00 00 00 00 00 00
  [5051:5051] (1B) tail A=ff B=fe
    ctxA ff 00 00 6a 31 00 00 27 8a cd 0d 00 07 00 00 ff
    ctxB fe 00 00 00 00 00 00 00 00 00 00 00 00 00 00 ff
  [5054:5055] (2B) tail A=6a 31 B=00 00
    ctxA 6a 31 00 00 27 8a cd 0d 00 07 00 00 ff ff 00 00
    ctxB 00 00 00 00 00 00 00 00 00 00 00 00 ff fe 00 00
  [5058:5061] (4B) tail A=27 8a cd 0d B=00 00 00 00
    ctxA 27 8a cd 0d 00 07 00 00 ff ff 00 00 63 f4 00 00
    ctxB 00 00 00 00 00 00 00 00 ff fe 00 00 00 00 00 00
  [5063:5063] (1B) tail A=07 B=00
    ctxA 07 00 00 ff ff 00 00 63 f4 00 00 25 de cd 0c 00
    ctxB 00 00 00 ff fe 00 00 00 00 00 00 00 00 00 00 00
  [5067:5067] (1B) tail A=ff B=fe
    ctxA ff 00 00 63 f4 00 00 25 de cd 0c 00 07 00 00 ff
    ctxB fe 00 00 00 00 00 00 00 00 00 00 00 00 00 00 ff
  [5070:5071] (2B) tail A=63 f4 B=00 00
    ctxA 63 f4 00 00 25 de cd 0c 00 07 00 00 ff ff 00 00
    ctxB 00 00 00 00 00 00 00 00 00 00 00 00 ff fe 00 00
  [5074:5077] (4B) tail A=25 de cd 0c B=00 00 00 00
    ctxA 25 de cd 0c 00 07 00 00 ff ff 00 00 6a 3b 00 00
    ctxB 00 00 00 00 00 00 00 00 ff fe 00 00 00 00 00 00
  [5079:5079] (1B) tail A=07 B=00
    ctxA 07 00 00 ff ff 00 00 6a 3b 00 00 17 a3 cd 0b 00
    ctxB 00 00 00 ff fe 00 00 00 00 00 00 00 00 00 00 00
  [5083:5083] (1B) tail A=ff B=fe
    ctxA ff 00 00 6a 3b 00 00 17 a3 cd 0b 00 07 00 00 ff
    ctxB fe 00 00 00 00 00 00 00 00 00 00 00 00 00 00 ff
  [5086:5087] (2B) tail A=6a 3b B=00 00
    ctxA 6a 3b 00 00 17 a3 cd 0b 00 07 00 00 ff ff 00 00
    ctxB 00 00 00 00 00 00 00 00 00 00 00 00 ff fe 00 00
  [5090:5093] (4B) tail A=17 a3 cd 0b B=00 00 00 00
    ctxA 17 a3 cd 0b 00 07 00 00 ff ff 00 00 64 a2 00 00
    ctxB 00 00 00 00 00 00 00 00 ff fe 00 00 00 00 00 00
  [5095:5095] (1B) tail A=07 B=00
    ctxA 07 00 00 ff ff 00 00 64 a2 00 00 1b 15 cd 09 00
    ctxB 00 00 00 ff fe 00 00 00 00 00 00 00 00 00 00 00
  [5099:5099] (1B) tail A=ff B=fe
    ctxA ff 00 00 64 a2 00 00 1b 15 cd 09 00 07 00 00 ff
    ctxB fe 00 00 00 00 00 00 00 00 00 00 00 00 00 00 ff
  [5102:5103] (2B) tail A=64 a2 B=00 00
    ctxA 64 a2 00 00 1b 15 cd 09 00 07 00 00 ff ff 00 00
    ctxB 00 00 00 00 00 00 00 00 00 00 00 00 ff fe 00 00
  [5106:5109] (4B) tail A=1b 15 cd 09 B=00 00 00 00
    ctxA 1b 15 cd 09 00 07 00 00 ff ff 00 00 53 a7 00 00
    ctxB 00 00 00 00 00 00 00 00 ff fe 00 00 00 00 00 00
  [5111:5111] (1B) tail A=07 B=00
    ctxA 07 00 00 ff ff 00 00 53 a7 00 00 1d 70 cd 01 00
    ctxB 00 00 00 ff fe 00 00 00 00 00 00 00 00 00 00 00
  [5115:5115] (1B) tail A=ff B=fe
    ctxA ff 00 00 53 a7 00 00 1d 70 cd 01 00 07 00 00 ff
    ctxB fe 00 00 00 00 00 00 00 00 00 00 00 00 00 00 ff
  [5118:5119] (2B) tail A=53 a7 B=00 00
    ctxA 53 a7 00 00 1d 70 cd 01 00 07 00 00 ff ff 00 00
    ctxB 00 00 00 00 00 00 00 00 00 00 00 00 ff fe 00 00
  [5122:5125] (4B) tail A=1d 70 cd 01 B=00 00 00 00
    ctxA 1d 70 cd 01 00 07 00 00 ff ff 00 00 59 8d 00 00
    ctxB 00 00 00 00 00 00 00 00 ff fe 00 00 00 00 00 00
  [5127:5127] (1B) tail A=07 B=00
    ctxA 07 00 00 ff ff 00 00 59 8d 00 00 1d a9 cd 04 00
    ctxB 00 00 00 ff fe 00 00 00 00 00 00 00 00 00 00 00
  [5131:5131] (1B) tail A=ff B=fe
    ctxA ff 00 00 59 8d 00 00 1d a9 cd 04 00 07 00 00 ff
    ctxB fe 00 00 00 00 00 00 00 00 00 00 00 00 00 00 ff
  [5134:5135] (2B) tail A=59 8d B=00 00
    ctxA 59 8d 00 00 1d a9 cd 04 00 07 00 00 ff ff 00 00
    ctxB 00 00 00 00 00 00 00 00 00 00 00 00 ff fe 00 00
  [5138:5141] (4B) tail A=1d a9 cd 04 B=00 00 00 00
    ctxA 1d a9 cd 04 00 07 00 00 ff ff 00 00 48 09 00 00
    ctxB 00 00 00 00 00 00 00 00 ff fe 00 00 00 00 00 00
  [5143:5143] (1B) tail A=07 B=00
    ctxA 07 00 00 ff ff 00 00 48 09 00 00 0e 47 cd 0d 00
    ctxB 00 00 00 ff fe 00 00 00 00 00 00 00 00 00 00 00
  [5147:5147] (1B) tail A=ff B=fe
    ctxA ff 00 00 48 09 00 00 0e 47 cd 0d 00 07 00 00 00
    ctxB fe 00 00 00 00 00 00 00 00 00 00 00 00 00 00 ff
  [5150:5151] (2B) tail A=48 09 B=00 00
    ctxA 48 09 00 00 0e 47 cd 0d 00 07 00 00 00 c3 00 00
    ctxB 00 00 00 00 00 00 00 00 00 00 00 00 ff fe 00 00
  [5154:5157] (4B) tail A=0e 47 cd 0d B=00 00 00 00
    ctxA 0e 47 cd 0d 00 07 00 00 00 c3 00 00 32 00 00 00
    ctxB 00 00 00 00 00 00 00 00 ff fe 00 00 00 00 00 00
  [5159:5159] (1B) tail A=07 B=00
    ctxA 07 00 00 00 c3 00 00 32 00 00 00 0e 00 cc 80 40
    ctxB 00 00 00 ff fe 00 00 00 00 00 00 00 00 00 00 00
  [5162:5163] (2B) tail A=00 c3 B=ff fe
    ctxA 00 c3 00 00 32 00 00 00 0e 00 cc 80 40 07 00 00
    ctxB ff fe 00 00 00 00 00 00 00 00 00 00 00 00 00 00
  [5166:5166] (1B) tail A=32 B=00
    ctxA 32 00 00 00 0e 00 cc 80 40 07 00 00 ff ff 00 00
    ctxB 00 00 00 00 00 00 00 00 00 00 00 00 ff fe 00 00
  [5170:5170] (1B) tail A=0e B=00
    ctxA 0e 00 cc 80 40 07 00 00 ff ff 00 00 32 00 00 00
    ctxB 00 00 00 00 00 00 00 00 ff fe 00 00 00 00 00 00
  [5172:5175] (4B) tail A=cc 80 40 07 B=00 00 00 00
    ctxA cc 80 40 07 00 00 ff ff 00 00 32 00 00 00 0a 00
    ctxB 00 00 00 00 00 00 ff fe 00 00 00 00 00 00 00 00
  [5179:5179] (1B) tail A=ff B=fe
    ctxA ff 00 00 32 00 00 00 0a 00 cc 80 40 07 00 00 ff
    ctxB fe 00 00 00 00 00 00 00 00 00 00 00 00 00 00 ff
  [5182:5182] (1B) tail A=32 B=00
    ctxA 32 00 00 00 0a 00 cc 80 40 07 00 00 ff ff 00 00
    ctxB 00 00 00 00 00 00 00 00 00 00 00 00 ff fe 00 00
  [5186:5186] (1B) tail A=0a B=00
    ctxA 0a 00 cc 80 40 07 00 00 ff ff 00 00 32 00 00 00
    ctxB 00 00 00 00 00 00 00 00 ff fe 00 00 00 00 00 00
  [5188:5191] (4B) tail A=cc 80 40 07 B=00 00 00 00
    ctxA cc 80 40 07 00 00 ff ff 00 00 32 00 00 00 06 00
    ctxB 00 00 00 00 00 00 ff fe 00 00 00 00 00 00 00 00
  [5195:5195] (1B) tail A=ff B=fe
    ctxA ff 00 00 32 00 00 00 06 00 cc 81 40 07 00 00 ff
    ctxB fe 00 00 00 00 00 00 00 00 00 00 00 00 00 00 ff
  [5198:5198] (1B) tail A=32 B=00
    ctxA 32 00 00 00 06 00 cc 81 40 07 00 00 ff ff 00 00
    ctxB 00 00 00 00 00 00 00 00 00 00 00 00 ff fe 00 00
  [5202:5202] (1B) tail A=06 B=00
    ctxA 06 00 cc 81 40 07 00 00 ff ff 00 00 34 59 00 00
    ctxB 00 00 00 00 00 00 00 00 ff fe 00 00 00 00 00 00
  [5204:5207] (4B) tail A=cc 81 40 07 B=00 00 00 00
    ctxA cc 81 40 07 00 00 ff ff 00 00 34 59 00 00 07 8c
    ctxB 00 00 00 00 00 00 ff fe 00 00 00 00 00 00 00 00
  [5211:5211] (1B) tail A=ff B=fe
    ctxA ff 00 00 34 59 00 00 07 8c cc 82 00 07 00 00 ff
    ctxB fe 00 00 00 00 00 00 00 00 00 00 00 00 00 00 ff
  [5214:5215] (2B) tail A=34 59 B=00 00
    ctxA 34 59 00 00 07 8c cc 82 00 07 00 00 ff ff 00 00
    ctxB 00 00 00 00 00 00 00 00 00 00 00 00 ff fe 00 00
  [5218:5221] (4B) tail A=07 8c cc 82 B=00 00 00 00
    ctxA 07 8c cc 82 00 07 00 00 ff ff 00 00 36 23 00 00
    ctxB 00 00 00 00 00 00 00 00 ff fe 00 00 00 00 00 00
  [5223:5223] (1B) tail A=07 B=00
    ctxA 07 00 00 ff ff 00 00 36 23 00 00 0e 41 cd 04 00
    ctxB 00 00 00 ff fe 00 00 00 00 00 00 00 00 00 00 00
  [5227:5227] (1B) tail A=ff B=fe
    ctxA ff 00 00 36 23 00 00 0e 41 cd 04 00 07 00 00 ff
    ctxB fe 00 00 00 00 00 00 00 00 00 00 00 00 00 00 ff
  [5230:5231] (2B) tail A=36 23 B=00 00
    ctxA 36 23 00 00 0e 41 cd 04 00 07 00 00 ff ff 00 00
    ctxB 00 00 00 00 00 00 00 00 00 00 00 00 ff fe 00 00
  [5234:5237] (4B) tail A=0e 41 cd 04 B=00 00 00 00
    ctxA 0e 41 cd 04 00 07 00 00 ff ff 00 00 3a 9a 00 00
    ctxB 00 00 00 00 00 00 00 00 ff fe 00 00 00 00 00 00
  [5239:5239] (1B) tail A=07 B=00
    ctxA 07 00 00 ff ff 00 00 3a 9a 00 00 0e 71 c1 00 c0
    ctxB 00 00 00 ff fe 00 00 00 00 00 00 00 00 00 00 00
  [5243:5243] (1B) tail A=ff B=fe
    ctxA ff 00 00 3a 9a 00 00 0e 71 c1 00 c0 07 00 00 ff
    ctxB fe 00 00 00 00 00 00 00 00 00 00 00 00 00 00 ff
  [5246:5247] (2B) tail A=3a 9a B=00 00
    ctxA 3a 9a 00 00 0e 71 c1 00 c0 07 00 00 ff ff 00 00
    ctxB 00 00 00 00 00 00 00 00 00 00 00 00 ff fe 00 00
  [5250:5252] (3B) tail A=0e 71 c1 B=00 00 00
    ctxA 0e 71 c1 00 c0 07 00 00 ff ff 00 00 3a 9c 00 00
    ctxB 00 00 00 00 00 00 00 00 ff fe 00 00 00 00 00 00
  [5254:5255] (2B) tail A=c0 07 B=00 00
    ctxA c0 07 00 00 ff ff 00 00 3a 9c 00 00 06 45 c1 00
    ctxB 00 00 00 00 ff fe 00 00 00 00 00 00 00 00 00 00
  [5259:5259] (1B) tail A=ff B=fe
    ctxA ff 00 00 3a 9c 00 00 06 45 c1 00 c0 07 00 00 ff
    ctxB fe 00 00 00 00 00 00 00 00 00 00 00 00 00 00 ff
  [5262:5263] (2B) tail A=3a 9c B=00 00
    ctxA 3a 9c 00 00 06 45 c1 00 c0 07 00 00 ff ff 00 00
    ctxB 00 00 00 00 00 00 00 00 00 00 00 00 ff fe 00 00
  [5266:5268] (3B) tail A=06 45 c1 B=00 00 00
    ctxA 06 45 c1 00 c0 07 00 00 ff ff 00 00 47 e2 00 00
    ctxB 00 00 00 00 00 00 00 00 ff fe 00 00 00 00 00 00
  [5270:5271] (2B) tail A=c0 07 B=00 00
    ctxA c0 07 00 00 ff ff 00 00 47 e2 00 00 07 c6 c1 00
    ctxB 00 00 00 00 ff fe 00 00 00 00 00 00 00 00 00 00
  [5275:5275] (1B) tail A=ff B=fe
    ctxA ff 00 00 47 e2 00 00 07 c6 c1 00 c0 07 00 00 00
    ctxB fe 00 00 00 00 00 00 00 00 00 00 00 00 00 00 ff
  [5278:5279] (2B) tail A=47 e2 B=00 00
    ctxA 47 e2 00 00 07 c6 c1 00 c0 07 00 00 00 c1 00 00
    ctxB 00 00 00 00 00 00 00 00 00 00 00 00 ff fe 00 00
  [5282:5284] (3B) tail A=07 c6 c1 B=00 00 00
    ctxA 07 c6 c1 00 c0 07 00 00 00 c1 00 00 48 6d 00 00
    ctxB 00 00 00 00 00 00 00 00 ff fe 00 00 00 00 00 00
  [5286:5287] (2B) tail A=c0 07 B=00 00
    ctxA c0 07 00 00 00 c1 00 00 48 6d 00 00 0c 0c c1 00
    ctxB 00 00 00 00 ff fe 00 00 00 00 00 00 00 00 00 00
  [5290:5291] (2B) tail A=00 c1 B=ff fe
    ctxA 00 c1 00 00 48 6d 00 00 0c 0c c1 00 c0 07 00 00
    ctxB ff fe 00 00 00 00 00 00 00 00 00 00 00 00 00 00
  [5294:5295] (2B) tail A=48 6d B=00 00
    ctxA 48 6d 00 00 0c 0c c1 00 c0 07 00 00 00 f8 00 00
    ctxB 00 00 00 00 00 00 00 00 00 00 00 00 ff fe 00 00
  [5298:5300] (3B) tail A=0c 0c c1 B=00 00 00
    ctxA 0c 0c c1 00 c0 07 00 00 00 f8 00 00 62 98 00 00
    ctxB 00 00 00 00 00 00 00 00 ff fe 00 00 00 00 00 00
  [5302:5303] (2B) tail A=c0 07 B=00 00
    ctxA c0 07 00 00 00 f8 00 00 62 98 00 00 05 7f cd 10
    ctxB 00 00 00 00 ff fe 00 00 00 00 00 00 00 00 00 00
  [5306:5307] (2B) tail A=00 f8 B=ff fe
    ctxA 00 f8 00 00 62 98 00 00 05 7f cd 10 00 07 00 00
    ctxB ff fe 00 00 00 00 00 00 00 00 00 00 00 00 00 00
  [5310:5311] (2B) tail A=62 98 B=00 00
    ctxA 62 98 00 00 05 7f cd 10 00 07 00 00 00 ba 00 00
    ctxB 00 00 00 00 00 00 00 00 00 00 00 00 ff fe 00 00
  [5314:5317] (4B) tail A=05 7f cd 10 B=00 00 00 00
    ctxA 05 7f cd 10 00 07 00 00 00 ba 00 00 48 62 00 00
    ctxB 00 00 00 00 00 00 00 00 ff fe 00 00 00 00 00 00
  [5319:5319] (1B) tail A=07 B=00
    ctxA 07 00 00 00 ba 00 00 48 62 00 00 39 4f c1 00 e0
    ctxB 00 00 00 ff fe 00 00 00 00 00 00 00 00 00 00 00
  [5322:5323] (2B) tail A=00 ba B=ff fe
    ctxA 00 ba 00 00 48 62 00 00 39 4f c1 00 e0 07 00 00
    ctxB ff fe 00 00 00 00 00 00 00 00 00 00 00 00 00 00
  [5326:5327] (2B) tail A=48 62 B=00 00
    ctxA 48 62 00 00 39 4f c1 00 e0 07 00 00 ff ff 00 00
    ctxB 00 00 00 00 00 00 00 00 00 00 00 00 ff fe 00 00
  [5330:5332] (3B) tail A=39 4f c1 B=00 00 00
    ctxA 39 4f c1 00 e0 07 00 00 ff ff 00 00 45 73 00 00
    ctxB 00 00 00 00 00 00 00 00 ff fe 00 00 00 00 00 00
  [5334:5335] (2B) tail A=e0 07 B=00 00
    ctxA e0 07 00 00 ff ff 00 00 45 73 00 00 3d 03 c1 00
    ctxB 00 00 00 00 ff fe 00 00 00 00 00 00 00 00 00 00
  [5339:5339] (1B) tail A=ff B=fe
    ctxA ff 00 00 45 73 00 00 3d 03 c1 00 e0 07 00 00 ff
    ctxB fe 00 00 00 00 00 00 00 00 00 00 00 00 00 00 ff
  [5342:5343] (2B) tail A=45 73 B=00 00
    ctxA 45 73 00 00 3d 03 c1 00 e0 07 00 00 ff ff 00 00
    ctxB 00 00 00 00 00 00 00 00 00 00 00 00 ff fe 00 00
  [5346:5348] (3B) tail A=3d 03 c1 B=00 00 00
    ctxA 3d 03 c1 00 e0 07 00 00 ff ff 00 00 76 00 00 00
    ctxB 00 00 00 00 00 00 00 00 ff fe 00 00 00 00 00 00
  [5350:5351] (2B) tail A=e0 07 B=00 00
    ctxA e0 07 00 00 ff ff 00 00 76 00 00 00 4e 00 cc 80
    ctxB 00 00 00 00 ff fe 00 00 00 00 00 00 00 00 00 00
  [5355:5355] (1B) tail A=ff B=fe
    ctxA ff 00 00 76 00 00 00 4e 00 cc 80 40 07 00 00 ff
    ctxB fe 00 00 00 00 00 00 00 00 00 00 00 00 00 00 ff
  [5358:5358] (1B) tail A=76 B=00
    ctxA 76 00 00 00 4e 00 cc 80 40 07 00 00 ff ff 00 00
    ctxB 00 00 00 00 00 00 00 00 00 00 00 00 ff fe 00 00
  [5362:5362] (1B) tail A=4e B=00
    ctxA 4e 00 cc 80 40 07 00 00 ff ff 00 00 7a 00 00 00
    ctxB 00 00 00 00 00 00 00 00 ff fe 00 00 00 00 00 00
  [5364:5367] (4B) tail A=cc 80 40 07 B=00 00 00 00
    ctxA cc 80 40 07 00 00 ff ff 00 00 7a 00 00 00 4a 00
    ctxB 00 00 00 00 00 00 ff fe 00 00 00 00 00 00 00 00
  [5371:5371] (1B) tail A=ff B=fe
    ctxA ff 00 00 7a 00 00 00 4a 00 cc 80 40 07 00 00 ff
    ctxB fe 00 00 00 00 00 00 00 00 00 00 00 00 00 00 ff
  [5374:5374] (1B) tail A=7a B=00
    ctxA 7a 00 00 00 4a 00 cc 80 40 07 00 00 ff ff 00 00
    ctxB 00 00 00 00 00 00 00 00 00 00 00 00 ff fe 00 00
  [5378:5378] (1B) tail A=4a B=00
    ctxA 4a 00 cc 80 40 07 00 00 ff ff 00 00 7a 00 00 00
    ctxB 00 00 00 00 00 00 00 00 ff fe 00 00 00 00 00 00
  [5380:5383] (4B) tail A=cc 80 40 07 B=00 00 00 00
    ctxA cc 80 40 07 00 00 ff ff 00 00 7a 00 00 00 46 00
    ctxB 00 00 00 00 00 00 ff fe 00 00 00 00 00 00 00 00
  [5387:5387] (1B) tail A=ff B=fe
    ctxA ff 00 00 7a 00 00 00 46 00 cc 80 60 07 00 00 ff
    ctxB fe 00 00 00 00 00 00 00 00 00 00 00 00 00 00 ff
  [5390:5390] (1B) tail A=7a B=00
    ctxA 7a 00 00 00 46 00 cc 80 60 07 00 00 ff ff 00 00
    ctxB 00 00 00 00 00 00 00 00 00 00 00 00 ff fe 00 00
  [5394:5394] (1B) tail A=46 B=00
    ctxA 46 00 cc 80 60 07 00 00 ff ff 00 00 7a 00 00 00
    ctxB 00 00 00 00 00 00 00 00 ff fe 00 00 00 00 00 00
  [5396:5399] (4B) tail A=cc 80 60 07 B=00 00 00 00
    ctxA cc 80 60 07 00 00 ff ff 00 00 7a 00 00 00 4e 00
    ctxB 00 00 00 00 00 00 ff fe 00 00 00 00 00 00 00 00
  [5403:5403] (1B) tail A=ff B=fe
    ctxA ff 00 00 7a 00 00 00 4e 00 cc 81 40 07 00 00 ff
    ctxB fe 00 00 00 00 00 00 00 00 00 00 00 00 00 00 ff
  [5406:5406] (1B) tail A=7a B=00
    ctxA 7a 00 00 00 4e 00 cc 81 40 07 00 00 ff ff 00 00
    ctxB 00 00 00 00 00 00 00 00 00 00 00 00 ff fe 00 00
  [5410:5410] (1B) tail A=4e B=00
    ctxA 4e 00 cc 81 40 07 00 00 ff ff 00 00 79 0e 00 00
    ctxB 00 00 00 00 00 00 00 00 ff fe 00 00 00 00 00 00
  [5412:5415] (4B) tail A=cc 81 40 07 B=00 00 00 00
    ctxA cc 81 40 07 00 00 ff ff 00 00 79 0e 00 00 4e 49
    ctxB 00 00 00 00 00 00 ff fe 00 00 00 00 00 00 00 00
  [5419:5419] (1B) tail A=ff B=fe
    ctxA ff 00 00 79 0e 00 00 4e 49 cc 82 00 07 00 00 01
    ctxB fe 00 00 00 00 00 00 00 00 00 00 00 00 00 00 ff
  [5422:5423] (2B) tail A=79 0e B=00 00
    ctxA 79 0e 00 00 4e 49 cc 82 00 07 00 00 01 08 00 00
    ctxB 00 00 00 00 00 00 00 00 00 00 00 00 ff fe 00 00
  [5426:5429] (4B) tail A=4e 49 cc 82 B=00 00 00 00
    ctxA 4e 49 cc 82 00 07 00 00 01 08 00 00 0e 46 00 00
    ctxB 00 00 00 00 00 00 00 00 ff fe 00 00 00 00 00 00
  [5431:5431] (1B) tail A=07 B=00
    ctxA 07 00 00 01 08 00 00 0e 46 00 00 05 ea c0 30 00
    ctxB 00 00 00 ff fe 00 00 00 00 00 00 00 00 00 00 00
  [5434:5435] (2B) tail A=01 08 B=ff fe
    ctxA 01 08 00 00 0e 46 00 00 05 ea c0 30 00 00 00 00
    ctxB ff fe 00 00 00 00 00 00 00 00 00 00 00 00 00 00
  [5438:5439] (2B) tail A=0e 46 B=00 00
    ctxA 0e 46 00 00 05 ea c0 30 00 00 00 00 00 24 00 00
    ctxB 00 00 00 00 00 00 00 00 00 00 00 00 ff fe 00 00
  [5442:5445] (4B) tail A=05 ea c0 30 B=00 00 00 00
    ctxA 05 ea c0 30 00 00 00 00 00 24 00 00 0d 2d 00 00
    ctxB 00 00 00 00 00 00 00 00 ff fe 00 00 00 00 00 00
  [5450:5451] (2B) tail A=00 24 B=ff fe
    ctxA 00 24 00 00 0d 2d 00 00 06 b4 c0 30 00 00 00 00
    ctxB ff fe 00 00 00 00 00 00 00 00 00 00 00 00 00 00
  [5454:5455] (2B) tail A=0d 2d B=00 00
    ctxA 0d 2d 00 00 06 b4 c0 30 00 00 00 00 01 0a 00 00
    ctxB 00 00 00 00 00 00 00 00 00 00 00 00 ff fe 00 00
  [5458:5461] (4B) tail A=06 b4 c0 30 B=00 00 00 00
    ctxA 06 b4 c0 30 00 00 00 00 01 0a 00 00 3a cd 00 00
    ctxB 00 00 00 00 00 00 00 00 ff fe 00 00 00 00 00 00
  [5466:5467] (2B) tail A=01 0a B=ff fe
    ctxA 01 0a 00 00 3a cd 00 00 0e 75 c0 30 00 07 00 00
    ctxB ff fe 00 00 00 00 00 00 00 00 00 00 00 00 00 00
  [5470:5471] (2B) tail A=3a cd B=00 00
    ctxA 3a cd 00 00 0e 75 c0 30 00 07 00 00 00 fe 00 00
    ctxB 00 00 00 00 00 00 00 00 00 00 00 00 ff fe 00 00
  [5474:5477] (4B) tail A=0e 75 c0 30 B=00 00 00 00
    ctxA 0e 75 c0 30 00 07 00 00 00 fe 00 00 3e 2b 00 00
    ctxB 00 00 00 00 00 00 00 00 ff fe 00 00 00 00 00 00
  [5479:5479] (1B) tail A=07 B=00
    ctxA 07 00 00 00 fe 00 00 3e 2b 00 00 15 a6 cd 0c 00
    ctxB 00 00 00 ff fe 00 00 00 00 00 00 00 00 00 00 00
  [5482:5482] (1B) tail A=00 B=ff
    ctxA 00 fe 00 00 3e 2b 00 00 15 a6 cd 0c 00 07 00 00
    ctxB ff fe 00 00 00 00 00 00 00 00 00 00 00 00 00 00
  [5486:5487] (2B) tail A=3e 2b B=00 00
    ctxA 3e 2b 00 00 15 a6 cd 0c 00 07 00 00 ff ff 00 00
    ctxB 00 00 00 00 00 00 00 00 00 00 00 00 ff fe 00 00
  [5490:5493] (4B) tail A=15 a6 cd 0c B=00 00 00 00
    ctxA 15 a6 cd 0c 00 07 00 00 ff ff 00 00 3c b6 00 00
    ctxB 00 00 00 00 00 00 00 00 ff fe 00 00 00 00 00 00
  [5495:5495] (1B) tail A=07 B=00
    ctxA 07 00 00 ff ff 00 00 3c b6 00 00 15 25 cd 01 00
    ctxB 00 00 00 ff fe 00 00 00 00 00 00 00 00 00 00 00
  [5499:5499] (1B) tail A=ff B=fe
    ctxA ff 00 00 3c b6 00 00 15 25 cd 01 00 07 00 00 01
    ctxB fe 00 00 00 00 00 00 00 00 00 00 00 00 00 00 ff
  [5502:5503] (2B) tail A=3c b6 B=00 00
    ctxA 3c b6 00 00 15 25 cd 01 00 07 00 00 01 0d 00 00
    ctxB 00 00 00 00 00 00 00 00 00 00 00 00 ff fe 00 00
  [5506:5509] (4B) tail A=15 25 cd 01 B=00 00 00 00
    ctxA 15 25 cd 01 00 07 00 00 01 0d 00 00 3e c8 00 00
    ctxB 00 00 00 00 00 00 00 00 ff fe 00 00 00 00 00 00
  [5511:5511] (1B) tail A=07 B=00
    ctxA 07 00 00 01 0d 00 00 3e c8 00 00 16 f0 cd 03 00
    ctxB 00 00 00 ff fe 00 00 00 00 00 00 00 00 00 00 00
  [5514:5515] (2B) tail A=01 0d B=ff fe
    ctxA 01 0d 00 00 3e c8 00 00 16 f0 cd 03 00 07 00 00
    ctxB ff fe 00 00 00 00 00 00 00 00 00 00 00 00 00 00
  [5518:5519] (2B) tail A=3e c8 B=00 00
    ctxA 3e c8 00 00 16 f0 cd 03 00 07 00 00 01 0e 00 00
    ctxB 00 00 00 00 00 00 00 00 00 00 00 00 ff fe 00 00
  [5522:5525] (4B) tail A=16 f0 cd 03 B=00 00 00 00
    ctxA 16 f0 cd 03 00 07 00 00 01 0e 00 00 3b 71 00 00
    ctxB 00 00 00 00 00 00 00 00 ff fe 00 00 00 00 00 00
  [5527:5527] (1B) tail A=07 B=00
    ctxA 07 00 00 01 0e 00 00 3b 71 00 00 17 79 cd 06 00
    ctxB 00 00 00 ff fe 00 00 00 00 00 00 00 00 00 00 00
  [5530:5531] (2B) tail A=01 0e B=ff fe
    ctxA 01 0e 00 00 3b 71 00 00 17 79 cd 06 00 07 00 00
    ctxB ff fe 00 00 00 00 00 00 00 00 00 00 00 00 00 00
  [5534:5535] (2B) tail A=3b 71 B=00 00
    ctxA 3b 71 00 00 17 79 cd 06 00 07 00 00 ff ff 00 00
    ctxB 00 00 00 00 00 00 00 00 00 00 00 00 ff fe 00 00
  [5538:5541] (4B) tail A=17 79 cd 06 B=00 00 00 00
    ctxA 17 79 cd 06 00 07 00 00 ff ff 00 00 1d 82 00 00
    ctxB 00 00 00 00 00 00 00 00 ff fe 00 00 00 00 00 00
  [5543:5543] (1B) tail A=07 B=00
    ctxA 07 00 00 ff ff 00 00 1d 82 00 00 68 a0 cd 06 00
    ctxB 00 00 00 ff fe 00 00 00 00 00 00 00 00 00 00 00
  [5547:5547] (1B) tail A=ff B=fe
    ctxA ff 00 00 1d 82 00 00 68 a0 cd 06 00 07 00 00 ff
    ctxB fe 00 00 00 00 00 00 00 00 00 00 00 00 00 00 ff
  [5550:5551] (2B) tail A=1d 82 B=00 00
    ctxA 1d 82 00 00 68 a0 cd 06 00 07 00 00 ff ff 00 00
    ctxB 00 00 00 00 00 00 00 00 00 00 00 00 ff fe 00 00
  [5554:5557] (4B) tail A=68 a0 cd 06 B=00 00 00 00
    ctxA 68 a0 cd 06 00 07 00 00 ff ff 00 00 18 63 00 00
    ctxB 00 00 00 00 00 00 00 00 ff fe 00 00 00 00 00 00
  [5559:5559] (1B) tail A=07 B=00
    ctxA 07 00 00 ff ff 00 00 18 63 00 00 67 81 cd 0b 00
    ctxB 00 00 00 ff fe 00 00 00 00 00 00 00 00 00 00 00
  [5563:5563] (1B) tail A=ff B=fe
    ctxA ff 00 00 18 63 00 00 67 81 cd 0b 00 07 00 00 ff
    ctxB fe 00 00 00 00 00 00 00 00 00 00 00 00 00 00 ff
  [5566:5567] (2B) tail A=18 63 B=00 00
    ctxA 18 63 00 00 67 81 cd 0b 00 07 00 00 ff ff 00 00
    ctxB 00 00 00 00 00 00 00 00 00 00 00 00 ff fe 00 00
  [5570:5573] (4B) tail A=67 81 cd 0b B=00 00 00 00
    ctxA 67 81 cd 0b 00 07 00 00 ff ff 00 00 15 47 00 00
    ctxB 00 00 00 00 00 00 00 00 ff fe 00 00 00 00 00 00
  [5575:5575] (1B) tail A=07 B=00
    ctxA 07 00 00 ff ff 00 00 15 47 00 00 69 c8 cd 0e 00
    ctxB 00 00 00 ff fe 00 00 00 00 00 00 00 00 00 00 00
  [5579:5579] (1B) tail A=ff B=fe
    ctxA ff 00 00 15 47 00 00 69 c8 cd 0e 00 07 00 00 ff
    ctxB fe 00 00 00 00 00 00 00 00 00 00 00 00 00 00 ff
  [5582:5583] (2B) tail A=15 47 B=00 00
    ctxA 15 47 00 00 69 c8 cd 0e 00 07 00 00 ff ff 00 00
    ctxB 00 00 00 00 00 00 00 00 00 00 00 00 ff fe 00 00
  [5586:5589] (4B) tail A=69 c8 cd 0e B=00 00 00 00
    ctxA 69 c8 cd 0e 00 07 00 00 ff ff 00 00 79 07 00 00
    ctxB 00 00 00 00 00 00 00 00 ff fe 00 00 00 00 00 00
  [5591:5591] (1B) tail A=07 B=00
    ctxA 07 00 00 ff ff 00 00 79 07 00 00 09 ec cd 01 20
    ctxB 00 00 00 ff fe 00 00 00 00 00 00 00 00 00 00 00
  [5595:5595] (1B) tail A=ff B=fe
    ctxA ff 00 00 79 07 00 00 09 ec cd 01 20 07 00 00 ff
    ctxB fe 00 00 00 00 00 00 00 00 00 00 00 00 00 00 ff
  [5598:5599] (2B) tail A=79 07 B=00 00
    ctxA 79 07 00 00 09 ec cd 01 20 07 00 00 ff ff 00 00
    ctxB 00 00 00 00 00 00 00 00 00 00 00 00 ff fe 00 00
  [5602:5607] (6B) tail A=09 ec cd 01 20 07 B=00 00 00 00 00 00
    ctxA 09 ec cd 01 20 07 00 00 ff ff 00 00 7a 2a 00 00
    ctxB 00 00 00 00 00 00 00 00 ff fe 00 00 00 00 00 00
  [5611:5611] (1B) tail A=ff B=fe
    ctxA ff 00 00 7a 2a 00 00 36 f3 c2 95 e0 07 00 00 00
    ctxB fe 00 00 00 00 00 00 00 00 00 00 00 00 00 00 ff
  [5614:5615] (2B) tail A=7a 2a B=00 00
    ctxA 7a 2a 00 00 36 f3 c2 95 e0 07 00 00 00 ab 00 00
    ctxB 00 00 00 00 00 00 00 00 00 00 00 00 ff fe 00 00
  [5618:5623] (6B) tail A=36 f3 c2 95 e0 07 B=00 00 00 00 00 00
    ctxA 36 f3 c2 95 e0 07 00 00 00 ab 00 00 55 c1 00 00
    ctxB 00 00 00 00 00 00 00 00 ff fe 00 00 00 00 00 00
  [5626:5627] (2B) tail A=00 ab B=ff fe
    ctxA 00 ab 00 00 55 c1 00 00 4a eb cd 0e 00 07 00 00
    ctxB ff fe 00 00 00 00 00 00 00 00 00 00 00 00 00 00
  [5630:5631] (2B) tail A=55 c1 B=00 00
    ctxA 55 c1 00 00 4a eb cd 0e 00 07 00 00 ff ff 00 00
    ctxB 00 00 00 00 00 00 00 00 00 00 00 00 ff fe 00 00
  [5634:5637] (4B) tail A=4a eb cd 0e B=00 00 00 00
    ctxA 4a eb cd 0e 00 07 00 00 ff ff 00 00 45 11 00 00
    ctxB 00 00 00 00 00 00 00 00 ff fe 00 00 00 00 00 00
  [5639:5639] (1B) tail A=07 B=00
    ctxA 07 00 00 ff ff 00 00 45 11 00 00 19 e4 cd 0e 20
    ctxB 00 00 00 ff fe 00 00 00 00 00 00 00 00 00 00 00
  [5643:5643] (1B) tail A=ff B=fe
    ctxA ff 00 00 45 11 00 00 19 e4 cd 0e 20 07 00 00 ff
    ctxB fe 00 00 00 00 00 00 00 00 00 00 00 00 00 00 ff
  [5646:5647] (2B) tail A=45 11 B=00 00
    ctxA 45 11 00 00 19 e4 cd 0e 20 07 00 00 ff ff 00 00
    ctxB 00 00 00 00 00 00 00 00 00 00 00 00 ff fe 00 00
  [5650:5655] (6B) tail A=19 e4 cd 0e 20 07 B=00 00 00 00 00 00
    ctxA 19 e4 cd 0e 20 07 00 00 ff ff 00 00 69 de 00 00
    ctxB 00 00 00 00 00 00 00 00 ff fe 00 00 00 00 00 00
  [5659:5659] (1B) tail A=ff B=fe
    ctxA ff 00 00 69 de 00 00 6a 25 c0 30 00 00 00 00 00
    ctxB fe 00 00 00 00 00 00 00 00 00 00 00 00 00 00 ff
  [5662:5663] (2B) tail A=69 de B=00 00
    ctxA 69 de 00 00 6a 25 c0 30 00 00 00 00 00 19 00 00
    ctxB 00 00 00 00 00 00 00 00 00 00 00 00 ff fe 00 00
  [5666:5669] (4B) tail A=6a 25 c0 30 B=00 00 00 00
    ctxA 6a 25 c0 30 00 00 00 00 00 19 00 00 69 fa 00 00
    ctxB 00 00 00 00 00 00 00 00 ff fe 00 00 00 00 00 00
  [5674:5675] (2B) tail A=00 19 B=ff fe
    ctxA 00 19 00 00 69 fa 00 00 6a 30 c0 30 00 00 00 00
    ctxB ff fe 00 00 00 00 00 00 00 00 00 00 00 00 00 00
  [5678:5679] (2B) tail A=69 fa B=00 00
    ctxA 69 fa 00 00 6a 30 c0 30 00 00 00 00 01 18 00 00
    ctxB 00 00 00 00 00 00 00 00 00 00 00 00 ff fe 00 00
  [5682:5685] (4B) tail A=6a 30 c0 30 B=00 00 00 00
    ctxA 6a 30 c0 30 00 00 00 00 01 18 00 00 45 3f 00 00
    ctxB 00 00 00 00 00 00 00 00 ff fe 00 00 00 00 00 00
  [5690:5691] (2B) tail A=01 18 B=ff fe
    ctxA 01 18 00 00 45 3f 00 00 64 f2 c0 25 20 07 00 00
    ctxB ff fe 00 00 00 00 00 00 00 00 00 00 00 00 00 00
  [5694:5695] (2B) tail A=45 3f B=00 00
    ctxA 45 3f 00 00 64 f2 c0 25 20 07 00 00 ff ff 00 00
    ctxB 00 00 00 00 00 00 00 00 00 00 00 00 ff fe 00 00
  [5698:5703] (6B) tail A=64 f2 c0 25 20 07 B=00 00 00 00 00 00
    ctxA 64 f2 c0 25 20 07 00 00 ff ff 00 00 7a 5f 00 00
    ctxB 00 00 00 00 00 00 00 00 ff fe 00 00 00 00 00 00
  [5707:5707] (1B) tail A=ff B=fe
    ctxA ff 00 00 7a 5f 00 00 3e f3 cd 01 20 07 00 00 ff
    ctxB fe 00 00 00 00 00 00 00 00 00 00 00 00 00 00 ff
  [5710:5711] (2B) tail A=7a 5f B=00 00
    ctxA 7a 5f 00 00 3e f3 cd 01 20 07 00 00 ff ff 00 00
    ctxB 00 00 00 00 00 00 00 00 00 00 00 00 ff fe 00 00
  [5714:5719] (6B) tail A=3e f3 cd 01 20 07 B=00 00 00 00 00 00
    ctxA 3e f3 cd 01 20 07 00 00 ff ff 00 00 5a 00 00 00
    ctxB 00 00 00 00 00 00 00 00 ff fe 00 00 00 00 00 00
  [5723:5723] (1B) tail A=ff B=fe
    ctxA ff 00 00 5a 00 00 00 66 00 c0 00 20 07 00 00 ff
    ctxB fe 00 00 00 00 00 00 00 00 00 00 00 00 00 00 ff
  [5726:5726] (1B) tail A=5a B=00
    ctxA 5a 00 00 00 66 00 c0 00 20 07 00 00 ff ff 00 00
    ctxB 00 00 00 00 00 00 00 00 00 00 00 00 ff fe 00 00
  [5730:5730] (1B) tail A=66 B=00
    ctxA 66 00 c0 00 20 07 00 00 ff ff 00 00 0a 00 00 00
    ctxB 00 00 00 00 00 00 00 00 ff fe 00 00 00 00 00 00
  [5732:5732] (1B) tail A=c0 B=00
    ctxA c0 00 20 07 00 00 ff ff 00 00 0a 00 00 00 2a 00
    ctxB 00 00 00 00 00 00 ff fe 00 00 00 00 00 00 00 00
  [5734:5735] (2B) tail A=20 07 B=00 00
    ctxA 20 07 00 00 ff ff 00 00 0a 00 00 00 2a 00 c0 00
    ctxB 00 00 00 00 ff fe 00 00 00 00 00 00 00 00 00 00
  [5739:5739] (1B) tail A=ff B=fe
    ctxA ff 00 00 0a 00 00 00 2a 00 c0 00 20 07 00 00 ff
    ctxB fe 00 00 00 00 00 00 00 00 00 00 00 00 00 00 ff
  [5742:5742] (1B) tail A=0a B=00
    ctxA 0a 00 00 00 2a 00 c0 00 20 07 00 00 ff ff 00 00
    ctxB 00 00 00 00 00 00 00 00 00 00 00 00 ff fe 00 00
  [5746:5746] (1B) tail A=2a B=00
    ctxA 2a 00 c0 00 20 07 00 00 ff ff 00 00 76 00 00 00
    ctxB 00 00 00 00 00 00 00 00 ff fe 00 00 00 00 00 00
  [5748:5748] (1B) tail A=c0 B=00
    ctxA c0 00 20 07 00 00 ff ff 00 00 76 00 00 00 0a 00
    ctxB 00 00 00 00 00 00 ff fe 00 00 00 00 00 00 00 00
  [5750:5751] (2B) tail A=20 07 B=00 00
    ctxA 20 07 00 00 ff ff 00 00 76 00 00 00 0a 00 c0 00
    ctxB 00 00 00 00 ff fe 00 00 00 00 00 00 00 00 00 00
  [5755:5755] (1B) tail A=ff B=fe
    ctxA ff 00 00 76 00 00 00 0a 00 c0 00 20 07 00 00 ff
    ctxB fe 00 00 00 00 00 00 00 00 00 00 00 00 00 00 ff
  [5758:5758] (1B) tail A=76 B=00
    ctxA 76 00 00 00 0a 00 c0 00 20 07 00 00 ff ff 00 00
    ctxB 00 00 00 00 00 00 00 00 00 00 00 00 ff fe 00 00
  [5762:5762] (1B) tail A=0a B=00
    ctxA 0a 00 c0 00 20 07 00 00 ff ff 00 00 00 00 00 00
    ctxB 00 00 00 00 00 00 00 00 ff fe 00 00 00 00 00 00
  [5764:5764] (1B) tail A=c0 B=00
    ctxA c0 00 20 07 00 00 ff ff 00 00 00 00 00 00 00 00
    ctxB 00 00 00 00 00 00 ff fe 00 00 00 00 00 00 00 00
  [5766:5767] (2B) tail A=20 07 B=00 00
    ctxA 20 07 00 00 ff ff 00 00 00 00 00 00 00 00 00 00
    ctxB 00 00 00 00 ff fe 00 00 00 00 00 00 00 00 00 00
  [5771:5771] (1B) tail A=ff B=fe
    ctxA ff 00 00 00 00 00 00 00 00 00 00 00 00 00 00 ff
    ctxB fe 00 00 00 00 00 00 00 00 00 00 00 00 00 00 ff
T2(b) bytes per class:
  tail: 2276
  packed_list: 306
  explored_bitmap: 59
  header: 11
T2(d/e) count delta 95 -> 85 (not -1)
  first diverge rec[0] A=(35, 0, 68, 1) B=(0, 0, 31, 4)
  T2(f) A (35, 0, 68, 1) Silver Bowl? []
  T2(g) Sector.Item confirmed? no field==44
  T2(f) B (0, 0, 31, 4) Map []
  T2(g) Sector.Item confirmed? no field==44

========== TASK 3 explored bitmap ==========
  T0 set=0 []
  @48568 set=60 [(9, 16), (11, 16), (12, 16), (13, 16), (24, 16), (8, 17), (9, 17), (13, 17), (11, 18), (13, 18), (24, 18), (8, 19), (9, 19), (13, 19), (8, 20), (11, 20), (13, 20), (26, 20), (10, 21), (11, 21), (12, 21), (13, 21), (9, 22), (11, 22), (13, 22), (24, 22), (8, 23), (9, 23), (13, 23), (8, 24), (9, 24), (11, 24), (13, 24), (24, 24), (8, 25), (9, 25), (13, 25), (10, 26), (11, 26), (13, 26), (24, 26), (8, 27), (9, 27), (13, 27), (8, 28), (10, 28), (11, 28), (13, 28), (24, 28), (8, 29), (9, 29), (13, 29), (9, 30), (10, 30), (11, 30), (13, 30), (24, 30), (8, 31), (9, 31), (13, 31)]
  @267192 set=156 [(3, 0), (4, 0), (5, 0), (6, 0), (7, 0), (8, 0), (9, 0), (10, 0), (11, 0), (12, 0), (13, 0), (14, 0), (15, 0), (16, 0), (17, 0), (18, 0), (19, 0), (20, 0), (3, 1), (4, 1), (5, 1), (6, 1), (7, 1), (8, 1), (9, 1), (10, 1), (11, 1), (12, 1), (13, 1), (14, 1), (15, 1), (16, 1), (17, 1), (18, 1), (19, 1), (20, 1), (4, 2), (5, 2), (6, 2), (7, 2), (8, 2), (9, 2), (10, 2), (11, 2), (12, 2), (13, 2), (14, 2), (15, 2), (16, 2), (17, 2), (18, 2), (19, 2), (20, 2), (4, 3), (5, 3), (6, 3), (7, 3), (8, 3), (9, 3), (10, 3), (11, 3), (12, 3), (13, 3), (14, 3), (15, 3), (16, 3), (17, 3), (18, 3), (4, 4), (5, 4), (6, 4), (7, 4), (8, 4), (9, 4), (10, 4), (11, 4), (12, 4), (13, 4), (14, 4), (15, 4), (16, 4), (17, 4), (18, 4), (19, 4), (20, 4), (11, 5), (12, 5), (13, 5), (14, 5), (15, 5), (16, 5), (17, 5), (18, 5), (19, 5), (20, 5), (11, 6), (12, 6), (13, 6), (14, 6), (15, 6), (16, 6), (17, 6), (18, 6), (19, 6), (20, 6), (11, 7), (12, 7), (13, 7), (14, 7), (15, 7), (16, 7), (17, 7), (18, 7), (19, 7), (20, 7), (11, 8), (12, 8), (13, 8), (14, 8), (15, 8), (16, 8), (17, 8), (18, 8), (14, 9), (15, 9), (16, 9), (17, 9), (18, 9), (14, 10), (15, 10), (16, 10), (17, 10), (18, 10), (14, 11), (15, 11), (16, 11), (17, 11), (15, 12), (16, 12), (17, 12), (15, 13), (16, 13), (17, 13), (15, 14), (16, 14), (17, 14), (14, 15), (15, 15), (16, 15), (17, 15), (18, 15), (14, 16), (15, 16), (16, 16), (17, 16), (18, 16)]
  newly set [(3, 0), (3, 1), (4, 0), (4, 1), (4, 2), (4, 3), (4, 4), (5, 0), (5, 1), (5, 2), (5, 3), (5, 4), (6, 0), (6, 1), (6, 2), (6, 3), (6, 4), (7, 0), (7, 1), (7, 2), (7, 3), (7, 4), (8, 0), (8, 1), (8, 2), (8, 3), (8, 4), (9, 0), (9, 1), (9, 2), (9, 3), (9, 4), (10, 0), (10, 1), (10, 2), (10, 3), (10, 4), (11, 0), (11, 1), (11, 2), (11, 3), (11, 4), (11, 5), (11, 6), (11, 7), (11, 8), (12, 0), (12, 1), (12, 2), (12, 3), (12, 4), (12, 5), (12, 6), (12, 7), (12, 8), (13, 0), (13, 1), (13, 2), (13, 3), (13, 4), (13, 5), (13, 6), (13, 7), (13, 8), (14, 0), (14, 1), (14, 2), (14, 3), (14, 4), (14, 5), (14, 6), (14, 7), (14, 8), (14, 9), (14, 10), (14, 11), (14, 15), (14, 16), (15, 0), (15, 1), (15, 2), (15, 3), (15, 4), (15, 5), (15, 6), (15, 7), (15, 8), (15, 9), (15, 10), (15, 11), (15, 12), (15, 13), (15, 14), (15, 15), (15, 16), (16, 0), (16, 1), (16, 2), (16, 3), (16, 4), (16, 5), (16, 6), (16, 7), (16, 8), (16, 9), (16, 10), (16, 11), (16, 12), (16, 13), (16, 14), (16, 15), (16, 16), (17, 0), (17, 1), (17, 2), (17, 3), (17, 4), (17, 5), (17, 6), (17, 7), (17, 8), (17, 9), (17, 10), (17, 11), (17, 12), (17, 13), (17, 14), (17, 15), (17, 16), (18, 0), (18, 1), (18, 2), (18, 3), (18, 4), (18, 5), (18, 6), (18, 7), (18, 8), (18, 9), (18, 10), (18, 15), (18, 16), (19, 0), (19, 1), (19, 2), (19, 4), (19, 5), (19, 6), (19, 7), (20, 0), (20, 1), (20, 2), (20, 4), (20, 5), (20, 6), (20, 7)]
    (3,0) type=0 Item=-1 walkable=False
    (3,1) type=0 Item=-1 walkable=False
    (4,0) type=0 Item=-1 walkable=False
    (4,1) type=3 Item=42 walkable=True
    (4,2) type=0 Item=-1 walkable=False
    (4,3) type=0 Item=-1 walkable=False
    (4,4) type=0 Item=-1 walkable=False
    (5,0) type=0 Item=-1 walkable=False
    (5,1) type=1 Item=53 walkable=True
    (5,2) type=1 Item=44 walkable=True
    (5,3) type=1 Item=-1 walkable=True
    (5,4) type=0 Item=-1 walkable=False
    (6,0) type=0 Item=-1 walkable=False
    (6,1) type=1 Item=43 walkable=True
    (6,2) type=9 Item=0 walkable=True
    (6,3) type=1 Item=-1 walkable=True
    (6,4) type=0 Item=-1 walkable=False
    (7,0) type=0 Item=-1 walkable=False
    (7,1) type=1 Item=57 walkable=True
    (7,2) type=1 Item=-1 walkable=True
    (7,3) type=1 Item=45 walkable=True
    (7,4) type=0 Item=-1 walkable=False
    (8,0) type=0 Item=-1 walkable=False
    (8,1) type=0 Item=-1 walkable=False
    (8,2) type=0 Item=-1 walkable=False
    (8,3) type=1 Item=-1 walkable=True
    (8,4) type=0 Item=-1 walkable=False
    (9,0) type=0 Item=-1 walkable=False
    (9,1) type=1 Item=-1 walkable=True
    (9,2) type=1 Item=-1 walkable=True
    (9,3) type=1 Item=-1 walkable=True
    (9,4) type=0 Item=-1 walkable=False
    (10,0) type=0 Item=-1 walkable=False
    (10,1) type=1 Item=-1 walkable=True
    (10,2) type=0 Item=-1 walkable=False
    (10,3) type=0 Item=-1 walkable=False
    (10,4) type=0 Item=-1 walkable=False
    (11,0) type=0 Item=-1 walkable=False
    (11,1) type=1 Item=46 walkable=True
    (11,2) type=1 Item=-1 walkable=True
    (11,3) type=1 Item=47 walkable=True
    (11,4) type=0 Item=-1 walkable=False
    (11,5) type=0 Item=-1 walkable=False
    (11,6) type=2 Item=-1 walkable=True
    (11,7) type=0 Item=-1 walkable=False
    (11,8) type=0 Item=-1 walkable=False
    (12,0) type=0 Item=-1 walkable=False
    (12,1) type=1 Item=-1 walkable=True
    (12,2) type=1 Item=-1 walkable=True
    (12,3) type=1 Item=-1 walkable=True
    (12,4) type=0 Item=-1 walkable=False
    (12,5) type=7 Item=61 walkable=True
    (12,6) type=1 Item=-1 walkable=True
    (12,7) type=7 Item=18 walkable=True
    (12,8) type=0 Item=-1 walkable=False
    (13,0) type=0 Item=-1 walkable=False
    (13,1) type=1 Item=-1 walkable=True
    (13,2) type=1 Item=-1 walkable=True
    (13,3) type=1 Item=-1 walkable=True
    (13,4) type=0 Item=-1 walkable=False
    (13,5) type=7 Item=17 walkable=True
    (13,6) type=1 Item=-1 walkable=True
    (13,7) type=7 Item=32 walkable=True
    (13,8) type=0 Item=-1 walkable=False
    (14,0) type=0 Item=-1 walkable=False
    (14,1) type=0 Item=-1 walkable=False
    (14,2) type=1 Item=48 walkable=True
    (14,3) type=0 Item=-1 walkable=False
    (14,4) type=0 Item=-1 walkable=False
    (14,5) type=7 Item=16 walkable=True
    (14,6) type=6 Item=114 walkable=True
    (14,7) type=7 Item=30 walkable=True
    (14,8) type=0 Item=-1 walkable=False
    (14,9) type=0 Item=-1 walkable=False
    (14,10) type=0 Item=-1 walkable=False
    (14,11) type=0 Item=-1 walkable=False
    (14,15) type=0 Item=-1 walkable=False
    (14,16) type=0 Item=-1 walkable=False
    (15,0) type=0 Item=-1 walkable=False
    (15,1) type=7 Item=14 walkable=True
    (15,2) type=1 Item=34 walkable=True
    (15,3) type=7 Item=12 walkable=True
    (15,4) type=7 Item=13 walkable=True
    (15,5) type=1 Item=26 walkable=True
    (15,6) type=1 Item=-1 walkable=True
    (15,7) type=1 Item=29 walkable=True
    (15,8) type=7 Item=3 walkable=True
    (15,9) type=7 Item=2 walkable=True
    (15,10) type=7 Item=1 walkable=True
    (15,11) type=0 Item=-1 walkable=False
    (15,12) type=0 Item=-1 walkable=False
    (15,13) type=0 Item=-1 walkable=False
    (15,14) type=0 Item=-1 walkable=False
    (15,15) type=0 Item=-1 walkable=False
    (15,16) type=7 Item=132 walkable=True
    (16,0) type=0 Item=-1 walkable=False
    (16,1) type=7 Item=50 walkable=True
    (16,2) type=1 Item=-1 walkable=True
    (16,3) type=1 Item=-1 walkable=True
    (16,4) type=1 Item=33 walkable=True
    (16,5) type=1 Item=-1 walkable=True
    (16,6) type=4 Item=93 walkable=True
    (16,7) type=1 Item=-1 walkable=True
    (16,8) type=1 Item=-1 walkable=True
    (16,9) type=1 Item=-1 walkable=True
    (16,10) type=1 Item=28 walkable=True
    (16,11) type=1 Item=-1 walkable=True
    (16,12) type=1 Item=-1 walkable=True
    (16,13) type=1 Item=-1 walkable=True
    (16,14) type=1 Item=25 walkable=True
    (16,15) type=1 Item=-1 walkable=True
    (16,16) type=1 Item=113 walkable=True
    (17,0) type=0 Item=-1 walkable=False
    (17,1) type=7 Item=24 walkable=True
    (17,2) type=1 Item=-1 walkable=True
    (17,3) type=7 Item=11 walkable=True
    (17,4) type=7 Item=10 walkable=True
    (17,5) type=1 Item=-1 walkable=True
    (17,6) type=1 Item=-1 walkable=True
    (17,7) type=1 Item=-1 walkable=True
    (17,8) type=7 Item=5 walkable=True
    (17,9) type=7 Item=20 walkable=True
    (17,10) type=7 Item=27 walkable=True
    (17,11) type=0 Item=-1 walkable=False
    (17,12) type=0 Item=-1 walkable=False
    (17,13) type=0 Item=-1 walkable=False
    (17,14) type=0 Item=-1 walkable=False
    (17,15) type=0 Item=-1 walkable=False
    (17,16) type=7 Item=110 walkable=True
    (18,0) type=0 Item=-1 walkable=False
    (18,1) type=0 Item=-1 walkable=False
    (18,2) type=1 Item=-1 walkable=True
    (18,3) type=0 Item=-1 walkable=False
    (18,4) type=0 Item=-1 walkable=False
    (18,5) type=7 Item=22 walkable=True
    (18,6) type=1 Item=-1 walkable=True
    (18,7) type=7 Item=6 walkable=True
    (18,8) type=0 Item=-1 walkable=False
    (18,9) type=0 Item=-1 walkable=False
    (18,10) type=0 Item=-1 walkable=False
    (18,15) type=0 Item=-1 walkable=False
    (18,16) type=0 Item=-1 walkable=False
    (19,0) type=0 Item=-1 walkable=False
    (19,1) type=1 Item=36 walkable=True
    (19,2) type=1 Item=-1 walkable=True
    (19,4) type=0 Item=-1 walkable=False
    (19,5) type=7 Item=9 walkable=True
    (19,6) type=1 Item=-1 walkable=True
    (19,7) type=7 Item=51 walkable=True
    (20,0) type=0 Item=-1 walkable=False
    (20,1) type=1 Item=-1 walkable=True
    (20,2) type=1 Item=-1 walkable=True
    (20,4) type=0 Item=-1 walkable=False
    (20,5) type=7 Item=8 walkable=True
    (20,6) type=1 Item=-1 walkable=True
    (20,7) type=7 Item=21 walkable=True
  wrote explored_AAA.png explored_AAB.png

========== TASK 4 live header vs template ==========
  live @48568 header diffs=31
    [82:83] T=ff fe L=00 00
    [98:99] T=ff fe L=00 00
    [114:115] T=ff fe L=00 00
    [130:131] T=ff fe L=00 00
    [197:197] T=00 L=3a
    [199:199] T=00 L=01
    [201:201] T=00 L=23
    [205:205] T=00 L=28
    [207:207] T=00 L=01
    [209:209] T=00 L=23
    [213:213] T=00 L=29
    [215:215] T=00 L=04
    [217:217] T=00 L=3c
    [221:221] T=00 L=2a
    [223:223] T=00 L=01
    [225:225] T=00 L=23
    [229:229] T=00 L=2b
    [231:231] T=00 L=01
    [233:233] T=00 L=23
    [237:237] T=00 L=2c
    [239:239] T=00 L=01
    [241:241] T=00 L=23
    [245:245] T=00 L=2d
    [247:247] T=00 L=01
    [249:249] T=00 L=23
    [253:253] T=00 L=2e
    [255:255] T=00 L=01
  u16be zero-in-live nonzero-in-template:
    +82 T=65534 L=0
    +98 T=65534 L=0
    +114 T=65534 L=0
    +130 T=65534 L=0
  live header hex:
00000000  00 00 ff fe 00 00 00 00 00 00 00 00 00 00 00 00  |..ˇ˛............|
00000010  00 00 ff fe 00 00 00 00 00 00 00 00 00 00 00 00  |..ˇ˛............|
00000020  00 00 ff fe 00 00 00 00 00 00 00 00 00 00 00 00  |..ˇ˛............|
00000030  00 00 ff fe 00 00 00 00 00 00 00 00 00 00 00 00  |..ˇ˛............|
00000040  00 00 ff fe 00 00 00 00 00 00 00 00 00 00 00 00  |..ˇ˛............|
00000050  00 00 00 00 00 00 00 00 00 00 00 00 00 00 00 00  |................|
00000060  00 00 00 00 00 00 00 00 00 00 00 00 00 00 00 00  |................|
00000070  00 00 00 00 00 00 00 00 00 00 00 00 00 00 00 00  |................|
00000080  00 00 00 00 00 00 00 00 00 00 00 00 00 00 00 00  |................|
00000090  00 00 00 00 00 00 00 00 00 00 00 00 00 00 00 00  |................|
000000a0  00 00 00 00 00 00 00 00 00 00 00 00 00 00 00 00  |................|
000000b0  00 00 00 00 00 00 00 00 00 00 00 00 00 00 00 00  |................|
000000c0  00 00 00 00 00 3a 00 01 00 23 00 00 00 28 00 01  |.....:...#...(..|
000000d0  00 23 00 00 00 29 00 04 00 3c 00 00 00 2a 00 01  |.#...)...<...*..|
000000e0  00 23 00 00 00 2b 00 01 00 23 00 00 00 2c 00 01  |.#...+...#...,..|
000000f0  00 23 00 00 00 2d 00 01 00 23 00 00 00 2e 00 01  |.#...-...#......|
  live @267192 header diffs=39
    [132:134] T=00 00 00 L=f8 ff 1f
    [136:138] T=00 00 00 L=f8 ff 1f
    [140:142] T=00 00 00 L=f0 ff 1f
    [144:146] T=00 00 00 L=f0 ff 07
    [148:150] T=00 00 00 L=f0 ff 1f
    [153:154] T=00 00 L=f8 1f
    [157:158] T=00 00 L=f8 1f
    [161:162] T=00 00 L=f8 1f
    [165:166] T=00 00 L=f8 07
    [169:170] T=00 00 L=c0 07
    [173:174] T=00 00 L=c0 07
    [177:178] T=00 00 L=c0 03
    [181:182] T=00 00 L=80 03
    [185:186] T=00 00 L=80 03
    [189:190] T=00 00 L=80 03
    [193:194] T=00 00 L=c0 07
    [197:198] T=00 00 L=c0 07
  u16be zero-in-live nonzero-in-template:
  live header hex:
00000000  00 00 ff fe 00 00 00 00 00 00 00 00 00 00 00 00  |..ˇ˛............|
00000010  00 00 ff fe 00 00 00 00 00 00 00 00 00 00 00 00  |..ˇ˛............|
00000020  00 00 ff fe 00 00 00 00 00 00 00 00 00 00 00 00  |..ˇ˛............|
00000030  00 00 ff fe 00 00 00 00 00 00 00 00 00 00 00 00  |..ˇ˛............|
00000040  00 00 ff fe 00 00 00 00 00 00 00 00 00 00 00 00  |..ˇ˛............|
00000050  00 00 ff fe 00 00 00 00 00 00 00 00 00 00 00 00  |..ˇ˛............|
00000060  00 00 ff fe 00 00 00 00 00 00 00 00 00 00 00 00  |..ˇ˛............|
00000070  00 00 ff fe 00 00 00 00 00 00 00 00 00 00 00 00  |..ˇ˛............|
00000080  00 00 ff fe f8 ff 1f 00 f8 ff 1f 00 f0 ff 1f 00  |..ˇ˛¯ˇ..¯ˇ...ˇ..|
00000090  f0 ff 07 00 f0 ff 1f 00 00 f8 1f 00 00 f8 1f 00  |.ˇ...ˇ...¯...¯..|
000000a0  00 f8 1f 00 00 f8 07 00 00 c0 07 00 00 c0 07 00  |.¯...¯...¿...¿..|
000000b0  00 c0 03 00 00 80 03 00 00 80 03 00 00 80 03 00  |.¿...Ä...Ä...Ä..|
000000c0  00 c0 07 00 00 c0 07 00 00 00 00 00 00 00 00 00  |.¿...¿..........|
000000d0  00 00 00 00 00 00 00 00 00 00 00 00 00 00 00 00  |................|
000000e0  00 00 00 00 00 00 00 00 00 00 00 00 00 00 00 00  |................|
000000f0  00 00 00 00 00 00 00 00 00 00 00 00 00 00 00 00  |................|

========== TASK 5 template list semantics ==========
T5(a) L13 live=1107 term=9112 (9112 means no FFFF)
  L13 nonzero=3990 header=00 00 ff fe 00 00 00 00 00 00 00 00 00 00 00 00 00 00 ff fe 00 00 00 00 00 00 00 00 00 00 00 00
  L13 first8 recs=[(0, 0, 60, 5), (240, 0, 56, 5), (240, 0, 64, 5), (240, 0, 69, 5), (240, 0, 76, 0), (85, 0, 113, 0), (85, 0, 135, 0), (85, 0, 139, 3)]
  L13 bytes 256:320 00 00 00 00 00 3c 00 05 00 f0 00 00 00 38 00 05 00 f0 00 00 00 40 00 05 00 f0 00 00 00 45 00 05 00 f0 00 00 00 4c 00 00 00 55 00 00 00 71 00 00 00 55 00 00 00 87 00 00 00 55 00 00 00 8b 00 03
  L13 unique_bytes=248 top=[(0, 5122), (255, 795), (7, 321), (32, 287), (206, 221), (254, 167)]
T5(b) counts vs map:
  L00 'Ground Floor'                           live=  85 items=116 type1=160 corpses= 1 Ni=29
  L01 'Never Stop Firing'                      live= 103 items=175 type1=447 corpses= 0 Ni=40
  L02 'Lock&Load'                              live= 103 items=228 type1=390 corpses= 2 Ni=39
  L03 'They May Be Slow…'                      live=  86 items=215 type1=343 corpses= 2
  L04 '…But They’re Hungry'                    live= 100 items=240 type1=417 corpses= 1
  L05 'Evil Undead Phantasms Must Die!'        live=  86 items=159 type1=556 corpses= 1
  L06 'Ascension'                              live=  98 items=109 type1=125 corpses= 1
  L07 'Wrong Way!'                             live=  95 items=313 type1=437 corpses= 1
  L08 'Welcome, Tasty Primate'                 live= 115 items=316 type1=370 corpses= 1
  L09 'We Can See In The Dark… Can You?'       live=  87 items=289 type1=388 corpses= 1 Ni=22
  L10 'Feel the Power'                         live=  85 items=350 type1=569 corpses= 1
  L11 'A Plague of Demons'                     live=  91 items=330 type1=516 corpses= 1
  L12 'Beware of Low-Flying Nightmares'        live=  77 items=314 type1=462 corpses= 1
  L13 'The Labyrinth'                          live=1107 items=294 type1=521 corpses= 0
  L14 'Happy Happy, Carnage Carnage'           live= 109 items=275 type1=407 corpses= 5
  L15 'Need a Light?'                          live=  79 items=300 type1=447 corpses= 5
  L16 'Lasciate Ogne Speranza, Voi Ch’Intrate' live=  82 items=296 type1=350 corpses= 0
  L17 'Watch Your Step'                        live=  78 items=247 type1=379 corpses= 1
  L18 'I’d Rather Be Surfing'                  live=  93 items=240 type1=445 corpses= 1
  L19 'Warning: Earthquake Zone'               live=  79 items=138 type1= 75 corpses= 1
  L20 'Don’t Get Poisoned!'                    live=  81 items=187 type1=410 corpses= 0
  L21 'Please Excuse Our Dust'                 live=  77 items=207 type1=501 corpses= 0
  L22 'But Wait!— That’s Not All!'             live=  89 items=255 type1=349 corpses= 0
  L23 'Where Only Fools Dare Tread'            live=  76 items=258 type1=421 corpses= 2
  L24 'Ok, Who Else Wants Some?'               live=  89 items= 15 type1=177 corpses= 0
  Pearson r live~items (ex L13)=0.0499
  Pearson r live~type1 (ex L13)=-0.0182
  Pearson r live~corpses (ex L13)=0.1517
  Descriptions Ni parsed: {0: 29, 1: 40, 2: 39, 3: 40, 4: 40, 5: 38, 6: 33, 7: 40, 8: 40, 9: 22, 10: 35, 11: 39, 12: 39, 13: 40, 14: 40, 15: 37, 16: 40, 17: 39, 18: 40, 19: 37, 20: 40, 21: 40, 22: 40, 23: 38, 24: 40}
  Pearson r live~Ni (ex L13)=0.1431 n=24

T5(c) f0 histograms + ammo/bowl/40mm:
  L0 n=85 f0_top=[('0x23', 49), ('0x0', 11), ('0x3c', 11), ('0x33', 8), ('0x5d', 1), ('0x1c', 1), ('0x28', 1), ('0xaa', 1)] ammo=9 bowl=49 cart=11
    [1] (35, 0, 3, 1) Silver Bowl?
    [2] (35, 0, 4, 1) Silver Bowl?
    [3] (35, 0, 5, 1) Silver Bowl?
    [4] (35, 0, 6, 1) Silver Bowl?
    [5] (35, 0, 8, 1) Silver Bowl?
    [6] (35, 0, 9, 1) Silver Bowl?
    [7] (35, 0, 10, 1) Silver Bowl?
    [8] (35, 0, 11, 1) Silver Bowl?
    [9] (35, 0, 12, 1) Silver Bowl?
    [10] (35, 0, 13, 1) Silver Bowl?
    [11] (35, 0, 14, 1) Silver Bowl?
    [12] (35, 0, 16, 1) Silver Bowl?
    [13] (35, 0, 17, 1) Silver Bowl?
    [14] (35, 0, 18, 1) Silver Bowl?
    [15] (35, 0, 26, 1) Silver Bowl?
    [16] (35, 0, 27, 1) Silver Bowl?
    [17] (35, 0, 29, 1) Silver Bowl?
    [18] (35, 0, 30, 1) Silver Bowl?
    [19] (35, 0, 31, 1) Silver Bowl?
    [20] (35, 0, 32, 1) Silver Bowl?
    [21] (35, 0, 33, 1) Silver Bowl?
    [22] (35, 0, 35, 1) Silver Bowl?
    [23] (35, 0, 36, 1) Silver Bowl?
    [24] (35, 0, 37, 1) Silver Bowl?
    [25] (35, 0, 38, 1) Silver Bowl?
    [26] (35, 0, 41, 1) Silver Bowl?
    [27] (35, 0, 42, 1) Silver Bowl?
    [28] (35, 0, 43, 1) Silver Bowl?
    [29] (35, 0, 46, 1) Silver Bowl?
    [30] (35, 0, 47, 1) Silver Bowl?
    [31] (35, 0, 48, 1) Silver Bowl?
    [32] (35, 0, 49, 1) Silver Bowl?
    [33] (35, 0, 51, 1) Silver Bowl?
    [34] (35, 0, 52, 1) Silver Bowl?
    [35] (35, 0, 53, 1) Silver Bowl?
    [36] (35, 0, 54, 1) Silver Bowl?
    [37] (35, 0, 56, 1) Silver Bowl?
    [38] (35, 0, 57, 1) Silver Bowl?
    [39] (35, 0, 58, 1) Silver Bowl?
    [40] (35, 0, 59, 1) Silver Bowl?
    [41] (35, 0, 60, 1) Silver Bowl?
    [42] (35, 0, 61, 1) Silver Bowl?
    [43] (35, 0, 62, 1) Silver Bowl?
    [44] (35, 0, 64, 1) Silver Bowl?
    [45] (35, 0, 66, 1) Silver Bowl?
    [46] (35, 0, 67, 1) Silver Bowl?
    [47] (35, 0, 25, 1) Silver Bowl?
    [48] (35, 0, 45, 4) Silver Bowl?
    [49] (60, 0, 68, 4) 40mm Projectile Cartridge
    [50] (60, 0, 1, 1) 40mm Projectile Cartridge
    [51] (35, 0, 65, 4) Silver Bowl?
    [52] (60, 0, 15, 4) 40mm Projectile Cartridge
    [53] (60, 0, 15, 4) 40mm Projectile Cartridge
    [54] (60, 0, 15, 4) 40mm Projectile Cartridge
    [55] (60, 0, 15, 4) 40mm Projectile Cartridge
    [56] (60, 0, 15, 4) 40mm Projectile Cartridge
    [57] (60, 0, 15, 4) 40mm Projectile Cartridge
    [58] (60, 0, 15, 4) 40mm Projectile Cartridge
    [59] (60, 0, 15, 4) 40mm Projectile Cartridge
    [60] (60, 0, 15, 9) 40mm Projectile Cartridge
    [64] (170, 6, 205, 7) 
    [76] (51, 0, 8, 65535) Walther P4 Ammo
    [77] (51, 0, 5, 65535) Walther P4 Ammo
    [78] (51, 0, 8, 65535) Walther P4 Ammo
    [79] (51, 0, 8, 65535) Walther P4 Ammo
    [80] (51, 0, 8, 65535) Walther P4 Ammo
    [81] (51, 0, 8, 65535) Walther P4 Ammo
    [82] (51, 0, 8, 65535) Walther P4 Ammo
    [83] (51, 0, 8, 65535) Walther P4 Ammo
  L1 n=103 f0_top=[('0x23', 53), ('0x33', 23), ('0x0', 6), ('0x3c', 6), ('0x2e', 3), ('0x1a', 1), ('0x21', 1), ('0x53', 1)] ammo=23 bowl=53 cart=6
  L2 n=103 f0_top=[('0x3c', 27), ('0x33', 21), ('0x23', 20), ('0x0', 17), ('0x2e', 2), ('0x48', 1), ('0x4a', 1), ('0x4c', 1)] ammo=21 bowl=20 cart=27
  L6 n=98 f0_top=[('0x0', 19), ('0x55', 19), ('0x33', 19), ('0x5a', 17), ('0x3c', 10), ('0x77', 1), ('0x79', 1), ('0x7b', 1)] ammo=19 bowl=0 cart=10
  L13 n=1107 f0_top=[('0x0', 992), ('0x5a', 29), ('0x55', 25), ('0x34', 19), ('0x33', 8), ('0xf0', 6), ('0x30', 3), ('0x112', 2)] ammo=8 bowl=0 cart=0
  GF type35 f2 n=49 items n=116 inter=43
  items missing from type35=[0, 1, 2, 20, 21, 22, 24, 28, 34, 39, 40, 44, 50, 63, 68, 69, 70, 71, 72, 73, 74, 75, 76, 77, 78, 79, 80, 81, 82, 83, 85, 86, 89, 90, 91, 92, 93, 95, 97, 99]...

========== TASK 6 .256 uncapped ==========
T6(a) 198 @257 plus1+highbit NO CAP: out=17590 used=18288/18288 leftover=0
       capped 16384: out=16384 used=17061 leftover=1227
T6(b) 195 @257 plus1+highbit NO CAP: out=31111 used=31371/31371 leftover=0
       capped 33144: out=31111 used=31371 leftover=0
T6(c) 195 00=emit1: out=30160 used=31371/31371 leftover=0
T6(c) 198 00=emit1: out=17427 used=18288/18288 leftover=0
T6(c) 195 00=emit8: out=31294 used=31371/31371 leftover=0
T6(c) 198 00=emit8: out=18288 used=18288/18288 leftover=0
T6(c) 195 00=emit_follow_as_count: out=32905 used=31371/31371 leftover=0
T6(c) 198 00=emit_follow_as_count: out=18755 used=18288/18288 leftover=0

T6(d) plus1+highbit @257 uncapped vs u32@0:
  128 size= 49647 u32@0= 103584 out=  54922 ratio=0.5302 used=49390/49390
  129 size= 59909 u32@0= 178440 out=  59622 ratio=0.3341 used=59652/59652
  130 size= 52199 u32@0= 124592 out=  51966 ratio=0.4171 used=51942/51942
  131 size= 29786 u32@0=  53000 out=  28737 ratio=0.5422 used=29529/29529
  132 size= 84995 u32@0= 215516 out=  85386 ratio=0.3962 used=84738/84738
  133 size= 84549 u32@0= 219956 out=  83535 ratio=0.3798 used=84292/84292
  134 size=  8508 u32@0=  15816 out=   8434 ratio=0.5333 used=8251/8251
  135 size= 43298 u32@0= 107436 out=  42217 ratio=0.3930 used=43041/43041
  136 size= 26246 u32@0=  59464 out=  25685 ratio=0.4319 used=25989/25989
  137 size= 40297 u32@0= 106244 out=  38830 ratio=0.3655 used=40040/40040
  139 size= 65404 u32@0= 127624 out=  62831 ratio=0.4923 used=65147/65147
  140 size= 23293 u32@0=  74268 out=  21944 ratio=0.2955 used=23036/23036
  141 size= 21460 u32@0=  47496 out=  21243 ratio=0.4473 used=21203/21203
  142 size= 53676 u32@0= 137328 out=  52470 ratio=0.3821 used=53419/53419
  148 size=  7197 u32@0=  15836 out=   7010 ratio=0.4427 used=6940/6940
  149 size= 11074 u32@0=  20164 out=  10797 ratio=0.5355 used=10817/10817
  150 size=  8302 u32@0=  12520 out=   8129 ratio=0.6493 used=8045/8045
  151 size=  8294 u32@0=  14792 out=   8359 ratio=0.5651 used=8037/8037
  152 size=  6375 u32@0=  15152 out=   5941 ratio=0.3921 used=6118/6118
  153 size=  6864 u32@0=   9356 out=   7391 ratio=0.7900 used=6607/6607
  154 size= 10226 u32@0=  19780 out=  10539 ratio=0.5328 used=9969/9969
  155 size= 11242 u32@0=  31436 out=  11115 ratio=0.3536 used=10985/10985
  156 size= 12544 u32@0=  27596 out=  12447 ratio=0.4510 used=12287/12287
  157 size=  5132 u32@0=   7500 out=   5144 ratio=0.6859 used=4875/4875
  158 size=  7563 u32@0=  11480 out=   7117 ratio=0.6199 used=7306/7306
  159 size= 16736 u32@0=  58264 out=  15690 ratio=0.2693 used=16479/16479
  160 size=  9562 u32@0=  19940 out=   9525 ratio=0.4777 used=9305/9305
  161 size= 14200 u32@0=  28992 out=  14361 ratio=0.4953 used=13943/13943
  162 size=  5090 u32@0=  14172 out=   5006 ratio=0.3532 used=4833/4833
  163 size=  3723 u32@0=  14976 out=   3584 ratio=0.2393 used=3466/3466
  164 size= 26648 u32@0=  39332 out=  26197 ratio=0.6660 used=26391/26391
  165 size=  9493 u32@0=  16676 out=   9606 ratio=0.5760 used=9236/9236
  166 size=  6913 u32@0=  20236 out=   7015 ratio=0.3467 used=6656/6656
  167 size=  9231 u32@0=  21184 out=   8880 ratio=0.4192 used=8974/8974
  187 size=322278 u32@0= 339912 out= 324191 ratio=0.9537 used=322021/322021
  188 size= 46839 u32@0=  53408 out=  63846 ratio=1.1954 used=46582/46582
  189 size= 12738 u32@0=  23272 out=  12037 ratio=0.5172 used=12481/12481
  190 size=  5602 u32@0=  10536 out=   5059 ratio=0.4802 used=5345/5345
  191 size= 29545 u32@0=  40960 out=  28255 ratio=0.6898 used=29288/29288
  192 size=167155 u32@0= 185992 out= 166646 ratio=0.8960 used=166898/166898
  193 size= 56661 u32@0= 104228 out=  55986 ratio=0.5371 used=56404/56404
  194 size=152475 u32@0= 183348 out= 151415 ratio=0.8258 used=152218/152218
  195 size= 31628 u32@0=  33144 out=  31111 ratio=0.9387 used=31371/31371
  196 size= 32727 u32@0=  33144 out=  34007 ratio=1.0260 used=32470/32470
  197 size= 27838 u32@0=  33144 out=  26362 ratio=0.7954 used=27581/27581
  198 size= 18545 u32@0=  33144 out=  17590 ratio=0.5307 used=18288/18288
  199 size= 31733 u32@0=  33144 out=  31941 ratio=0.9637 used=31476/31476
  200 size= 32253 u32@0=  33144 out=  32944 ratio=0.9940 used=31996/31996
  201 size= 32428 u32@0=  33144 out=  33367 ratio=1.0067 used=32171/32171
  202 size= 31396 u32@0=  33144 out=  31482 ratio=0.9499 used=31139/31139
  ratio min=0.2393 max=1.1954 median=0.5307

T6(e) 195 last 128 packed:
0b 0a 0a 0b 0a 0c 0f 0d 09 09 0c 0d 0a 09 08 0b 10 0a 08 08 0c 12 10 09 09 0b 10 10 0c 0a 0b 0e 0d 0f 0e 0e 0f 0b 0a 09 0f 10 10 0b 08 07 0a 11 12 0e 0a 08 09 0a 09 0b 0f 0b 09 08 0c 10 0b 09 0a 0b 0a 09 09 0e 11 0b 0a 0b 10 10 0c 0c 0d 12 0e 0c 0b 0d 8c 12 0c 0a 09 0d 12 0b 08 07 08 0f 0a 07 00 06 9a 09 09 06 0a 06 06 07 07 10 0c 08 07 09 0d 0d 0a 09 0c 0e 10 0b 0b 0d 12 11 0e 0d
00000000  0b 0a 0a 0b 0a 0c 0f 0d 09 09 0c 0d 0a 09 08 0b  |................|
00000010  10 0a 08 08 0c 12 10 09 09 0b 10 10 0c 0a 0b 0e  |................|
00000020  0d 0f 0e 0e 0f 0b 0a 09 0f 10 10 0b 08 07 0a 11  |................|
00000030  12 0e 0a 08 09 0a 09 0b 0f 0b 09 08 0c 10 0b 09  |................|
00000040  0a 0b 0a 09 09 0e 11 0b 0a 0b 10 10 0c 0c 0d 12  |................|
00000050  0e 0c 0b 0d 8c 12 0c 0a 09 0d 12 0b 08 07 08 0f  |....å...........|
00000060  0a 07 00 06 9a 09 09 06 0a 06 06 07 07 10 0c 08  |....ö...........|
00000070  07 09 0d 0d 0a 09 0c 0e 10 0b 0b 0d 12 11 0e 0d  |................|

T6(e) 198 last 128 packed:
00 08 80 09 03 11 80 10 00 11 80 10 03 11 86 10 11 11 10 11 11 10 01 11 80 10 00 11 87 09 08 09 08 09 08 08 09 00 08 82 09 08 09 01 08 80 09 02 08 80 09 02 08 84 09 08 11 11 10 04 11 80 10 00 11 80 10 06 11 82 10 11 10 02 11 01 08 83 09 08 08 09 01 08 83 09 08 08 09 03 08 80 09 00 08 85 09 08 08 09 08 09 01 11 80 10 08 11 80 10 02 11 80 10 06 11 03 08 84 09 08 09 08 09 01 08 80 09
00000000  00 08 80 09 03 11 80 10 00 11 80 10 03 11 86 10  |..Ä...Ä...Ä...Ü.|
00000010  11 11 10 11 11 10 01 11 80 10 00 11 87 09 08 09  |........Ä...á...|
00000020  08 09 08 08 09 00 08 82 09 08 09 01 08 80 09 02  |.......Ç.....Ä..|
00000030  08 80 09 02 08 84 09 08 11 11 10 04 11 80 10 00  |.Ä...Ñ.......Ä..|
00000040  11 80 10 06 11 82 10 11 10 02 11 01 08 83 09 08  |.Ä...Ç.......É..|
00000050  08 09 01 08 83 09 08 08 09 03 08 80 09 00 08 85  |....É......Ä...Ö|
00000060  09 08 08 09 08 09 01 11 80 10 08 11 80 10 02 11  |........Ä...Ä...|
00000070  80 10 06 11 03 08 84 09 08 09 08 09 01 08 80 09  |Ä.....Ñ.......Ä.|
