== 25 x 9112 from 39392 ==
  end=267192 file=267452 tail=260
  L00 @39392 nonzero=2783 head=00 00 ff fe 00 00 00 00 00 00 00 00 00 00 00 00 00 00 ff fe 00 00 00 00 00 00 00 00 00 00 00 00
  L01 @48504 nonzero=3288 head=00 00 ff fe 00 00 00 00 00 00 00 00 00 00 00 00 00 00 ff fe 00 00 00 00 00 00 00 00 00 00 00 00
  L02 @57616 nonzero=3345 head=00 00 ff fe 00 00 00 00 00 00 00 00 00 00 00 00 00 00 ff fe 00 00 00 00 00 00 00 00 00 00 00 00
  L03 @66728 nonzero=3487 head=00 00 ff fe 00 00 00 00 00 00 00 00 00 00 00 00 00 00 ff fe 00 00 00 00 00 00 00 00 00 00 00 00
  L04 @75840 nonzero=2793 head=00 00 ff fe 00 00 00 00 00 00 00 00 00 00 00 00 00 00 ff fe 00 00 00 00 00 00 00 00 00 00 00 00
  L05 @84952 nonzero=2313 head=00 00 ff fe 00 00 00 00 00 00 00 00 00 00 00 00 00 00 ff fe 00 00 00 00 00 00 00 00 00 00 00 00
  L06 @94064 nonzero=3916 head=00 00 ff fe 00 00 00 00 00 00 00 00 00 00 00 00 00 00 ff fe 00 00 00 00 00 00 00 00 00 00 00 00
  L07 @103176 nonzero=3991 head=00 00 ff fe 00 00 00 00 00 00 00 00 00 00 00 00 00 00 ff fe 00 00 00 00 00 00 00 00 00 00 00 00
  L08 @112288 nonzero=3895 head=00 00 ff fe 00 00 00 00 00 00 00 00 00 00 00 00 00 00 ff fe 00 00 00 00 00 00 00 00 00 00 00 00
  L09 @121400 nonzero=4235 head=00 00 ff fe 00 00 00 00 00 00 00 00 00 00 00 00 00 00 ff fe 00 00 00 00 00 00 00 00 00 00 00 00
  L10 @130512 nonzero=4337 head=00 00 ff fe 00 00 00 00 00 00 00 00 00 00 00 00 00 00 ff fe 00 00 00 00 00 00 00 00 00 00 00 00
  L11 @139624 nonzero=4164 head=00 00 ff fe 00 00 00 00 00 00 00 00 00 00 00 00 00 00 ff fe 00 00 00 00 00 00 00 00 00 00 00 00
  L12 @148736 nonzero=3252 head=00 00 ff fe 00 00 00 00 00 00 00 00 00 00 00 00 00 00 ff fe 00 00 00 00 00 00 00 00 00 00 00 00
  L13 @157848 nonzero=3990 head=00 00 ff fe 00 00 00 00 00 00 00 00 00 00 00 00 00 00 ff fe 00 00 00 00 00 00 00 00 00 00 00 00
  L14 @166960 nonzero=4259 head=00 00 ff fe 00 00 00 00 00 00 00 00 00 00 00 00 00 00 ff fe 00 00 00 00 00 00 00 00 00 00 00 00
  L15 @176072 nonzero=3852 head=00 00 ff fe 00 00 00 00 00 00 00 00 00 00 00 00 00 00 ff fe 00 00 00 00 00 00 00 00 00 00 00 00
  L16 @185184 nonzero=3404 head=00 00 ff fe 00 00 00 00 00 00 00 00 00 00 00 00 00 00 ff fe 00 00 00 00 00 00 00 00 00 00 00 00
  L17 @194296 nonzero=3357 head=00 00 ff fe 00 00 00 00 00 00 00 00 00 00 00 00 00 00 ff fe 00 00 00 00 00 00 00 00 00 00 00 00
  L18 @203408 nonzero=2552 head=00 00 ff fe 00 00 00 00 00 00 00 00 00 00 00 00 00 00 ff fe 00 00 00 00 00 00 00 00 00 00 00 00
  L19 @212520 nonzero=3027 head=00 00 ff fe 00 00 00 00 00 00 00 00 00 00 00 00 00 00 ff fe 00 00 00 00 00 00 00 00 00 00 00 00
  L20 @221632 nonzero=3250 head=00 00 ff fe 00 00 00 00 00 00 00 00 00 00 00 00 00 00 ff fe 00 00 00 00 00 00 00 00 00 00 00 00
  L21 @230744 nonzero=4209 head=00 00 ff fe 00 00 00 00 00 00 00 00 00 00 00 00 00 00 ff fe 00 00 00 00 00 00 00 00 00 00 00 00
  L22 @239856 nonzero=3605 head=00 00 ff fe 00 00 00 00 00 00 00 00 00 00 00 00 00 00 ff fe 00 00 00 00 00 00 00 00 00 00 00 00
  L23 @248968 nonzero=1205 head=00 00 ff fe 00 00 00 00 00 00 00 00 00 00 00 00 00 00 ff fe 00 00 00 00 00 00 00 00 00 00 00 00
  L24 @258080 nonzero=2417 head=00 00 ff fe 00 00 00 00 00 00 00 00 00 00 00 00 00 00 ff fe 00 00 00 00 00 00 00 00 00 00 00 00
  identical-to-L0: []
  unique-block groups: [(1, [0]), (1, [1]), (1, [2]), (1, [3]), (1, [4]), (1, [5]), (1, [6]), (1, [7]), (1, [8]), (1, [9]), (1, [10]), (1, [11]), (1, [12]), (1, [13]), (1, [14]), (1, [15]), (1, [16]), (1, [17]), (1, [18]), (1, [19]), (1, [20]), (1, [21]), (1, [22]), (1, [23]), (1, [24])]
  L0 vs L1 diffs=2400 first20=[261, 269, 277, 279, 281, 285, 293, 301, 309, 317, 325, 333, 341, 349, 357, 365, 373, 381, 389, 397]
  alt base=39384 unique=25 group_sizes=[(1, 0), (1, 1), (1, 2), (1, 3), (1, 4), (1, 5), (1, 6), (1, 7)]
  alt base=39376 unique=25 group_sizes=[(1, 0), (1, 1), (1, 2), (1, 3), (1, 4), (1, 5), (1, 6), (1, 7)]
  alt base=33944 unique=25 group_sizes=[(1, 0), (1, 1), (1, 2), (1, 3), (1, 4), (1, 5), (1, 6), (1, 7)]
  alt base=25680 unique=25 group_sizes=[(1, 0), (1, 1), (1, 2), (1, 3), (1, 4), (1, 5), (1, 6), (1, 7)]
  alt base=0 unique=25 group_sizes=[(1, 0), (1, 1), (1, 2), (1, 3), (1, 4), (1, 5), (1, 6), (1, 7)]
  alt base=128 unique=25 group_sizes=[(1, 0), (1, 1), (1, 2), (1, 3), (1, 4), (1, 5), (1, 6), (1, 7)]
  alt base=256 unique=25 group_sizes=[(1, 0), (1, 1), (1, 2), (1, 3), (1, 4), (1, 5), (1, 6), (1, 7)]
  alt base=512 unique=25 group_sizes=[(1, 0), (1, 1), (1, 2), (1, 3), (1, 4), (1, 5), (1, 6), (1, 7)]
  alt base=2048 unique=25 group_sizes=[(1, 0), (1, 1), (1, 2), (1, 3), (1, 4), (1, 5), (1, 6), (1, 7)]
  alt base=2560 unique=25 group_sizes=[(1, 0), (1, 1), (1, 2), (1, 3), (1, 4), (1, 5), (1, 6), (1, 7)]

== header 0..39392 hex slices ==

-- @2048 --
00000000  00 00 00 00 00 00 00 00 00 00 00 00 00 00 00 00  |................|
00000010  00 00 00 00 00 00 00 00 00 00 00 00 00 00 00 00  |................|
00000020  00 00 00 00 00 00 00 01 00 01 00 00 00 00 00 00  |................|
00000030  00 00 00 00 00 00 00 00 00 00 00 00 00 00 00 80  |...............Ä|

-- @2200 --
00000000  ff ff ff ff 00 00 00 00 00 00 00 00 00 00 00 00  |ˇˇˇˇ............|
00000010  00 00 00 00 00 00 00 00 00 00 00 00 00 00 00 00  |................|
00000020  00 00 00 00 00 00 00 00 00 00 00 00 00 00 00 00  |................|
00000030  00 00 00 00 00 00 00 00 00 00 00 00 00 00 00 00  |................|

-- @2300 --
00000000  00 00 00 00 00 00 00 00 00 00 00 00 00 00 00 00  |................|
00000010  00 00 04 00 00 02 00 00 01 30 00 63 00 06 00 02  |.........0.c....|
00000020  00 01 80 ff 00 02 00 09 00 be 00 00 00 00 00 00  |..Äˇ.....æ......|
00000030  00 15 80 ff 00 01 00 06 00 e7 00 00 00 00 00 00  |..Äˇ.....Á......|

-- @2320 --
00000000  00 02 00 00 01 30 00 63 00 06 00 02 00 01 80 ff  |.....0.c......Äˇ|
00000010  00 02 00 09 00 be 00 00 00 00 00 00 00 15 80 ff  |.....æ........Äˇ|
00000020  00 01 00 06 00 e7 00 00 00 00 00 00 00 15 80 ff  |.....Á........Äˇ|
00000030  00 01 00 06 00 e7 00 00 00 00 00 00 00 15 80 ff  |.....Á........Äˇ|

-- @2400 --
00000000  00 02 00 09 00 98 00 00 00 00 00 00 00 06 80 ff  |.....ò........Äˇ|
00000010  00 02 00 09 00 98 00 00 00 00 00 00 00 00 00 00  |.....ò..........|
00000020  00 00 00 00 00 00 00 00 00 00 00 00 00 00 00 00  |................|
00000030  00 00 00 00 00 00 00 00 00 00 00 00 00 00 00 00  |................|

-- @2480 --
00000000  00 00 00 00 00 00 00 00 00 00 00 00 00 00 00 00  |................|
00000010  00 00 00 00 00 00 00 00 00 00 00 00 00 00 00 00  |................|
00000020  00 00 00 00 00 00 00 00 00 00 00 00 00 00 00 00  |................|
00000030  00 00 00 00 00 00 00 00 00 00 00 00 00 00 00 00  |................|

-- @2544 --
00000000  00 00 00 00 00 00 00 00 00 00 00 00 00 00 00 00  |................|
00000010  00 00 00 00 00 00 00 00 00 00 00 00 00 00 00 00  |................|
00000020  00 00 00 00 00 00 00 00 00 00 00 00 00 00 00 00  |................|
00000030  00 00 00 00 00 00 00 00 00 00 00 00 00 00 00 00  |................|

-- @25680 --
00000000  00 2d 00 00 00 00 ff ff ff ff 00 00 00 00 00 00  |.-....ˇˇˇˇ......|
00000010  ff ff 00 00 00 00 00 00 ff ff 00 00 00 00 00 00  |ˇˇ......ˇˇ......|
00000020  ff ff 00 00 00 00 00 00 ff ff 00 00 00 00 00 00  |ˇˇ......ˇˇ......|
00000030  ff ff 00 00 00 00 00 00 ff ff 00 00 00 00 00 00  |ˇˇ......ˇˇ......|

-- @25448 --
00000000  00 00 00 00 00 00 00 00 00 00 00 00 00 00 00 00  |................|
00000010  00 00 00 00 00 00 00 00 00 00 00 00 00 00 00 00  |................|
00000020  00 00 00 00 00 00 00 00 00 00 00 00 00 00 00 00  |................|
00000030  00 00 00 00 00 00 00 00 00 00 00 00 00 00 00 00  |................|

-- @1780 --
00000000  00 0c 0b 3c 00 00 00 00 14 54 00 01 00 00 00 00  |...<.....T......|
00000010  00 00 00 00 00 00 00 00 00 00 00 00 00 00 00 00  |................|
00000020  00 00 00 00 00 00 00 00 00 00 00 00 00 00 00 00  |................|
00000030  00 00 00 00 00 00 00 00 00 00 00 00 00 00 00 00  |................|

-- @1840 --
00000000  00 00 00 00 00 00 00 00 00 00 00 00 00 00 00 00  |................|
00000010  00 00 00 00 00 00 00 00 00 00 00 00 1a f7 00 00  |.............˜..|
00000020  0a 6d 01 2e 00 3c 00 3c 00 00 00 03 00 00 00 00  |.m...<.<........|
00000030  00 03 00 00 00 00 00 01 00 00 00 30 00 00 00 00  |...........0....|

-- @1860 --
00000000  00 00 00 00 00 00 00 00 1a f7 00 00 0a 6d 01 2e  |.........˜...m..|
00000010  00 3c 00 3c 00 00 00 03 00 00 00 00 00 03 00 00  |.<.<............|
00000020  00 00 00 01 00 00 00 30 00 00 00 00 00 00 00 03  |.......0........|
00000030  00 00 00 00 00 00 00 00 00 00 00 00 00 00 00 00  |................|

== inventory abs2560 @2560 ==
  [ 0] @2560 00 00 00 00 00 00 00 00  id=0(Map) state=0 qty=0 cat=0
  [ 1] @2568 00 00 00 00 00 00 00 00  id=0(Map) state=0 qty=0 cat=0
  [ 2] @2576 00 00 00 00 00 00 00 00  id=0(Map) state=0 qty=0 cat=0
  [ 3] @2584 00 00 00 00 00 00 00 00  id=0(Map) state=0 qty=0 cat=0
  [ 4] @2592 00 00 00 00 00 00 00 00  id=0(Map) state=0 qty=0 cat=0
  [ 5] @2600 00 00 00 00 00 00 00 00  id=0(Map) state=0 qty=0 cat=0
  [ 6] @2608 00 00 00 00 00 00 00 01  id=0(Map) state=0 qty=0 cat=1
  [ 7] @2616 00 01 00 01 00 00 00 06  id=1(Digital Watch) state=1 qty=0 cat=6
  [ 8] @2624 00 02 00 01 0b 40 00 05  id=2(Flash light) state=1 qty=2880 cat=5
  [ 9] @2632 00 33 00 00 00 08 00 04  id=51(Walther P4 Ammo) state=0 qty=8 cat=4
  [10] @2640 00 2e 00 01 00 09 00 0a  id=46(Walther P4) state=1 qty=9 cat=10
  [11] @2648 00 06 00 02 ff ff 00 08  id=6(Canvas sack) state=2 qty=65535 cat=8
  [12] @2656 00 2f 00 00 00 07 00 02  id=47(Colt .45) state=0 qty=7 cat=2
  [13] @2664 00 39 00 00 00 00 ff ff  id=57(?) state=0 qty=0 cat=65535
  [14] @2672 00 2d 00 00 00 00 00 03  id=45(Survival Knife) state=0 qty=0 cat=3
  [15] @2680 00 33 00 00 00 03 ff ff  id=51(Walther P4 Ammo) state=0 qty=3 cat=65535
  [16] @2688 00 33 00 00 00 08 00 0b  id=51(Walther P4 Ammo) state=0 qty=8 cat=11
  [17] @2696 00 33 00 00 00 08 00 0c  id=51(Walther P4 Ammo) state=0 qty=8 cat=12
  [18] @2704 00 16 00 00 00 00 00 0d  id=22(Mein Kampf) state=0 qty=0 cat=13
  [19] @2712 00 33 00 00 00 08 00 0e  id=51(Walther P4 Ammo) state=0 qty=8 cat=14
  [20] @2720 00 33 00 00 00 08 ff ff  id=51(Walther P4 Ammo) state=0 qty=8 cat=65535
  [21] @2728 ff ff b0 53 66 1c 20 6d  id=65535(?) state=45139 qty=26140 cat=8301

== inventory abs25680 @25680 ==
  [ 0] @25680 00 2d 00 00 00 00 ff ff  id=45(Survival Knife) state=0 qty=0 cat=65535
  [ 1] @25688 ff ff 00 00 00 00 00 00  id=65535(?) state=0 qty=0 cat=0
  [ 2] @25696 ff ff 00 00 00 00 00 00  id=65535(?) state=0 qty=0 cat=0
  [ 3] @25704 ff ff 00 00 00 00 00 00  id=65535(?) state=0 qty=0 cat=0
  [ 4] @25712 ff ff 00 00 00 00 00 00  id=65535(?) state=0 qty=0 cat=0
  [ 5] @25720 ff ff 00 00 00 00 00 00  id=65535(?) state=0 qty=0 cat=0
  [ 6] @25728 ff ff 00 00 00 00 00 00  id=65535(?) state=0 qty=0 cat=0
  [ 7] @25736 ff ff 00 00 00 00 00 00  id=65535(?) state=0 qty=0 cat=0
  [ 8] @25744 ff ff 00 00 00 00 00 00  id=65535(?) state=0 qty=0 cat=0
  [ 9] @25752 ff ff 00 00 00 00 00 00  id=65535(?) state=0 qty=0 cat=0
  [10] @25760 ff ff 00 00 00 00 00 00  id=65535(?) state=0 qty=0 cat=0
  [11] @25768 ff ff 00 00 00 00 00 00  id=65535(?) state=0 qty=0 cat=0
  [12] @25776 ff ff 00 00 00 00 00 00  id=65535(?) state=0 qty=0 cat=0
  [13] @25784 ff ff 00 00 00 00 00 00  id=65535(?) state=0 qty=0 cat=0
  [14] @25792 ff ff 00 00 00 00 00 00  id=65535(?) state=0 qty=0 cat=0
  [15] @25800 ff ff 00 00 00 00 00 00  id=65535(?) state=0 qty=0 cat=0

== region 2560 vs 25680 stride=23120 ==
  first400 diffs=240
    +1 00->2d
    +6 00->ff
    +7 00->ff
    +8 00->ff
    +9 00->ff
    +16 00->ff
    +17 00->ff
    +24 00->ff
    +25 00->ff
    +32 00->ff
    +33 00->ff
    +40 00->ff
    +41 00->ff
    +48 00->ff
    +49 00->ff
    +55 01->00
    +56 00->ff
    +57 01->ff
    +59 01->00
    +63 06->00
    +64 00->ff
    +65 02->ff
    +67 01->00
    +68 0b->00
    +69 40->00
    +71 05->00
    +72 00->ff
    +73 33->ff
    +77 08->00
    +79 04->00
    +80 00->ff
    +81 2e->ff
    +83 01->00
    +85 09->00
    +87 0a->00
    +88 00->ff
    +89 06->ff
    +91 02->00
    +92 ff->00
    +93 ff->00

== full-window diffs for candidate slot sizes ==
  S=9112 diffs=5270/9112 (0.5784) first=[0, 1, 2, 3, 4, 5, 6, 7, 8, 9, 10, 11, 12, 13, 14]
  S=18224 diffs=9378/18224 (0.5146) first=[0, 1, 2, 3, 4, 5, 6, 7, 8, 9, 10, 11, 12, 13, 14]
  S=18304 diffs=9518/18304 (0.5200) first=[0, 1, 2, 3, 4, 5, 6, 7, 8, 9, 10, 11, 12, 13, 14]
  S=23008 diffs=11860/23008 (0.5155) first=[0, 1, 2, 3, 4, 5, 6, 7, 8, 9, 10, 11, 12, 13, 14]
  S=23020 diffs=11175/23020 (0.4854) first=[0, 1, 2, 3, 4, 5, 6, 7, 8, 9, 10, 11, 12, 13, 14]
  S=23120 diffs=11976/23120 (0.5180) first=[0, 1, 2, 3, 4, 5, 6, 7, 8, 9, 10, 11, 12, 13, 14]
  S=25600 diffs=13118/25600 (0.5124) first=[0, 1, 2, 3, 4, 5, 6, 7, 8, 9, 10, 11, 12, 13, 14]
  S=26624 diffs=14250/26624 (0.5352) first=[0, 1, 2, 3, 4, 5, 6, 7, 8, 9, 10, 11, 12, 13, 14]
  S=32768 diffs=18374/32768 (0.5607) first=[0, 1, 2, 3, 4, 5, 6, 7, 8, 9, 10, 11, 12, 13, 14]
  S=39652 diffs=21825/39652 (0.5504) first=[0, 1, 2, 3, 4, 5, 6, 7, 8, 9, 10, 11, 12, 13, 14]
  S=54784 diffs=23362/54784 (0.4264) first=[0, 1, 2, 3, 4, 5, 6, 7, 8, 9, 10, 11, 12, 13, 14]

== T3 position neighborhood @2328 and HP/time ==
00000000  00 00 00 00 00 00 00 00 00 00 00 00 00 00 00 00  |................|
00000010  00 00 00 00 00 00 00 00 00 00 00 00 00 00 00 00  |................|
00000020  00 00 00 00 00 00 04 00 00 02 00 00 01 30 00 63  |.............0.c|
00000030  00 06 00 02 00 01 80 ff 00 02 00 09 00 be 00 00  |......Äˇ.....æ..|
00000040  00 00 00 00 00 15 80 ff 00 01 00 06 00 e7 00 00  |......Äˇ.....Á..|
00000050  00 00 00 00 00 15 80 ff 00 01 00 06 00 e7 00 00  |......Äˇ.....Á..|
00000060  00 00 00 00 00 15 80 ff 00 01 00 06 00 e7 00 00  |......Äˇ.....Á..|
00000070  00 00 00 00 00 06 80 ff                          |......Äˇ|
  u16@2328=6 u16@2330=2
  time u32@1786=5204 seconds=86.73
  u16@1876=60 u16@1878=60

== u16be 60,60 pairs (HP) ==
  @1876 ctx=1a f7 00 00 0a 6d 01 2e 00 3c 00 3c 00 00 00 03 00 00 00 00 00 03 00 00
  @24884 ctx=42 00 00 00 42 00 01 80 00 3c 00 3c 00 00 00 03 00 00 00 00 00 03 00 00

== u16 triples (level=0,x=6,y=2) any order within 16 bytes ==
  @1678 u16s=[512, 0, 1, 2, 3, 4, 5, 6] hex=02 00 00 00 00 01 00 02 00 03 00 04 00 05 00 06
  @1680 u16s=[0, 1, 2, 3, 4, 5, 6, 7] hex=00 00 00 01 00 02 00 03 00 04 00 05 00 06 00 07
  @2314 u16s=[0, 0, 1024, 2, 0, 304, 99, 6] hex=00 00 00 00 04 00 00 02 00 00 01 30 00 63 00 06
  @2316 u16s=[0, 1024, 2, 0, 304, 99, 6, 2] hex=00 00 04 00 00 02 00 00 01 30 00 63 00 06 00 02
  @2318 u16s=[1024, 2, 0, 304, 99, 6, 2, 1] hex=04 00 00 02 00 00 01 30 00 63 00 06 00 02 00 01
  @2320 u16s=[2, 0, 304, 99, 6, 2, 1, 33023] hex=00 02 00 00 01 30 00 63 00 06 00 02 00 01 80 ff
  @2322 u16s=[0, 304, 99, 6, 2, 1, 33023, 2] hex=00 00 01 30 00 63 00 06 00 02 00 01 80 ff 00 02
  @2328 u16s=[6, 2, 1, 33023, 2, 9, 190, 0] hex=00 06 00 02 00 01 80 ff 00 02 00 09 00 be 00 00
  @2386 u16s=[6, 231, 0, 0, 0, 6, 33023, 2] hex=00 06 00 e7 00 00 00 00 00 00 00 06 80 ff 00 02
  @2388 u16s=[231, 0, 0, 0, 6, 33023, 2, 9] hex=00 e7 00 00 00 00 00 00 00 06 80 ff 00 02 00 09
  @2390 u16s=[0, 0, 0, 6, 33023, 2, 9, 152] hex=00 00 00 00 00 00 00 06 80 ff 00 02 00 09 00 98
  @2392 u16s=[0, 0, 6, 33023, 2, 9, 152, 0] hex=00 00 00 00 00 06 80 ff 00 02 00 09 00 98 00 00
  @2394 u16s=[0, 6, 33023, 2, 9, 152, 0, 0] hex=00 00 00 06 80 ff 00 02 00 09 00 98 00 00 00 00
  @2396 u16s=[6, 33023, 2, 9, 152, 0, 0, 0] hex=00 06 80 ff 00 02 00 09 00 98 00 00 00 00 00 00
  @2398 u16s=[33023, 2, 9, 152, 0, 0, 0, 6] hex=80 ff 00 02 00 09 00 98 00 00 00 00 00 00 00 06
  @2400 u16s=[2, 9, 152, 0, 0, 0, 6, 33023] hex=00 02 00 09 00 98 00 00 00 00 00 00 00 06 80 ff
  @2402 u16s=[9, 152, 0, 0, 0, 6, 33023, 2] hex=00 09 00 98 00 00 00 00 00 00 00 06 80 ff 00 02
  @2404 u16s=[152, 0, 0, 0, 6, 33023, 2, 9] hex=00 98 00 00 00 00 00 00 00 06 80 ff 00 02 00 09
  @2406 u16s=[0, 0, 0, 6, 33023, 2, 9, 152] hex=00 00 00 00 00 00 00 06 80 ff 00 02 00 09 00 98
  @2408 u16s=[0, 0, 6, 33023, 2, 9, 152, 0] hex=00 00 00 00 00 06 80 ff 00 02 00 09 00 98 00 00
  @2410 u16s=[0, 6, 33023, 2, 9, 152, 0, 0] hex=00 00 00 06 80 ff 00 02 00 09 00 98 00 00 00 00
  @2412 u16s=[6, 33023, 2, 9, 152, 0, 0, 0] hex=00 06 80 ff 00 02 00 09 00 98 00 00 00 00 00 00
  @2610 u16s=[0, 0, 1, 1, 1, 0, 6, 2] hex=00 00 00 00 00 01 00 01 00 01 00 00 00 06 00 02
  @2612 u16s=[0, 1, 1, 1, 0, 6, 2, 1] hex=00 00 00 01 00 01 00 01 00 00 00 06 00 02 00 01
  @2614 u16s=[1, 1, 1, 0, 6, 2, 1, 2880] hex=00 01 00 01 00 01 00 00 00 06 00 02 00 01 0b 40
  @2616 u16s=[1, 1, 0, 6, 2, 1, 2880, 5] hex=00 01 00 01 00 00 00 06 00 02 00 01 0b 40 00 05
  @2618 u16s=[1, 0, 6, 2, 1, 2880, 5, 51] hex=00 01 00 00 00 06 00 02 00 01 0b 40 00 05 00 33
  @2620 u16s=[0, 6, 2, 1, 2880, 5, 51, 0] hex=00 00 00 06 00 02 00 01 0b 40 00 05 00 33 00 00
  @2622 u16s=[6, 2, 1, 2880, 5, 51, 0, 8] hex=00 06 00 02 00 01 0b 40 00 05 00 33 00 00 00 08
  @2644 u16s=[9, 10, 6, 2, 65535, 8, 47, 0] hex=00 09 00 0a 00 06 00 02 ff ff 00 08 00 2f 00 00
  @2646 u16s=[10, 6, 2, 65535, 8, 47, 0, 7] hex=00 0a 00 06 00 02 ff ff 00 08 00 2f 00 00 00 07
  @2648 u16s=[6, 2, 65535, 8, 47, 0, 7, 2] hex=00 06 00 02 ff ff 00 08 00 2f 00 00 00 07 00 02

== u16 triples (0, 24, 8) within 16 bytes ==

== T2(c) bit 114 in Ground Floor level block ==
  L0 first 64:
00000000  00 00 ff fe 00 00 00 00 00 00 00 00 00 00 00 00  |..ˇ˛............|
00000010  00 00 ff fe 00 00 00 00 00 00 00 00 00 00 00 00  |..ˇ˛............|
00000020  00 00 ff fe 00 00 00 00 00 00 00 00 00 00 00 00  |..ˇ˛............|
00000030  00 00 ff fe 00 00 00 00 00 00 00 00 00 00 00 00  |..ˇ˛............|
  bit114 byte_off=14 value=0x00 LSB0=False MSB0=False
  L0[0:50] as 400-bit item bitmap:
  bit114 byte_off=14 value=0x00 LSB0=False MSB0=False
  L0 i16be 114 at relative [1665, 1789, 2353, 2369, 2417, 3441, 4369, 4561]

== L0 bytes that differ from majority of other levels (sample) ==
  L0 vs L24 diffs=1931
    Lrel 261 L0=34 L24=1f
    Lrel 263 L0=01 L24=04
    Lrel 265 L0=23 L24=3c
    Lrel 269 L0=03 L24=3a
    Lrel 271 L0=01 L24=04
    Lrel 273 L0=23 L24=3c
    Lrel 277 L0=04 L24=3b
    Lrel 279 L0=01 L24=04
    Lrel 281 L0=23 L24=3c
    Lrel 285 L0=05 L24=3c
    Lrel 287 L0=01 L24=03
    Lrel 289 L0=23 L24=5a
    Lrel 293 L0=06 L24=3e
    Lrel 295 L0=01 L24=03
    Lrel 297 L0=23 L24=5a
    Lrel 301 L0=08 L24=3f
    Lrel 303 L0=01 L24=03
    Lrel 305 L0=23 L24=5a
    Lrel 309 L0=09 L24=40
    Lrel 311 L0=01 L24=03
    Lrel 313 L0=23 L24=5a
    Lrel 317 L0=0a L24=41
    Lrel 319 L0=01 L24=03
    Lrel 321 L0=23 L24=5a
    Lrel 325 L0=0b L24=42
    Lrel 327 L0=01 L24=03
    Lrel 329 L0=23 L24=5a
    Lrel 333 L0=0c L24=43
    Lrel 335 L0=01 L24=04
    Lrel 337 L0=23 L24=3c
    Lrel 341 L0=0d L24=4c
    Lrel 343 L0=01 L24=04
    Lrel 345 L0=23 L24=3c
    Lrel 349 L0=0e L24=4d
    Lrel 351 L0=01 L24=04
    Lrel 353 L0=23 L24=3c
    Lrel 357 L0=10 L24=4e
    Lrel 359 L0=01 L24=03
    Lrel 361 L0=23 L24=5a
    Lrel 365 L0=11 L24=4f
  L0[14]=00 bits LSB [(0, False), (1, False), (2, False), (3, False), (4, False), (5, False), (6, False), (7, False)]

== L0 low-density 50-byte windows (candidate item bitmaps) ==
  @0 nz=6 b14=00 00 00 ff fe 00 00 00 00 00 00 00 00 00 00 00 00 00 00 ff fe 00 00 00 00 00 00 00 00 00 00 00 00 00 00 ff fe 00 00 00 00 00 00 00 00 00 00 00 00 00 00
  @2 nz=8 b14=00 ff fe 00 00 00 00 00 00 00 00 00 00 00 00 00 00 ff fe 00 00 00 00 00 00 00 00 00 00 00 00 00 00 ff fe 00 00 00 00 00 00 00 00 00 00 00 00 00 00 ff fe
  @4 nz=6 b14=ff 00 00 00 00 00 00 00 00 00 00 00 00 00 00 ff fe 00 00 00 00 00 00 00 00 00 00 00 00 00 00 ff fe 00 00 00 00 00 00 00 00 00 00 00 00 00 00 ff fe 00 00
  @6 nz=6 b14=00 00 00 00 00 00 00 00 00 00 00 00 00 ff fe 00 00 00 00 00 00 00 00 00 00 00 00 00 00 ff fe 00 00 00 00 00 00 00 00 00 00 00 00 00 00 ff fe 00 00 00 00
  @8 nz=6 b14=00 00 00 00 00 00 00 00 00 00 00 ff fe 00 00 00 00 00 00 00 00 00 00 00 00 00 00 ff fe 00 00 00 00 00 00 00 00 00 00 00 00 00 00 ff fe 00 00 00 00 00 00
  @10 nz=6 b14=00 00 00 00 00 00 00 00 00 ff fe 00 00 00 00 00 00 00 00 00 00 00 00 00 00 ff fe 00 00 00 00 00 00 00 00 00 00 00 00 00 00 ff fe 00 00 00 00 00 00 00 00
  @12 nz=6 b14=00 00 00 00 00 00 00 ff fe 00 00 00 00 00 00 00 00 00 00 00 00 00 00 ff fe 00 00 00 00 00 00 00 00 00 00 00 00 00 00 ff fe 00 00 00 00 00 00 00 00 00 00
  @14 nz=6 b14=00 00 00 00 00 ff fe 00 00 00 00 00 00 00 00 00 00 00 00 00 00 ff fe 00 00 00 00 00 00 00 00 00 00 00 00 00 00 ff fe 00 00 00 00 00 00 00 00 00 00 00 00
  @16 nz=6 b14=00 00 00 ff fe 00 00 00 00 00 00 00 00 00 00 00 00 00 00 ff fe 00 00 00 00 00 00 00 00 00 00 00 00 00 00 ff fe 00 00 00 00 00 00 00 00 00 00 00 00 00 00
  @18 nz=8 b14=00 ff fe 00 00 00 00 00 00 00 00 00 00 00 00 00 00 ff fe 00 00 00 00 00 00 00 00 00 00 00 00 00 00 ff fe 00 00 00 00 00 00 00 00 00 00 00 00 00 00 ff fe
  @20 nz=6 b14=ff 00 00 00 00 00 00 00 00 00 00 00 00 00 00 ff fe 00 00 00 00 00 00 00 00 00 00 00 00 00 00 ff fe 00 00 00 00 00 00 00 00 00 00 00 00 00 00 ff fe 00 00
  @22 nz=6 b14=00 00 00 00 00 00 00 00 00 00 00 00 00 ff fe 00 00 00 00 00 00 00 00 00 00 00 00 00 00 ff fe 00 00 00 00 00 00 00 00 00 00 00 00 00 00 ff fe 00 00 00 00
  @24 nz=6 b14=00 00 00 00 00 00 00 00 00 00 00 ff fe 00 00 00 00 00 00 00 00 00 00 00 00 00 00 ff fe 00 00 00 00 00 00 00 00 00 00 00 00 00 00 ff fe 00 00 00 00 00 00
  @26 nz=6 b14=00 00 00 00 00 00 00 00 00 ff fe 00 00 00 00 00 00 00 00 00 00 00 00 00 00 ff fe 00 00 00 00 00 00 00 00 00 00 00 00 00 00 ff fe 00 00 00 00 00 00 00 00
  @28 nz=6 b14=00 00 00 00 00 00 00 ff fe 00 00 00 00 00 00 00 00 00 00 00 00 00 00 ff fe 00 00 00 00 00 00 00 00 00 00 00 00 00 00 ff fe 00 00 00 00 00 00 00 00 00 00
  @30 nz=6 b14=00 00 00 00 00 ff fe 00 00 00 00 00 00 00 00 00 00 00 00 00 00 ff fe 00 00 00 00 00 00 00 00 00 00 00 00 00 00 ff fe 00 00 00 00 00 00 00 00 00 00 00 00
  @32 nz=6 b14=00 00 00 ff fe 00 00 00 00 00 00 00 00 00 00 00 00 00 00 ff fe 00 00 00 00 00 00 00 00 00 00 00 00 00 00 ff fe 00 00 00 00 00 00 00 00 00 00 00 00 00 00
  @34 nz=8 b14=00 ff fe 00 00 00 00 00 00 00 00 00 00 00 00 00 00 ff fe 00 00 00 00 00 00 00 00 00 00 00 00 00 00 ff fe 00 00 00 00 00 00 00 00 00 00 00 00 00 00 ff fe
  @36 nz=6 b14=ff 00 00 00 00 00 00 00 00 00 00 00 00 00 00 ff fe 00 00 00 00 00 00 00 00 00 00 00 00 00 00 ff fe 00 00 00 00 00 00 00 00 00 00 00 00 00 00 ff fe 00 00
  @38 nz=6 b14=00 00 00 00 00 00 00 00 00 00 00 00 00 ff fe 00 00 00 00 00 00 00 00 00 00 00 00 00 00 ff fe 00 00 00 00 00 00 00 00 00 00 00 00 00 00 ff fe 00 00 00 00
  @40 nz=6 b14=00 00 00 00 00 00 00 00 00 00 00 ff fe 00 00 00 00 00 00 00 00 00 00 00 00 00 00 ff fe 00 00 00 00 00 00 00 00 00 00 00 00 00 00 ff fe 00 00 00 00 00 00
  @42 nz=6 b14=00 00 00 00 00 00 00 00 00 ff fe 00 00 00 00 00 00 00 00 00 00 00 00 00 00 ff fe 00 00 00 00 00 00 00 00 00 00 00 00 00 00 ff fe 00 00 00 00 00 00 00 00
  @44 nz=6 b14=00 00 00 00 00 00 00 ff fe 00 00 00 00 00 00 00 00 00 00 00 00 00 00 ff fe 00 00 00 00 00 00 00 00 00 00 00 00 00 00 ff fe 00 00 00 00 00 00 00 00 00 00
  @46 nz=6 b14=00 00 00 00 00 ff fe 00 00 00 00 00 00 00 00 00 00 00 00 00 00 ff fe 00 00 00 00 00 00 00 00 00 00 00 00 00 00 ff fe 00 00 00 00 00 00 00 00 00 00 00 00
  @48 nz=6 b14=00 00 00 ff fe 00 00 00 00 00 00 00 00 00 00 00 00 00 00 ff fe 00 00 00 00 00 00 00 00 00 00 00 00 00 00 ff fe 00 00 00 00 00 00 00 00 00 00 00 00 00 00
  @50 nz=8 b14=00 ff fe 00 00 00 00 00 00 00 00 00 00 00 00 00 00 ff fe 00 00 00 00 00 00 00 00 00 00 00 00 00 00 ff fe 00 00 00 00 00 00 00 00 00 00 00 00 00 00 ff fe
  @52 nz=6 b14=ff 00 00 00 00 00 00 00 00 00 00 00 00 00 00 ff fe 00 00 00 00 00 00 00 00 00 00 00 00 00 00 ff fe 00 00 00 00 00 00 00 00 00 00 00 00 00 00 ff fe 00 00
  @54 nz=6 b14=00 00 00 00 00 00 00 00 00 00 00 00 00 ff fe 00 00 00 00 00 00 00 00 00 00 00 00 00 00 ff fe 00 00 00 00 00 00 00 00 00 00 00 00 00 00 ff fe 00 00 00 00
  @56 nz=6 b14=00 00 00 00 00 00 00 00 00 00 00 ff fe 00 00 00 00 00 00 00 00 00 00 00 00 00 00 ff fe 00 00 00 00 00 00 00 00 00 00 00 00 00 00 ff fe 00 00 00 00 00 00
  @58 nz=6 b14=00 00 00 00 00 00 00 00 00 ff fe 00 00 00 00 00 00 00 00 00 00 00 00 00 00 ff fe 00 00 00 00 00 00 00 00 00 00 00 00 00 00 ff fe 00 00 00 00 00 00 00 00
  @60 nz=6 b14=00 00 00 00 00 00 00 ff fe 00 00 00 00 00 00 00 00 00 00 00 00 00 00 ff fe 00 00 00 00 00 00 00 00 00 00 00 00 00 00 ff fe 00 00 00 00 00 00 00 00 00 00
  @62 nz=6 b14=00 00 00 00 00 ff fe 00 00 00 00 00 00 00 00 00 00 00 00 00 00 ff fe 00 00 00 00 00 00 00 00 00 00 00 00 00 00 ff fe 00 00 00 00 00 00 00 00 00 00 00 00
  @64 nz=6 b14=00 00 00 ff fe 00 00 00 00 00 00 00 00 00 00 00 00 00 00 ff fe 00 00 00 00 00 00 00 00 00 00 00 00 00 00 ff fe 00 00 00 00 00 00 00 00 00 00 00 00 00 00
  @66 nz=8 b14=00 ff fe 00 00 00 00 00 00 00 00 00 00 00 00 00 00 ff fe 00 00 00 00 00 00 00 00 00 00 00 00 00 00 ff fe 00 00 00 00 00 00 00 00 00 00 00 00 00 00 ff fe
  @68 nz=6 b14=ff 00 00 00 00 00 00 00 00 00 00 00 00 00 00 ff fe 00 00 00 00 00 00 00 00 00 00 00 00 00 00 ff fe 00 00 00 00 00 00 00 00 00 00 00 00 00 00 ff fe 00 00
  @70 nz=6 b14=00 00 00 00 00 00 00 00 00 00 00 00 00 ff fe 00 00 00 00 00 00 00 00 00 00 00 00 00 00 ff fe 00 00 00 00 00 00 00 00 00 00 00 00 00 00 ff fe 00 00 00 00
  @72 nz=6 b14=00 00 00 00 00 00 00 00 00 00 00 ff fe 00 00 00 00 00 00 00 00 00 00 00 00 00 00 ff fe 00 00 00 00 00 00 00 00 00 00 00 00 00 00 ff fe 00 00 00 00 00 00
  @74 nz=6 b14=00 00 00 00 00 00 00 00 00 ff fe 00 00 00 00 00 00 00 00 00 00 00 00 00 00 ff fe 00 00 00 00 00 00 00 00 00 00 00 00 00 00 ff fe 00 00 00 00 00 00 00 00
  @76 nz=6 b14=00 00 00 00 00 00 00 ff fe 00 00 00 00 00 00 00 00 00 00 00 00 00 00 ff fe 00 00 00 00 00 00 00 00 00 00 00 00 00 00 ff fe 00 00 00 00 00 00 00 00 00 00
  @78 nz=6 b14=00 00 00 00 00 ff fe 00 00 00 00 00 00 00 00 00 00 00 00 00 00 ff fe 00 00 00 00 00 00 00 00 00 00 00 00 00 00 ff fe 00 00 00 00 00 00 00 00 00 00 00 00
  @80 nz=6 b14=00 00 00 ff fe 00 00 00 00 00 00 00 00 00 00 00 00 00 00 ff fe 00 00 00 00 00 00 00 00 00 00 00 00 00 00 ff fe 00 00 00 00 00 00 00 00 00 00 00 00 00 00
  @82 nz=8 b14=00 ff fe 00 00 00 00 00 00 00 00 00 00 00 00 00 00 ff fe 00 00 00 00 00 00 00 00 00 00 00 00 00 00 ff fe 00 00 00 00 00 00 00 00 00 00 00 00 00 00 ff fe
  @84 nz=6 b14=ff 00 00 00 00 00 00 00 00 00 00 00 00 00 00 ff fe 00 00 00 00 00 00 00 00 00 00 00 00 00 00 ff fe 00 00 00 00 00 00 00 00 00 00 00 00 00 00 ff fe 00 00
  @86 nz=6 b14=00 00 00 00 00 00 00 00 00 00 00 00 00 ff fe 00 00 00 00 00 00 00 00 00 00 00 00 00 00 ff fe 00 00 00 00 00 00 00 00 00 00 00 00 00 00 ff fe 00 00 00 00
  @88 nz=6 b14=00 00 00 00 00 00 00 00 00 00 00 ff fe 00 00 00 00 00 00 00 00 00 00 00 00 00 00 ff fe 00 00 00 00 00 00 00 00 00 00 00 00 00 00 ff fe 00 00 00 00 00 00
  @90 nz=6 b14=00 00 00 00 00 00 00 00 00 ff fe 00 00 00 00 00 00 00 00 00 00 00 00 00 00 ff fe 00 00 00 00 00 00 00 00 00 00 00 00 00 00 ff fe 00 00 00 00 00 00 00 00
  @92 nz=6 b14=00 00 00 00 00 00 00 ff fe 00 00 00 00 00 00 00 00 00 00 00 00 00 00 ff fe 00 00 00 00 00 00 00 00 00 00 00 00 00 00 ff fe 00 00 00 00 00 00 00 00 00 00
  @94 nz=6 b14=00 00 00 00 00 ff fe 00 00 00 00 00 00 00 00 00 00 00 00 00 00 ff fe 00 00 00 00 00 00 00 00 00 00 00 00 00 00 ff fe 00 00 00 00 00 00 00 00 00 00 00 00
  @96 nz=6 b14=00 00 00 ff fe 00 00 00 00 00 00 00 00 00 00 00 00 00 00 ff fe 00 00 00 00 00 00 00 00 00 00 00 00 00 00 ff fe 00 00 00 00 00 00 00 00 00 00 00 00 00 00
  @98 nz=6 b14=00 ff fe 00 00 00 00 00 00 00 00 00 00 00 00 00 00 ff fe 00 00 00 00 00 00 00 00 00 00 00 00 00 00 ff fe 00 00 00 00 00 00 00 00 00 00 00 00 00 00 00 00
  @100 nz=4 b14=ff 00 00 00 00 00 00 00 00 00 00 00 00 00 00 ff fe 00 00 00 00 00 00 00 00 00 00 00 00 00 00 ff fe 00 00 00 00 00 00 00 00 00 00 00 00 00 00 00 00 00 00
  @102 nz=4 b14=00 00 00 00 00 00 00 00 00 00 00 00 00 ff fe 00 00 00 00 00 00 00 00 00 00 00 00 00 00 ff fe 00 00 00 00 00 00 00 00 00 00 00 00 00 00 00 00 00 00 00 00
  @104 nz=4 b14=00 00 00 00 00 00 00 00 00 00 00 ff fe 00 00 00 00 00 00 00 00 00 00 00 00 00 00 ff fe 00 00 00 00 00 00 00 00 00 00 00 00 00 00 00 00 00 00 00 00 00 00
  @106 nz=4 b14=00 00 00 00 00 00 00 00 00 ff fe 00 00 00 00 00 00 00 00 00 00 00 00 00 00 ff fe 00 00 00 00 00 00 00 00 00 00 00 00 00 00 00 00 00 00 00 00 00 00 00 00
  @108 nz=4 b14=00 00 00 00 00 00 00 ff fe 00 00 00 00 00 00 00 00 00 00 00 00 00 00 ff fe 00 00 00 00 00 00 00 00 00 00 00 00 00 00 00 00 00 00 00 00 00 00 00 00 00 00
  @110 nz=4 b14=00 00 00 00 00 ff fe 00 00 00 00 00 00 00 00 00 00 00 00 00 00 ff fe 00 00 00 00 00 00 00 00 00 00 00 00 00 00 00 00 00 00 00 00 00 00 00 00 00 00 00 00
  @112 nz=4 b14=00 00 00 ff fe 00 00 00 00 00 00 00 00 00 00 00 00 00 00 ff fe 00 00 00 00 00 00 00 00 00 00 00 00 00 00 00 00 00 00 00 00 00 00 00 00 00 00 00 00 00 00
  @114 nz=4 b14=00 ff fe 00 00 00 00 00 00 00 00 00 00 00 00 00 00 ff fe 00 00 00 00 00 00 00 00 00 00 00 00 00 00 00 00 00 00 00 00 00 00 00 00 00 00 00 00 00 00 00 00
  @116 nz=2 b14=ff 00 00 00 00 00 00 00 00 00 00 00 00 00 00 ff fe 00 00 00 00 00 00 00 00 00 00 00 00 00 00 00 00 00 00 00 00 00 00 00 00 00 00 00 00 00 00 00 00 00 00
  @118 nz=2 b14=00 00 00 00 00 00 00 00 00 00 00 00 00 ff fe 00 00 00 00 00 00 00 00 00 00 00 00 00 00 00 00 00 00 00 00 00 00 00 00 00 00 00 00 00 00 00 00 00 00 00 00
  @120 nz=2 b14=00 00 00 00 00 00 00 00 00 00 00 ff fe 00 00 00 00 00 00 00 00 00 00 00 00 00 00 00 00 00 00 00 00 00 00 00 00 00 00 00 00 00 00 00 00 00 00 00 00 00 00
  @122 nz=2 b14=00 00 00 00 00 00 00 00 00 ff fe 00 00 00 00 00 00 00 00 00 00 00 00 00 00 00 00 00 00 00 00 00 00 00 00 00 00 00 00 00 00 00 00 00 00 00 00 00 00 00 00
  @124 nz=2 b14=00 00 00 00 00 00 00 ff fe 00 00 00 00 00 00 00 00 00 00 00 00 00 00 00 00 00 00 00 00 00 00 00 00 00 00 00 00 00 00 00 00 00 00 00 00 00 00 00 00 00 00
  @126 nz=2 b14=00 00 00 00 00 ff fe 00 00 00 00 00 00 00 00 00 00 00 00 00 00 00 00 00 00 00 00 00 00 00 00 00 00 00 00 00 00 00 00 00 00 00 00 00 00 00 00 00 00 00 00
  @128 nz=2 b14=00 00 00 ff fe 00 00 00 00 00 00 00 00 00 00 00 00 00 00 00 00 00 00 00 00 00 00 00 00 00 00 00 00 00 00 00 00 00 00 00 00 00 00 00 00 00 00 00 00 00 00
  @130 nz=2 b14=00 ff fe 00 00 00 00 00 00 00 00 00 00 00 00 00 00 00 00 00 00 00 00 00 00 00 00 00 00 00 00 00 00 00 00 00 00 00 00 00 00 00 00 00 00 00 00 00 00 00 00
  @212 nz=1 b14=00 00 00 00 00 00 00 00 00 00 00 00 00 00 00 00 00 00 00 00 00 00 00 00 00 00 00 00 00 00 00 00 00 00 00 00 00 00 00 00 00 00 00 00 00 00 00 00 00 00 34
  @214 nz=2 b14=00 00 00 00 00 00 00 00 00 00 00 00 00 00 00 00 00 00 00 00 00 00 00 00 00 00 00 00 00 00 00 00 00 00 00 00 00 00 00 00 00 00 00 00 00 00 00 00 34 00 01
  @216 nz=3 b14=00 00 00 00 00 00 00 00 00 00 00 00 00 00 00 00 00 00 00 00 00 00 00 00 00 00 00 00 00 00 00 00 00 00 00 00 00 00 00 00 00 00 00 00 00 00 34 00 01 00 23
  @218 nz=3 b14=00 00 00 00 00 00 00 00 00 00 00 00 00 00 00 00 00 00 00 00 00 00 00 00 00 00 00 00 00 00 00 00 00 00 00 00 00 00 00 00 00 00 00 00 34 00 01 00 23 00 00
  @220 nz=4 b14=00 00 00 00 00 00 00 00 00 00 00 00 00 00 00 00 00 00 00 00 00 00 00 00 00 00 00 00 00 00 00 00 00 00 00 00 00 00 00 00 00 00 34 00 01 00 23 00 00 00 03
  @222 nz=5 b14=00 00 00 00 00 00 00 00 00 00 00 00 00 00 00 00 00 00 00 00 00 00 00 00 00 00 00 00 00 00 00 00 00 00 00 00 00 00 00 00 34 00 01 00 23 00 00 00 03 00 01
  @224 nz=6 b14=00 00 00 00 00 00 00 00 00 00 00 00 00 00 00 00 00 00 00 00 00 00 00 00 00 00 00 00 00 00 00 00 00 00 00 00 00 00 34 00 01 00 23 00 00 00 03 00 01 00 23
  @226 nz=6 b14=00 00 00 00 00 00 00 00 00 00 00 00 00 00 00 00 00 00 00 00 00 00 00 00 00 00 00 00 00 00 00 00 00 00 00 00 34 00 01 00 23 00 00 00 03 00 01 00 23 00 00
  @228 nz=7 b14=00 00 00 00 00 00 00 00 00 00 00 00 00 00 00 00 00 00 00 00 00 00 00 00 00 00 00 00 00 00 00 00 00 00 34 00 01 00 23 00 00 00 03 00 01 00 23 00 00 00 04
  @230 nz=8 b14=00 00 00 00 00 00 00 00 00 00 00 00 00 00 00 00 00 00 00 00 00 00 00 00 00 00 00 00 00 00 00 00 34 00 01 00 23 00 00 00 03 00 01 00 23 00 00 00 04 00 01
  @764 nz=8 b14=00 00 a1 00 05 00 aa 00 06 00 cd 00 07 00 ce 00 08 00 00 00 00 00 00 00 00 00 00 00 00 00 00 00 00 00 00 00 00 00 00 00 00 00 00 00 00 00 00 00 00 00 00
  @766 nz=7 b14=00 00 05 00 aa 00 06 00 cd 00 07 00 ce 00 08 00 00 00 00 00 00 00 00 00 00 00 00 00 00 00 00 00 00 00 00 00 00 00 00 00 00 00 00 00 00 00 00 00 00 00 00
  @768 nz=6 b14=00 00 aa 00 06 00 cd 00 07 00 ce 00 08 00 00 00 00 00 00 00 00 00 00 00 00 00 00 00 00 00 00 00 00 00 00 00 00 00 00 00 00 00 00 00 00 00 00 00 00 00 00
  @770 nz=5 b14=00 00 06 00 cd 00 07 00 ce 00 08 00 00 00 00 00 00 00 00 00 00 00 00 00 00 00 00 00 00 00 00 00 00 00 00 00 00 00 00 00 00 00 00 00 00 00 00 00 00 00 00
  @772 nz=4 b14=00 00 cd 00 07 00 ce 00 08 00 00 00 00 00 00 00 00 00 00 00 00 00 00 00 00 00 00 00 00 00 00 00 00 00 00 00 00 00 00 00 00 00 00 00 00 00 00 00 00 00 00
  @774 nz=3 b14=00 00 07 00 ce 00 08 00 00 00 00 00 00 00 00 00 00 00 00 00 00 00 00 00 00 00 00 00 00 00 00 00 00 00 00 00 00 00 00 00 00 00 00 00 00 00 00 00 00 00 00
  @776 nz=2 b14=00 00 ce 00 08 00 00 00 00 00 00 00 00 00 00 00 00 00 00 00 00 00 00 00 00 00 00 00 00 00 00 00 00 00 00 00 00 00 00 00 00 00 00 00 00 00 00 00 00 00 00
  @778 nz=1 b14=00 00 08 00 00 00 00 00 00 00 00 00 00 00 00 00 00 00 00 00 00 00 00 00 00 00 00 00 00 00 00 00 00 00 00 00 00 00 00 00 00 00 00 00 00 00 00 00 00 00 00
  @816 nz=1 b14=00 00 00 00 00 00 00 00 00 00 00 00 00 00 00 00 00 00 00 00 00 00 00 00 00 00 00 00 00 00 00 00 00 00 00 00 00 00 00 00 00 00 00 00 00 00 00 00 00 00 33
  @818 nz=1 b14=00 00 00 00 00 00 00 00 00 00 00 00 00 00 00 00 00 00 00 00 00 00 00 00 00 00 00 00 00 00 00 00 00 00 00 00 00 00 00 00 00 00 00 00 00 00 00 00 33 00 00
  @820 nz=2 b14=00 00 00 00 00 00 00 00 00 00 00 00 00 00 00 00 00 00 00 00 00 00 00 00 00 00 00 00 00 00 00 00 00 00 00 00 00 00 00 00 00 00 00 00 00 00 33 00 00 00 08
  @822 nz=4 b14=00 00 00 00 00 00 00 00 00 00 00 00 00 00 00 00 00 00 00 00 00 00 00 00 00 00 00 00 00 00 00 00 00 00 00 00 00 00 00 00 00 00 00 00 33 00 00 00 08 ff ff
  @824 nz=5 b14=00 00 00 00 00 00 00 00 00 00 00 00 00 00 00 00 00 00 00 00 00 00 00 00 00 00 00 00 00 00 00 00 00 00 00 00 00 00 00 00 00 00 33 00 00 00 08 ff ff 00 33
  @826 nz=5 b14=00 00 00 00 00 00 00 00 00 00 00 00 00 00 00 00 00 00 00 00 00 00 00 00 00 00 00 00 00 00 00 00 00 00 00 00 00 00 00 00 33 00 00 00 08 ff ff 00 33 00 00
  @828 nz=6 b14=00 00 00 00 00 00 00 00 00 00 00 00 00 00 00 00 00 00 00 00 00 00 00 00 00 00 00 00 00 00 00 00 00 00 00 00 00 00 33 00 00 00 08 ff ff 00 33 00 00 00 05
  @830 nz=8 b14=00 00 00 00 00 00 00 00 00 00 00 00 00 00 00 00 00 00 00 00 00 00 00 00 00 00 00 00 00 00 00 00 00 00 00 00 33 00 00 00 08 ff ff 00 33 00 00 00 05 ff ff
  @1170 nz=7 b14=00 00 00 00 00 00 00 ff ff 00 00 00 00 00 00 00 00 04 00 00 00 04 00 00 00 04 00 00 00 04 00 00 00 04 00 00 00 00 00 00 00 00 00 00 00 00 00 00 00 00 00
  @1172 nz=7 b14=04 00 00 00 00 ff ff 00 00 00 00 00 00 00 00 04 00 00 00 04 00 00 00 04 00 00 00 04 00 00 00 04 00 00 00 00 00 00 00 00 00 00 00 00 00 00 00 00 00 00 00
  @1174 nz=7 b14=00 00 00 ff ff 00 00 00 00 00 00 00 00 04 00 00 00 04 00 00 00 04 00 00 00 04 00 00 00 04 00 00 00 00 00 00 00 00 00 00 00 00 00 00 00 00 00 00 00 00 00
  @1176 nz=7 b14=04 ff ff 00 00 00 00 00 00 00 00 04 00 00 00 04 00 00 00 04 00 00 00 04 00 00 00 04 00 00 00 00 00 00 00 00 00 00 00 00 00 00 00 00 00 00 00 00 00 00 00
  @1178 nz=5 b14=00 00 00 00 00 00 00 00 00 04 00 00 00 04 00 00 00 04 00 00 00 04 00 00 00 04 00 00 00 00 00 00 00 00 00 00 00 00 00 00 00 00 00 00 00 00 00 00 00 00 00
  @1180 nz=5 b14=04 00 00 00 00 00 00 04 00 00 00 04 00 00 00 04 00 00 00 04 00 00 00 04 00 00 00 00 00 00 00 00 00 00 00 00 00 00 00 00 00 00 00 00 00 00 00 00 00 00 00
  @1182 nz=5 b14=00 00 00 00 00 04 00 00 00 04 00 00 00 04 00 00 00 04 00 00 00 04 00 00 00 00 00 00 00 00 00 00 00 00 00 00 00 00 00 00 00 00 00 00 00 00 00 00 00 00 00
  @1184 nz=5 b14=04 00 00 04 00 00 00 04 00 00 00 04 00 00 00 04 00 00 00 04 00 00 00 00 00 00 00 00 00 00 00 00 00 00 00 00 00 00 00 00 00 00 00 00 00 00 00 00 00 00 00
  @1186 nz=5 b14=00 04 00 00 00 04 00 00 00 04 00 00 00 04 00 00 00 04 00 00 00 00 00 00 00 00 00 00 00 00 00 00 00 00 00 00 00 00 00 00 00 00 00 00 00 00 00 00 00 00 00
  @1188 nz=4 b14=04 00 00 04 00 00 00 04 00 00 00 04 00 00 00 04 00 00 00 00 00 00 00 00 00 00 00 00 00 00 00 00 00 00 00 00 00 00 00 00 00 00 00 00 00 00 00 00 00 00 00
  @1190 nz=4 b14=00 04 00 00 00 04 00 00 00 04 00 00 00 04 00 00 00 00 00 00 00 00 00 00 00 00 00 00 00 00 00 00 00 00 00 00 00 00 00 00 00 00 00 00 00 00 00 00 00 00 00
  @1192 nz=3 b14=00 00 00 04 00 00 00 04 00 00 00 04 00 00 00 00 00 00 00 00 00 00 00 00 00 00 00 00 00 00 00 00 00 00 00 00 00 00 00 00 00 00 00 00 00 00 00 00 00 00 00
  @1194 nz=3 b14=00 04 00 00 00 04 00 00 00 04 00 00 00 00 00 00 00 00 00 00 00 00 00 00 00 00 00 00 00 00 00 00 00 00 00 00 00 00 00 00 00 00 00 00 00 00 00 00 00 00 00
  @1196 nz=2 b14=00 00 00 04 00 00 00 04 00 00 00 00 00 00 00 00 00 00 00 00 00 00 00 00 00 00 00 00 00 00 00 00 00 00 00 00 00 00 00 00 00 00 00 00 00 00 00 00 00 00 00
  @1198 nz=4 b14=00 04 00 00 00 04 00 00 00 00 00 00 00 00 00 00 00 00 00 00 00 00 00 00 00 00 00 00 00 00 00 00 00 00 00 00 00 00 00 00 00 00 00 00 00 00 00 00 00 09 11
  @1200 nz=3 b14=00 00 00 04 00 00 00 00 00 00 00 00 00 00 00 00 00 00 00 00 00 00 00 00 00 00 00 00 00 00 00 00 00 00 00 00 00 00 00 00 00 00 00 00 00 00 00 09 11 00 00
  @1202 nz=5 b14=00 04 00 00 00 00 00 00 00 00 00 00 00 00 00 00 00 00 00 00 00 00 00 00 00 00 00 00 00 00 00 00 00 00 00 00 00 00 00 00 00 00 00 00 00 09 11 00 00 08 64
  @1204 nz=6 b14=00 00 00 00 00 00 00 00 00 00 00 00 00 00 00 00 00 00 00 00 00 00 00 00 00 00 00 00 00 00 00 00 00 00 00 00 00 00 00 00 00 00 00 09 11 00 00 08 64 cd 82
  @1206 nz=7 b14=00 00 00 00 00 00 00 00 00 00 00 00 00 00 00 00 00 00 00 00 00 00 00 00 00 00 00 00 00 00 00 00 00 00 00 00 00 00 00 00 00 09 11 00 00 08 64 cd 82 00 07
  @1208 nz=7 b14=00 00 00 00 00 00 00 00 00 00 00 00 00 00 00 00 00 00 00 00 00 00 00 00 00 00 00 00 00 00 00 00 00 00 00 00 00 00 00 09 11 00 00 08 64 cd 82 00 07 00 00
  @4566 nz=8 b14=00 20 07 00 00 ff ff 00 00 00 00 00 00 00 00 00 00 00 00 00 00 ff fe 00 00 00 00 00 00 00 00 00 00 00 00 00 00 ff fe 00 00 00 00 00 00 00 00 00 00 00 00
  @4568 nz=6 b14=00 00 00 ff ff 00 00 00 00 00 00 00 00 00 00 00 00 00 00 ff fe 00 00 00 00 00 00 00 00 00 00 00 00 00 00 ff fe 00 00 00 00 00 00 00 00 00 00 00 00 00 00
  @4570 nz=8 b14=00 ff ff 00 00 00 00 00 00 00 00 00 00 00 00 00 00 ff fe 00 00 00 00 00 00 00 00 00 00 00 00 00 00 ff fe 00 00 00 00 00 00 00 00 00 00 00 00 00 00 ff fe
  @4572 nz=6 b14=ff 00 00 00 00 00 00 00 00 00 00 00 00 00 00 ff fe 00 00 00 00 00 00 00 00 00 00 00 00 00 00 ff fe 00 00 00 00 00 00 00 00 00 00 00 00 00 00 ff fe 00 00
  @4574 nz=6 b14=00 00 00 00 00 00 00 00 00 00 00 00 00 ff fe 00 00 00 00 00 00 00 00 00 00 00 00 00 00 ff fe 00 00 00 00 00 00 00 00 00 00 00 00 00 00 ff fe 00 00 00 00
  @4576 nz=6 b14=00 00 00 00 00 00 00 00 00 00 00 ff fe 00 00 00 00 00 00 00 00 00 00 00 00 00 00 ff fe 00 00 00 00 00 00 00 00 00 00 00 00 00 00 ff fe 00 00 00 00 00 00
  @4578 nz=6 b14=00 00 00 00 00 00 00 00 00 ff fe 00 00 00 00 00 00 00 00 00 00 00 00 00 00 ff fe 00 00 00 00 00 00 00 00 00 00 00 00 00 00 ff fe 00 00 00 00 00 00 00 00
  @4580 nz=6 b14=00 00 00 00 00 00 00 ff fe 00 00 00 00 00 00 00 00 00 00 00 00 00 00 ff fe 00 00 00 00 00 00 00 00 00 00 00 00 00 00 ff fe 00 00 00 00 00 00 00 00 00 00
  @4582 nz=6 b14=00 00 00 00 00 ff fe 00 00 00 00 00 00 00 00 00 00 00 00 00 00 ff fe 00 00 00 00 00 00 00 00 00 00 00 00 00 00 ff fe 00 00 00 00 00 00 00 00 00 00 00 00
  @4584 nz=6 b14=00 00 00 ff fe 00 00 00 00 00 00 00 00 00 00 00 00 00 00 ff fe 00 00 00 00 00 00 00 00 00 00 00 00 00 00 ff fe 00 00 00 00 00 00 00 00 00 00 00 00 00 00
  @4586 nz=8 b14=00 ff fe 00 00 00 00 00 00 00 00 00 00 00 00 00 00 ff fe 00 00 00 00 00 00 00 00 00 00 00 00 00 00 ff fe 00 00 00 00 00 00 00 00 00 00 00 00 00 00 ff fe
  @4588 nz=6 b14=ff 00 00 00 00 00 00 00 00 00 00 00 00 00 00 ff fe 00 00 00 00 00 00 00 00 00 00 00 00 00 00 ff fe 00 00 00 00 00 00 00 00 00 00 00 00 00 00 ff fe 00 00
  @4590 nz=6 b14=00 00 00 00 00 00 00 00 00 00 00 00 00 ff fe 00 00 00 00 00 00 00 00 00 00 00 00 00 00 ff fe 00 00 00 00 00 00 00 00 00 00 00 00 00 00 ff fe 00 00 00 00
  @4592 nz=6 b14=00 00 00 00 00 00 00 00 00 00 00 ff fe 00 00 00 00 00 00 00 00 00 00 00 00 00 00 ff fe 00 00 00 00 00 00 00 00 00 00 00 00 00 00 ff fe 00 00 00 00 00 00
  @4594 nz=6 b14=00 00 00 00 00 00 00 00 00 ff fe 00 00 00 00 00 00 00 00 00 00 00 00 00 00 ff fe 00 00 00 00 00 00 00 00 00 00 00 00 00 00 ff fe 00 00 00 00 00 00 00 00
  @4596 nz=6 b14=00 00 00 00 00 00 00 ff fe 00 00 00 00 00 00 00 00 00 00 00 00 00 00 ff fe 00 00 00 00 00 00 00 00 00 00 00 00 00 00 ff fe 00 00 00 00 00 00 00 00 00 00
  @4598 nz=6 b14=00 00 00 00 00 ff fe 00 00 00 00 00 00 00 00 00 00 00 00 00 00 ff fe 00 00 00 00 00 00 00 00 00 00 00 00 00 00 ff fe 00 00 00 00 00 00 00 00 00 00 00 00
  @4600 nz=6 b14=00 00 00 ff fe 00 00 00 00 00 00 00 00 00 00 00 00 00 00 ff fe 00 00 00 00 00 00 00 00 00 00 00 00 00 00 ff fe 00 00 00 00 00 00 00 00 00 00 00 00 00 00
  @4602 nz=8 b14=00 ff fe 00 00 00 00 00 00 00 00 00 00 00 00 00 00 ff fe 00 00 00 00 00 00 00 00 00 00 00 00 00 00 ff fe 00 00 00 00 00 00 00 00 00 00 00 00 00 00 ff fe
  @4604 nz=6 b14=ff 00 00 00 00 00 00 00 00 00 00 00 00 00 00 ff fe 00 00 00 00 00 00 00 00 00 00 00 00 00 00 ff fe 00 00 00 00 00 00 00 00 00 00 00 00 00 00 ff fe 00 00
  @4606 nz=6 b14=00 00 00 00 00 00 00 00 00 00 00 00 00 ff fe 00 00 00 00 00 00 00 00 00 00 00 00 00 00 ff fe 00 00 00 00 00 00 00 00 00 00 00 00 00 00 ff fe 00 00 00 00
  @4608 nz=6 b14=00 00 00 00 00 00 00 00 00 00 00 ff fe 00 00 00 00 00 00 00 00 00 00 00 00 00 00 ff fe 00 00 00 00 00 00 00 00 00 00 00 00 00 00 ff fe 00 00 00 00 00 00
  @4610 nz=6 b14=00 00 00 00 00 00 00 00 00 ff fe 00 00 00 00 00 00 00 00 00 00 00 00 00 00 ff fe 00 00 00 00 00 00 00 00 00 00 00 00 00 00 ff fe 00 00 00 00 00 00 00 00
  @4612 nz=6 b14=00 00 00 00 00 00 00 ff fe 00 00 00 00 00 00 00 00 00 00 00 00 00 00 ff fe 00 00 00 00 00 00 00 00 00 00 00 00 00 00 ff fe 00 00 00 00 00 00 00 00 00 00
  @4614 nz=6 b14=00 00 00 00 00 ff fe 00 00 00 00 00 00 00 00 00 00 00 00 00 00 ff fe 00 00 00 00 00 00 00 00 00 00 00 00 00 00 ff fe 00 00 00 00 00 00 00 00 00 00 00 00
  @4616 nz=6 b14=00 00 00 ff fe 00 00 00 00 00 00 00 00 00 00 00 00 00 00 ff fe 00 00 00 00 00 00 00 00 00 00 00 00 00 00 ff fe 00 00 00 00 00 00 00 00 00 00 00 00 00 00
  @4618 nz=8 b14=00 ff fe 00 00 00 00 00 00 00 00 00 00 00 00 00 00 ff fe 00 00 00 00 00 00 00 00 00 00 00 00 00 00 ff fe 00 00 00 00 00 00 00 00 00 00 00 00 00 00 ff fe
  @4620 nz=6 b14=ff 00 00 00 00 00 00 00 00 00 00 00 00 00 00 ff fe 00 00 00 00 00 00 00 00 00 00 00 00 00 00 ff fe 00 00 00 00 00 00 00 00 00 00 00 00 00 00 ff fe 00 00
  @4622 nz=6 b14=00 00 00 00 00 00 00 00 00 00 00 00 00 ff fe 00 00 00 00 00 00 00 00 00 00 00 00 00 00 ff fe 00 00 00 00 00 00 00 00 00 00 00 00 00 00 ff fe 00 00 00 00
  @4624 nz=6 b14=00 00 00 00 00 00 00 00 00 00 00 ff fe 00 00 00 00 00 00 00 00 00 00 00 00 00 00 ff fe 00 00 00 00 00 00 00 00 00 00 00 00 00 00 ff fe 00 00 00 00 00 00
  @4626 nz=6 b14=00 00 00 00 00 00 00 00 00 ff fe 00 00 00 00 00 00 00 00 00 00 00 00 00 00 ff fe 00 00 00 00 00 00 00 00 00 00 00 00 00 00 ff fe 00 00 00 00 00 00 00 00
  @4628 nz=6 b14=00 00 00 00 00 00 00 ff fe 00 00 00 00 00 00 00 00 00 00 00 00 00 00 ff fe 00 00 00 00 00 00 00 00 00 00 00 00 00 00 ff fe 00 00 00 00 00 00 00 00 00 00
  @4630 nz=6 b14=00 00 00 00 00 ff fe 00 00 00 00 00 00 00 00 00 00 00 00 00 00 ff fe 00 00 00 00 00 00 00 00 00 00 00 00 00 00 ff fe 00 00 00 00 00 00 00 00 00 00 00 00
  @4632 nz=6 b14=00 00 00 ff fe 00 00 00 00 00 00 00 00 00 00 00 00 00 00 ff fe 00 00 00 00 00 00 00 00 00 00 00 00 00 00 ff fe 00 00 00 00 00 00 00 00 00 00 00 00 00 00
  @4634 nz=8 b14=00 ff fe 00 00 00 00 00 00 00 00 00 00 00 00 00 00 ff fe 00 00 00 00 00 00 00 00 00 00 00 00 00 00 ff fe 00 00 00 00 00 00 00 00 00 00 00 00 00 00 ff fe
  @4636 nz=6 b14=ff 00 00 00 00 00 00 00 00 00 00 00 00 00 00 ff fe 00 00 00 00 00 00 00 00 00 00 00 00 00 00 ff fe 00 00 00 00 00 00 00 00 00 00 00 00 00 00 ff fe 00 00
  @4638 nz=6 b14=00 00 00 00 00 00 00 00 00 00 00 00 00 ff fe 00 00 00 00 00 00 00 00 00 00 00 00 00 00 ff fe 00 00 00 00 00 00 00 00 00 00 00 00 00 00 ff fe 00 00 00 00
  @4640 nz=6 b14=00 00 00 00 00 00 00 00 00 00 00 ff fe 00 00 00 00 00 00 00 00 00 00 00 00 00 00 ff fe 00 00 00 00 00 00 00 00 00 00 00 00 00 00 ff fe 00 00 00 00 00 00
  @4642 nz=6 b14=00 00 00 00 00 00 00 00 00 ff fe 00 00 00 00 00 00 00 00 00 00 00 00 00 00 ff fe 00 00 00 00 00 00 00 00 00 00 00 00 00 00 ff fe 00 00 00 00 00 00 00 00
  @4644 nz=6 b14=00 00 00 00 00 00 00 ff fe 00 00 00 00 00 00 00 00 00 00 00 00 00 00 ff fe 00 00 00 00 00 00 00 00 00 00 00 00 00 00 ff fe 00 00 00 00 00 00 00 00 00 00
  @4646 nz=6 b14=00 00 00 00 00 ff fe 00 00 00 00 00 00 00 00 00 00 00 00 00 00 ff fe 00 00 00 00 00 00 00 00 00 00 00 00 00 00 ff fe 00 00 00 00 00 00 00 00 00 00 00 00
  @4648 nz=6 b14=00 00 00 ff fe 00 00 00 00 00 00 00 00 00 00 00 00 00 00 ff fe 00 00 00 00 00 00 00 00 00 00 00 00 00 00 ff fe 00 00 00 00 00 00 00 00 00 00 00 00 00 00
  @4650 nz=8 b14=00 ff fe 00 00 00 00 00 00 00 00 00 00 00 00 00 00 ff fe 00 00 00 00 00 00 00 00 00 00 00 00 00 00 ff fe 00 00 00 00 00 00 00 00 00 00 00 00 00 00 ff fe
  @4652 nz=6 b14=ff 00 00 00 00 00 00 00 00 00 00 00 00 00 00 ff fe 00 00 00 00 00 00 00 00 00 00 00 00 00 00 ff fe 00 00 00 00 00 00 00 00 00 00 00 00 00 00 ff fe 00 00
  @4654 nz=6 b14=00 00 00 00 00 00 00 00 00 00 00 00 00 ff fe 00 00 00 00 00 00 00 00 00 00 00 00 00 00 ff fe 00 00 00 00 00 00 00 00 00 00 00 00 00 00 ff fe 00 00 00 00
  @4656 nz=6 b14=00 00 00 00 00 00 00 00 00 00 00 ff fe 00 00 00 00 00 00 00 00 00 00 00 00 00 00 ff fe 00 00 00 00 00 00 00 00 00 00 00 00 00 00 ff fe 00 00 00 00 00 00
  @4658 nz=6 b14=00 00 00 00 00 00 00 00 00 ff fe 00 00 00 00 00 00 00 00 00 00 00 00 00 00 ff fe 00 00 00 00 00 00 00 00 00 00 00 00 00 00 ff fe 00 00 00 00 00 00 00 00
  @4660 nz=6 b14=00 00 00 00 00 00 00 ff fe 00 00 00 00 00 00 00 00 00 00 00 00 00 00 ff fe 00 00 00 00 00 00 00 00 00 00 00 00 00 00 ff fe 00 00 00 00 00 00 00 00 00 00
  @4662 nz=6 b14=00 00 00 00 00 ff fe 00 00 00 00 00 00 00 00 00 00 00 00 00 00 ff fe 00 00 00 00 00 00 00 00 00 00 00 00 00 00 ff fe 00 00 00 00 00 00 00 00 00 00 00 00
  @4664 nz=6 b14=00 00 00 ff fe 00 00 00 00 00 00 00 00 00 00 00 00 00 00 ff fe 00 00 00 00 00 00 00 00 00 00 00 00 00 00 ff fe 00 00 00 00 00 00 00 00 00 00 00 00 00 00
  @4666 nz=8 b14=00 ff fe 00 00 00 00 00 00 00 00 00 00 00 00 00 00 ff fe 00 00 00 00 00 00 00 00 00 00 00 00 00 00 ff fe 00 00 00 00 00 00 00 00 00 00 00 00 00 00 ff fe
  @4668 nz=6 b14=ff 00 00 00 00 00 00 00 00 00 00 00 00 00 00 ff fe 00 00 00 00 00 00 00 00 00 00 00 00 00 00 ff fe 00 00 00 00 00 00 00 00 00 00 00 00 00 00 ff fe 00 00
  @4670 nz=6 b14=00 00 00 00 00 00 00 00 00 00 00 00 00 ff fe 00 00 00 00 00 00 00 00 00 00 00 00 00 00 ff fe 00 00 00 00 00 00 00 00 00 00 00 00 00 00 ff fe 00 00 00 00
  @4672 nz=6 b14=00 00 00 00 00 00 00 00 00 00 00 ff fe 00 00 00 00 00 00 00 00 00 00 00 00 00 00 ff fe 00 00 00 00 00 00 00 00 00 00 00 00 00 00 ff fe 00 00 00 00 00 00
  @4674 nz=6 b14=00 00 00 00 00 00 00 00 00 ff fe 00 00 00 00 00 00 00 00 00 00 00 00 00 00 ff fe 00 00 00 00 00 00 00 00 00 00 00 00 00 00 ff fe 00 00 00 00 00 00 00 00
  @4676 nz=6 b14=00 00 00 00 00 00 00 ff fe 00 00 00 00 00 00 00 00 00 00 00 00 00 00 ff fe 00 00 00 00 00 00 00 00 00 00 00 00 00 00 ff fe 00 00 00 00 00 00 00 00 00 00
  @4678 nz=6 b14=00 00 00 00 00 ff fe 00 00 00 00 00 00 00 00 00 00 00 00 00 00 ff fe 00 00 00 00 00 00 00 00 00 00 00 00 00 00 ff fe 00 00 00 00 00 00 00 00 00 00 00 00
  @4680 nz=6 b14=00 00 00 ff fe 00 00 00 00 00 00 00 00 00 00 00 00 00 00 ff fe 00 00 00 00 00 00 00 00 00 00 00 00 00 00 ff fe 00 00 00 00 00 00 00 00 00 00 00 00 00 00
  @4682 nz=8 b14=00 ff fe 00 00 00 00 00 00 00 00 00 00 00 00 00 00 ff fe 00 00 00 00 00 00 00 00 00 00 00 00 00 00 ff fe 00 00 00 00 00 00 00 00 00 00 00 00 00 00 ff fe
  @4684 nz=6 b14=ff 00 00 00 00 00 00 00 00 00 00 00 00 00 00 ff fe 00 00 00 00 00 00 00 00 00 00 00 00 00 00 ff fe 00 00 00 00 00 00 00 00 00 00 00 00 00 00 ff fe 00 00
  @4686 nz=6 b14=00 00 00 00 00 00 00 00 00 00 00 00 00 ff fe 00 00 00 00 00 00 00 00 00 00 00 00 00 00 ff fe 00 00 00 00 00 00 00 00 00 00 00 00 00 00 ff fe 00 00 00 00
  @4688 nz=6 b14=00 00 00 00 00 00 00 00 00 00 00 ff fe 00 00 00 00 00 00 00 00 00 00 00 00 00 00 ff fe 00 00 00 00 00 00 00 00 00 00 00 00 00 00 ff fe 00 00 00 00 00 00
  @4690 nz=6 b14=00 00 00 00 00 00 00 00 00 ff fe 00 00 00 00 00 00 00 00 00 00 00 00 00 00 ff fe 00 00 00 00 00 00 00 00 00 00 00 00 00 00 ff fe 00 00 00 00 00 00 00 00
  @4692 nz=6 b14=00 00 00 00 00 00 00 ff fe 00 00 00 00 00 00 00 00 00 00 00 00 00 00 ff fe 00 00 00 00 00 00 00 00 00 00 00 00 00 00 ff fe 00 00 00 00 00 00 00 00 00 00
  @4694 nz=6 b14=00 00 00 00 00 ff fe 00 00 00 00 00 00 00 00 00 00 00 00 00 00 ff fe 00 00 00 00 00 00 00 00 00 00 00 00 00 00 ff fe 00 00 00 00 00 00 00 00 00 00 00 00
  @4696 nz=6 b14=00 00 00 ff fe 00 00 00 00 00 00 00 00 00 00 00 00 00 00 ff fe 00 00 00 00 00 00 00 00 00 00 00 00 00 00 ff fe 00 00 00 00 00 00 00 00 00 00 00 00 00 00
  @4698 nz=8 b14=00 ff fe 00 00 00 00 00 00 00 00 00 00 00 00 00 00 ff fe 00 00 00 00 00 00 00 00 00 00 00 00 00 00 ff fe 00 00 00 00 00 00 00 00 00 00 00 00 00 00 ff fe
  @4700 nz=6 b14=ff 00 00 00 00 00 00 00 00 00 00 00 00 00 00 ff fe 00 00 00 00 00 00 00 00 00 00 00 00 00 00 ff fe 00 00 00 00 00 00 00 00 00 00 00 00 00 00 ff fe 00 00
  @4702 nz=6 b14=00 00 00 00 00 00 00 00 00 00 00 00 00 ff fe 00 00 00 00 00 00 00 00 00 00 00 00 00 00 ff fe 00 00 00 00 00 00 00 00 00 00 00 00 00 00 ff fe 00 00 00 00
  @4704 nz=6 b14=00 00 00 00 00 00 00 00 00 00 00 ff fe 00 00 00 00 00 00 00 00 00 00 00 00 00 00 ff fe 00 00 00 00 00 00 00 00 00 00 00 00 00 00 ff fe 00 00 00 00 00 00
  @4706 nz=6 b14=00 00 00 00 00 00 00 00 00 ff fe 00 00 00 00 00 00 00 00 00 00 00 00 00 00 ff fe 00 00 00 00 00 00 00 00 00 00 00 00 00 00 ff fe 00 00 00 00 00 00 00 00
  @4708 nz=6 b14=00 00 00 00 00 00 00 ff fe 00 00 00 00 00 00 00 00 00 00 00 00 00 00 ff fe 00 00 00 00 00 00 00 00 00 00 00 00 00 00 ff fe 00 00 00 00 00 00 00 00 00 00
  @4710 nz=6 b14=00 00 00 00 00 ff fe 00 00 00 00 00 00 00 00 00 00 00 00 00 00 ff fe 00 00 00 00 00 00 00 00 00 00 00 00 00 00 ff fe 00 00 00 00 00 00 00 00 00 00 00 00
  @4712 nz=6 b14=00 00 00 ff fe 00 00 00 00 00 00 00 00 00 00 00 00 00 00 ff fe 00 00 00 00 00 00 00 00 00 00 00 00 00 00 ff fe 00 00 00 00 00 00 00 00 00 00 00 00 00 00
  @4714 nz=8 b14=00 ff fe 00 00 00 00 00 00 00 00 00 00 00 00 00 00 ff fe 00 00 00 00 00 00 00 00 00 00 00 00 00 00 ff fe 00 00 00 00 00 00 00 00 00 00 00 00 00 00 ff fe
  @4716 nz=6 b14=ff 00 00 00 00 00 00 00 00 00 00 00 00 00 00 ff fe 00 00 00 00 00 00 00 00 00 00 00 00 00 00 ff fe 00 00 00 00 00 00 00 00 00 00 00 00 00 00 ff fe 00 00
  @4718 nz=6 b14=00 00 00 00 00 00 00 00 00 00 00 00 00 ff fe 00 00 00 00 00 00 00 00 00 00 00 00 00 00 ff fe 00 00 00 00 00 00 00 00 00 00 00 00 00 00 ff fe 00 00 00 00
  @4720 nz=6 b14=00 00 00 00 00 00 00 00 00 00 00 ff fe 00 00 00 00 00 00 00 00 00 00 00 00 00 00 ff fe 00 00 00 00 00 00 00 00 00 00 00 00 00 00 ff fe 00 00 00 00 00 00
  @4722 nz=6 b14=00 00 00 00 00 00 00 00 00 ff fe 00 00 00 00 00 00 00 00 00 00 00 00 00 00 ff fe 00 00 00 00 00 00 00 00 00 00 00 00 00 00 ff fe 00 00 00 00 00 00 00 00
  @4724 nz=6 b14=00 00 00 00 00 00 00 ff fe 00 00 00 00 00 00 00 00 00 00 00 00 00 00 ff fe 00 00 00 00 00 00 00 00 00 00 00 00 00 00 ff fe 00 00 00 00 00 00 00 00 00 00
  @4726 nz=6 b14=00 00 00 00 00 ff fe 00 00 00 00 00 00 00 00 00 00 00 00 00 00 ff fe 00 00 00 00 00 00 00 00 00 00 00 00 00 00 ff fe 00 00 00 00 00 00 00 00 00 00 00 00
  @4728 nz=6 b14=00 00 00 ff fe 00 00 00 00 00 00 00 00 00 00 00 00 00 00 ff fe 00 00 00 00 00 00 00 00 00 00 00 00 00 00 ff fe 00 00 00 00 00 00 00 00 00 00 00 00 00 00
  @4730 nz=8 b14=00 ff fe 00 00 00 00 00 00 00 00 00 00 00 00 00 00 ff fe 00 00 00 00 00 00 00 00 00 00 00 00 00 00 ff fe 00 00 00 00 00 00 00 00 00 00 00 00 00 00 ff fe
  @4732 nz=6 b14=ff 00 00 00 00 00 00 00 00 00 00 00 00 00 00 ff fe 00 00 00 00 00 00 00 00 00 00 00 00 00 00 ff fe 00 00 00 00 00 00 00 00 00 00 00 00 00 00 ff fe 00 00
  @4734 nz=6 b14=00 00 00 00 00 00 00 00 00 00 00 00 00 ff fe 00 00 00 00 00 00 00 00 00 00 00 00 00 00 ff fe 00 00 00 00 00 00 00 00 00 00 00 00 00 00 ff fe 00 00 00 00
  @4736 nz=6 b14=00 00 00 00 00 00 00 00 00 00 00 ff fe 00 00 00 00 00 00 00 00 00 00 00 00 00 00 ff fe 00 00 00 00 00 00 00 00 00 00 00 00 00 00 ff fe 00 00 00 00 00 00
  @4738 nz=6 b14=00 00 00 00 00 00 00 00 00 ff fe 00 00 00 00 00 00 00 00 00 00 00 00 00 00 ff fe 00 00 00 00 00 00 00 00 00 00 00 00 00 00 ff fe 00 00 00 00 00 00 00 00
  @4740 nz=6 b14=00 00 00 00 00 00 00 ff fe 00 00 00 00 00 00 00 00 00 00 00 00 00 00 ff fe 00 00 00 00 00 00 00 00 00 00 00 00 00 00 ff fe 00 00 00 00 00 00 00 00 00 00
  @4742 nz=6 b14=00 00 00 00 00 ff fe 00 00 00 00 00 00 00 00 00 00 00 00 00 00 ff fe 00 00 00 00 00 00 00 00 00 00 00 00 00 00 ff fe 00 00 00 00 00 00 00 00 00 00 00 00
  @4744 nz=6 b14=00 00 00 ff fe 00 00 00 00 00 00 00 00 00 00 00 00 00 00 ff fe 00 00 00 00 00 00 00 00 00 00 00 00 00 00 ff fe 00 00 00 00 00 00 00 00 00 00 00 00 00 00
  @4746 nz=8 b14=00 ff fe 00 00 00 00 00 00 00 00 00 00 00 00 00 00 ff fe 00 00 00 00 00 00 00 00 00 00 00 00 00 00 ff fe 00 00 00 00 00 00 00 00 00 00 00 00 00 00 ff fe
  @4748 nz=6 b14=ff 00 00 00 00 00 00 00 00 00 00 00 00 00 00 ff fe 00 00 00 00 00 00 00 00 00 00 00 00 00 00 ff fe 00 00 00 00 00 00 00 00 00 00 00 00 00 00 ff fe 00 00
  @4750 nz=6 b14=00 00 00 00 00 00 00 00 00 00 00 00 00 ff fe 00 00 00 00 00 00 00 00 00 00 00 00 00 00 ff fe 00 00 00 00 00 00 00 00 00 00 00 00 00 00 ff fe 00 00 00 00
  @4752 nz=6 b14=00 00 00 00 00 00 00 00 00 00 00 ff fe 00 00 00 00 00 00 00 00 00 00 00 00 00 00 ff fe 00 00 00 00 00 00 00 00 00 00 00 00 00 00 ff fe 00 00 00 00 00 00
  @4754 nz=6 b14=00 00 00 00 00 00 00 00 00 ff fe 00 00 00 00 00 00 00 00 00 00 00 00 00 00 ff fe 00 00 00 00 00 00 00 00 00 00 00 00 00 00 ff fe 00 00 00 00 00 00 00 00
  @4756 nz=6 b14=00 00 00 00 00 00 00 ff fe 00 00 00 00 00 00 00 00 00 00 00 00 00 00 ff fe 00 00 00 00 00 00 00 00 00 00 00 00 00 00 ff fe 00 00 00 00 00 00 00 00 00 00
  @4758 nz=6 b14=00 00 00 00 00 ff fe 00 00 00 00 00 00 00 00 00 00 00 00 00 00 ff fe 00 00 00 00 00 00 00 00 00 00 00 00 00 00 ff fe 00 00 00 00 00 00 00 00 00 00 00 00
  @4760 nz=6 b14=00 00 00 ff fe 00 00 00 00 00 00 00 00 00 00 00 00 00 00 ff fe 00 00 00 00 00 00 00 00 00 00 00 00 00 00 ff fe 00 00 00 00 00 00 00 00 00 00 00 00 00 00
  @4762 nz=8 b14=00 ff fe 00 00 00 00 00 00 00 00 00 00 00 00 00 00 ff fe 00 00 00 00 00 00 00 00 00 00 00 00 00 00 ff fe 00 00 00 00 00 00 00 00 00 00 00 00 00 00 ff fe
  @4764 nz=6 b14=ff 00 00 00 00 00 00 00 00 00 00 00 00 00 00 ff fe 00 00 00 00 00 00 00 00 00 00 00 00 00 00 ff fe 00 00 00 00 00 00 00 00 00 00 00 00 00 00 ff fe 00 00
  @4766 nz=6 b14=00 00 00 00 00 00 00 00 00 00 00 00 00 ff fe 00 00 00 00 00 00 00 00 00 00 00 00 00 00 ff fe 00 00 00 00 00 00 00 00 00 00 00 00 00 00 ff fe 00 00 00 00
  @4768 nz=6 b14=00 00 00 00 00 00 00 00 00 00 00 ff fe 00 00 00 00 00 00 00 00 00 00 00 00 00 00 ff fe 00 00 00 00 00 00 00 00 00 00 00 00 00 00 ff fe 00 00 00 00 00 00
  @4770 nz=6 b14=00 00 00 00 00 00 00 00 00 ff fe 00 00 00 00 00 00 00 00 00 00 00 00 00 00 ff fe 00 00 00 00 00 00 00 00 00 00 00 00 00 00 ff fe 00 00 00 00 00 00 00 00
  @4772 nz=6 b14=00 00 00 00 00 00 00 ff fe 00 00 00 00 00 00 00 00 00 00 00 00 00 00 ff fe 00 00 00 00 00 00 00 00 00 00 00 00 00 00 ff fe 00 00 00 00 00 00 00 00 00 00
  @4774 nz=6 b14=00 00 00 00 00 ff fe 00 00 00 00 00 00 00 00 00 00 00 00 00 00 ff fe 00 00 00 00 00 00 00 00 00 00 00 00 00 00 ff fe 00 00 00 00 00 00 00 00 00 00 00 00
  @4776 nz=6 b14=00 00 00 ff fe 00 00 00 00 00 00 00 00 00 00 00 00 00 00 ff fe 00 00 00 00 00 00 00 00 00 00 00 00 00 00 ff fe 00 00 00 00 00 00 00 00 00 00 00 00 00 00
  @4778 nz=8 b14=00 ff fe 00 00 00 00 00 00 00 00 00 00 00 00 00 00 ff fe 00 00 00 00 00 00 00 00 00 00 00 00 00 00 ff fe 00 00 00 00 00 00 00 00 00 00 00 00 00 00 ff fe
  @4780 nz=6 b14=ff 00 00 00 00 00 00 00 00 00 00 00 00 00 00 ff fe 00 00 00 00 00 00 00 00 00 00 00 00 00 00 ff fe 00 00 00 00 00 00 00 00 00 00 00 00 00 00 ff fe 00 00
  @4782 nz=6 b14=00 00 00 00 00 00 00 00 00 00 00 00 00 ff fe 00 00 00 00 00 00 00 00 00 00 00 00 00 00 ff fe 00 00 00 00 00 00 00 00 00 00 00 00 00 00 ff fe 00 00 00 00
  @4784 nz=6 b14=00 00 00 00 00 00 00 00 00 00 00 ff fe 00 00 00 00 00 00 00 00 00 00 00 00 00 00 ff fe 00 00 00 00 00 00 00 00 00 00 00 00 00 00 ff fe 00 00 00 00 00 00
  @4786 nz=6 b14=00 00 00 00 00 00 00 00 00 ff fe 00 00 00 00 00 00 00 00 00 00 00 00 00 00 ff fe 00 00 00 00 00 00 00 00 00 00 00 00 00 00 ff fe 00 00 00 00 00 00 00 00
  @4788 nz=6 b14=00 00 00 00 00 00 00 ff fe 00 00 00 00 00 00 00 00 00 00 00 00 00 00 ff fe 00 00 00 00 00 00 00 00 00 00 00 00 00 00 ff fe 00 00 00 00 00 00 00 00 00 00
  @4790 nz=6 b14=00 00 00 00 00 ff fe 00 00 00 00 00 00 00 00 00 00 00 00 00 00 ff fe 00 00 00 00 00 00 00 00 00 00 00 00 00 00 ff fe 00 00 00 00 00 00 00 00 00 00 00 00
  @4792 nz=6 b14=00 00 00 ff fe 00 00 00 00 00 00 00 00 00 00 00 00 00 00 ff fe 00 00 00 00 00 00 00 00 00 00 00 00 00 00 ff fe 00 00 00 00 00 00 00 00 00 00 00 00 00 00
  @4794 nz=8 b14=00 ff fe 00 00 00 00 00 00 00 00 00 00 00 00 00 00 ff fe 00 00 00 00 00 00 00 00 00 00 00 00 00 00 ff fe 00 00 00 00 00 00 00 00 00 00 00 00 00 00 ff fe
  @4796 nz=6 b14=ff 00 00 00 00 00 00 00 00 00 00 00 00 00 00 ff fe 00 00 00 00 00 00 00 00 00 00 00 00 00 00 ff fe 00 00 00 00 00 00 00 00 00 00 00 00 00 00 ff fe 00 00
  @4798 nz=6 b14=00 00 00 00 00 00 00 00 00 00 00 00 00 ff fe 00 00 00 00 00 00 00 00 00 00 00 00 00 00 ff fe 00 00 00 00 00 00 00 00 00 00 00 00 00 00 ff fe 00 00 00 00
  @4800 nz=6 b14=00 00 00 00 00 00 00 00 00 00 00 ff fe 00 00 00 00 00 00 00 00 00 00 00 00 00 00 ff fe 00 00 00 00 00 00 00 00 00 00 00 00 00 00 ff fe 00 00 00 00 00 00
  @4802 nz=6 b14=00 00 00 00 00 00 00 00 00 ff fe 00 00 00 00 00 00 00 00 00 00 00 00 00 00 ff fe 00 00 00 00 00 00 00 00 00 00 00 00 00 00 ff fe 00 00 00 00 00 00 00 00
  @4804 nz=6 b14=00 00 00 00 00 00 00 ff fe 00 00 00 00 00 00 00 00 00 00 00 00 00 00 ff fe 00 00 00 00 00 00 00 00 00 00 00 00 00 00 ff fe 00 00 00 00 00 00 00 00 00 00
  @4806 nz=6 b14=00 00 00 00 00 ff fe 00 00 00 00 00 00 00 00 00 00 00 00 00 00 ff fe 00 00 00 00 00 00 00 00 00 00 00 00 00 00 ff fe 00 00 00 00 00 00 00 00 00 00 00 00
  @4808 nz=6 b14=00 00 00 ff fe 00 00 00 00 00 00 00 00 00 00 00 00 00 00 ff fe 00 00 00 00 00 00 00 00 00 00 00 00 00 00 ff fe 00 00 00 00 00 00 00 00 00 00 00 00 00 00
  @4810 nz=8 b14=00 ff fe 00 00 00 00 00 00 00 00 00 00 00 00 00 00 ff fe 00 00 00 00 00 00 00 00 00 00 00 00 00 00 ff fe 00 00 00 00 00 00 00 00 00 00 00 00 00 00 ff fe
  @4812 nz=6 b14=ff 00 00 00 00 00 00 00 00 00 00 00 00 00 00 ff fe 00 00 00 00 00 00 00 00 00 00 00 00 00 00 ff fe 00 00 00 00 00 00 00 00 00 00 00 00 00 00 ff fe 00 00
  @4814 nz=6 b14=00 00 00 00 00 00 00 00 00 00 00 00 00 ff fe 00 00 00 00 00 00 00 00 00 00 00 00 00 00 ff fe 00 00 00 00 00 00 00 00 00 00 00 00 00 00 ff fe 00 00 00 00
  @4816 nz=6 b14=00 00 00 00 00 00 00 00 00 00 00 ff fe 00 00 00 00 00 00 00 00 00 00 00 00 00 00 ff fe 00 00 00 00 00 00 00 00 00 00 00 00 00 00 ff fe 00 00 00 00 00 00
  @4818 nz=6 b14=00 00 00 00 00 00 00 00 00 ff fe 00 00 00 00 00 00 00 00 00 00 00 00 00 00 ff fe 00 00 00 00 00 00 00 00 00 00 00 00 00 00 ff fe 00 00 00 00 00 00 00 00
  @4820 nz=6 b14=00 00 00 00 00 00 00 ff fe 00 00 00 00 00 00 00 00 00 00 00 00 00 00 ff fe 00 00 00 00 00 00 00 00 00 00 00 00 00 00 ff fe 00 00 00 00 00 00 00 00 00 00
  @4822 nz=6 b14=00 00 00 00 00 ff fe 00 00 00 00 00 00 00 00 00 00 00 00 00 00 ff fe 00 00 00 00 00 00 00 00 00 00 00 00 00 00 ff fe 00 00 00 00 00 00 00 00 00 00 00 00
  @4824 nz=6 b14=00 00 00 ff fe 00 00 00 00 00 00 00 00 00 00 00 00 00 00 ff fe 00 00 00 00 00 00 00 00 00 00 00 00 00 00 ff fe 00 00 00 00 00 00 00 00 00 00 00 00 00 00
  @4826 nz=8 b14=00 ff fe 00 00 00 00 00 00 00 00 00 00 00 00 00 00 ff fe 00 00 00 00 00 00 00 00 00 00 00 00 00 00 ff fe 00 00 00 00 00 00 00 00 00 00 00 00 00 00 ff fe
  @4828 nz=6 b14=ff 00 00 00 00 00 00 00 00 00 00 00 00 00 00 ff fe 00 00 00 00 00 00 00 00 00 00 00 00 00 00 ff fe 00 00 00 00 00 00 00 00 00 00 00 00 00 00 ff fe 00 00
  @4830 nz=6 b14=00 00 00 00 00 00 00 00 00 00 00 00 00 ff fe 00 00 00 00 00 00 00 00 00 00 00 00 00 00 ff fe 00 00 00 00 00 00 00 00 00 00 00 00 00 00 ff fe 00 00 00 00
  @4832 nz=6 b14=00 00 00 00 00 00 00 00 00 00 00 ff fe 00 00 00 00 00 00 00 00 00 00 00 00 00 00 ff fe 00 00 00 00 00 00 00 00 00 00 00 00 00 00 ff fe 00 00 00 00 00 00
  @4834 nz=6 b14=00 00 00 00 00 00 00 00 00 ff fe 00 00 00 00 00 00 00 00 00 00 00 00 00 00 ff fe 00 00 00 00 00 00 00 00 00 00 00 00 00 00 ff fe 00 00 00 00 00 00 00 00
  @4836 nz=6 b14=00 00 00 00 00 00 00 ff fe 00 00 00 00 00 00 00 00 00 00 00 00 00 00 ff fe 00 00 00 00 00 00 00 00 00 00 00 00 00 00 ff fe 00 00 00 00 00 00 00 00 00 00
  @4838 nz=6 b14=00 00 00 00 00 ff fe 00 00 00 00 00 00 00 00 00 00 00 00 00 00 ff fe 00 00 00 00 00 00 00 00 00 00 00 00 00 00 ff fe 00 00 00 00 00 00 00 00 00 00 00 00
  @4840 nz=6 b14=00 00 00 ff fe 00 00 00 00 00 00 00 00 00 00 00 00 00 00 ff fe 00 00 00 00 00 00 00 00 00 00 00 00 00 00 ff fe 00 00 00 00 00 00 00 00 00 00 00 00 00 00
  @4842 nz=8 b14=00 ff fe 00 00 00 00 00 00 00 00 00 00 00 00 00 00 ff fe 00 00 00 00 00 00 00 00 00 00 00 00 00 00 ff fe 00 00 00 00 00 00 00 00 00 00 00 00 00 00 ff fe
  @4844 nz=6 b14=ff 00 00 00 00 00 00 00 00 00 00 00 00 00 00 ff fe 00 00 00 00 00 00 00 00 00 00 00 00 00 00 ff fe 00 00 00 00 00 00 00 00 00 00 00 00 00 00 ff fe 00 00
  @4846 nz=6 b14=00 00 00 00 00 00 00 00 00 00 00 00 00 ff fe 00 00 00 00 00 00 00 00 00 00 00 00 00 00 ff fe 00 00 00 00 00 00 00 00 00 00 00 00 00 00 ff fe 00 00 00 00
  @4848 nz=6 b14=00 00 00 00 00 00 00 00 00 00 00 ff fe 00 00 00 00 00 00 00 00 00 00 00 00 00 00 ff fe 00 00 00 00 00 00 00 00 00 00 00 00 00 00 ff fe 00 00 00 00 00 00
  @4850 nz=6 b14=00 00 00 00 00 00 00 00 00 ff fe 00 00 00 00 00 00 00 00 00 00 00 00 00 00 ff fe 00 00 00 00 00 00 00 00 00 00 00 00 00 00 ff fe 00 00 00 00 00 00 00 00
  @4852 nz=6 b14=00 00 00 00 00 00 00 ff fe 00 00 00 00 00 00 00 00 00 00 00 00 00 00 ff fe 00 00 00 00 00 00 00 00 00 00 00 00 00 00 ff fe 00 00 00 00 00 00 00 00 00 00
  @4854 nz=6 b14=00 00 00 00 00 ff fe 00 00 00 00 00 00 00 00 00 00 00 00 00 00 ff fe 00 00 00 00 00 00 00 00 00 00 00 00 00 00 ff fe 00 00 00 00 00 00 00 00 00 00 00 00
  @4856 nz=6 b14=00 00 00 ff fe 00 00 00 00 00 00 00 00 00 00 00 00 00 00 ff fe 00 00 00 00 00 00 00 00 00 00 00 00 00 00 ff fe 00 00 00 00 00 00 00 00 00 00 00 00 00 00
  @4858 nz=8 b14=00 ff fe 00 00 00 00 00 00 00 00 00 00 00 00 00 00 ff fe 00 00 00 00 00 00 00 00 00 00 00 00 00 00 ff fe 00 00 00 00 00 00 00 00 00 00 00 00 00 00 ff fe
  @4860 nz=6 b14=ff 00 00 00 00 00 00 00 00 00 00 00 00 00 00 ff fe 00 00 00 00 00 00 00 00 00 00 00 00 00 00 ff fe 00 00 00 00 00 00 00 00 00 00 00 00 00 00 ff fe 00 00
  @4862 nz=6 b14=00 00 00 00 00 00 00 00 00 00 00 00 00 ff fe 00 00 00 00 00 00 00 00 00 00 00 00 00 00 ff fe 00 00 00 00 00 00 00 00 00 00 00 00 00 00 ff fe 00 00 00 00
  @4864 nz=6 b14=00 00 00 00 00 00 00 00 00 00 00 ff fe 00 00 00 00 00 00 00 00 00 00 00 00 00 00 ff fe 00 00 00 00 00 00 00 00 00 00 00 00 00 00 ff fe 00 00 00 00 00 00
  @4866 nz=6 b14=00 00 00 00 00 00 00 00 00 ff fe 00 00 00 00 00 00 00 00 00 00 00 00 00 00 ff fe 00 00 00 00 00 00 00 00 00 00 00 00 00 00 ff fe 00 00 00 00 00 00 00 00
  @4868 nz=6 b14=00 00 00 00 00 00 00 ff fe 00 00 00 00 00 00 00 00 00 00 00 00 00 00 ff fe 00 00 00 00 00 00 00 00 00 00 00 00 00 00 ff fe 00 00 00 00 00 00 00 00 00 00
  @4870 nz=6 b14=00 00 00 00 00 ff fe 00 00 00 00 00 00 00 00 00 00 00 00 00 00 ff fe 00 00 00 00 00 00 00 00 00 00 00 00 00 00 ff fe 00 00 00 00 00 00 00 00 00 00 00 00
  @4872 nz=6 b14=00 00 00 ff fe 00 00 00 00 00 00 00 00 00 00 00 00 00 00 ff fe 00 00 00 00 00 00 00 00 00 00 00 00 00 00 ff fe 00 00 00 00 00 00 00 00 00 00 00 00 00 00
  @4874 nz=8 b14=00 ff fe 00 00 00 00 00 00 00 00 00 00 00 00 00 00 ff fe 00 00 00 00 00 00 00 00 00 00 00 00 00 00 ff fe 00 00 00 00 00 00 00 00 00 00 00 00 00 00 ff fe
  @4876 nz=6 b14=ff 00 00 00 00 00 00 00 00 00 00 00 00 00 00 ff fe 00 00 00 00 00 00 00 00 00 00 00 00 00 00 ff fe 00 00 00 00 00 00 00 00 00 00 00 00 00 00 ff fe 00 00
  @4878 nz=6 b14=00 00 00 00 00 00 00 00 00 00 00 00 00 ff fe 00 00 00 00 00 00 00 00 00 00 00 00 00 00 ff fe 00 00 00 00 00 00 00 00 00 00 00 00 00 00 ff fe 00 00 00 00
  @4880 nz=6 b14=00 00 00 00 00 00 00 00 00 00 00 ff fe 00 00 00 00 00 00 00 00 00 00 00 00 00 00 ff fe 00 00 00 00 00 00 00 00 00 00 00 00 00 00 ff fe 00 00 00 00 00 00
  @4882 nz=6 b14=00 00 00 00 00 00 00 00 00 ff fe 00 00 00 00 00 00 00 00 00 00 00 00 00 00 ff fe 00 00 00 00 00 00 00 00 00 00 00 00 00 00 ff fe 00 00 00 00 00 00 00 00
  @4884 nz=6 b14=00 00 00 00 00 00 00 ff fe 00 00 00 00 00 00 00 00 00 00 00 00 00 00 ff fe 00 00 00 00 00 00 00 00 00 00 00 00 00 00 ff fe 00 00 00 00 00 00 00 00 00 00
  @4886 nz=6 b14=00 00 00 00 00 ff fe 00 00 00 00 00 00 00 00 00 00 00 00 00 00 ff fe 00 00 00 00 00 00 00 00 00 00 00 00 00 00 ff fe 00 00 00 00 00 00 00 00 00 00 00 00
  @4888 nz=6 b14=00 00 00 ff fe 00 00 00 00 00 00 00 00 00 00 00 00 00 00 ff fe 00 00 00 00 00 00 00 00 00 00 00 00 00 00 ff fe 00 00 00 00 00 00 00 00 00 00 00 00 00 00
  @4890 nz=8 b14=00 ff fe 00 00 00 00 00 00 00 00 00 00 00 00 00 00 ff fe 00 00 00 00 00 00 00 00 00 00 00 00 00 00 ff fe 00 00 00 00 00 00 00 00 00 00 00 00 00 00 ff fe
  @4892 nz=6 b14=ff 00 00 00 00 00 00 00 00 00 00 00 00 00 00 ff fe 00 00 00 00 00 00 00 00 00 00 00 00 00 00 ff fe 00 00 00 00 00 00 00 00 00 00 00 00 00 00 ff fe 00 00
  @4894 nz=6 b14=00 00 00 00 00 00 00 00 00 00 00 00 00 ff fe 00 00 00 00 00 00 00 00 00 00 00 00 00 00 ff fe 00 00 00 00 00 00 00 00 00 00 00 00 00 00 ff fe 00 00 00 00
  @4896 nz=6 b14=00 00 00 00 00 00 00 00 00 00 00 ff fe 00 00 00 00 00 00 00 00 00 00 00 00 00 00 ff fe 00 00 00 00 00 00 00 00 00 00 00 00 00 00 ff fe 00 00 00 00 00 00
  @4898 nz=6 b14=00 00 00 00 00 00 00 00 00 ff fe 00 00 00 00 00 00 00 00 00 00 00 00 00 00 ff fe 00 00 00 00 00 00 00 00 00 00 00 00 00 00 ff fe 00 00 00 00 00 00 00 00
  @4900 nz=6 b14=00 00 00 00 00 00 00 ff fe 00 00 00 00 00 00 00 00 00 00 00 00 00 00 ff fe 00 00 00 00 00 00 00 00 00 00 00 00 00 00 ff fe 00 00 00 00 00 00 00 00 00 00
  @4902 nz=6 b14=00 00 00 00 00 ff fe 00 00 00 00 00 00 00 00 00 00 00 00 00 00 ff fe 00 00 00 00 00 00 00 00 00 00 00 00 00 00 ff fe 00 00 00 00 00 00 00 00 00 00 00 00
  @4904 nz=6 b14=00 00 00 ff fe 00 00 00 00 00 00 00 00 00 00 00 00 00 00 ff fe 00 00 00 00 00 00 00 00 00 00 00 00 00 00 ff fe 00 00 00 00 00 00 00 00 00 00 00 00 00 00
  @4906 nz=8 b14=00 ff fe 00 00 00 00 00 00 00 00 00 00 00 00 00 00 ff fe 00 00 00 00 00 00 00 00 00 00 00 00 00 00 ff fe 00 00 00 00 00 00 00 00 00 00 00 00 00 00 ff fe
  @4908 nz=6 b14=ff 00 00 00 00 00 00 00 00 00 00 00 00 00 00 ff fe 00 00 00 00 00 00 00 00 00 00 00 00 00 00 ff fe 00 00 00 00 00 00 00 00 00 00 00 00 00 00 ff fe 00 00
  @4910 nz=6 b14=00 00 00 00 00 00 00 00 00 00 00 00 00 ff fe 00 00 00 00 00 00 00 00 00 00 00 00 00 00 ff fe 00 00 00 00 00 00 00 00 00 00 00 00 00 00 ff fe 00 00 00 00
  @4912 nz=6 b14=00 00 00 00 00 00 00 00 00 00 00 ff fe 00 00 00 00 00 00 00 00 00 00 00 00 00 00 ff fe 00 00 00 00 00 00 00 00 00 00 00 00 00 00 ff fe 00 00 00 00 00 00
  @4914 nz=6 b14=00 00 00 00 00 00 00 00 00 ff fe 00 00 00 00 00 00 00 00 00 00 00 00 00 00 ff fe 00 00 00 00 00 00 00 00 00 00 00 00 00 00 ff fe 00 00 00 00 00 00 00 00
  @4916 nz=6 b14=00 00 00 00 00 00 00 ff fe 00 00 00 00 00 00 00 00 00 00 00 00 00 00 ff fe 00 00 00 00 00 00 00 00 00 00 00 00 00 00 ff fe 00 00 00 00 00 00 00 00 00 00
  @4918 nz=6 b14=00 00 00 00 00 ff fe 00 00 00 00 00 00 00 00 00 00 00 00 00 00 ff fe 00 00 00 00 00 00 00 00 00 00 00 00 00 00 ff fe 00 00 00 00 00 00 00 00 00 00 00 00
  @4920 nz=6 b14=00 00 00 ff fe 00 00 00 00 00 00 00 00 00 00 00 00 00 00 ff fe 00 00 00 00 00 00 00 00 00 00 00 00 00 00 ff fe 00 00 00 00 00 00 00 00 00 00 00 00 00 00
  @4922 nz=8 b14=00 ff fe 00 00 00 00 00 00 00 00 00 00 00 00 00 00 ff fe 00 00 00 00 00 00 00 00 00 00 00 00 00 00 ff fe 00 00 00 00 00 00 00 00 00 00 00 00 00 00 ff fe
  @4924 nz=6 b14=ff 00 00 00 00 00 00 00 00 00 00 00 00 00 00 ff fe 00 00 00 00 00 00 00 00 00 00 00 00 00 00 ff fe 00 00 00 00 00 00 00 00 00 00 00 00 00 00 ff fe 00 00
  @4926 nz=6 b14=00 00 00 00 00 00 00 00 00 00 00 00 00 ff fe 00 00 00 00 00 00 00 00 00 00 00 00 00 00 ff fe 00 00 00 00 00 00 00 00 00 00 00 00 00 00 ff fe 00 00 00 00
  @4928 nz=6 b14=00 00 00 00 00 00 00 00 00 00 00 ff fe 00 00 00 00 00 00 00 00 00 00 00 00 00 00 ff fe 00 00 00 00 00 00 00 00 00 00 00 00 00 00 ff fe 00 00 00 00 00 00
  @4930 nz=6 b14=00 00 00 00 00 00 00 00 00 ff fe 00 00 00 00 00 00 00 00 00 00 00 00 00 00 ff fe 00 00 00 00 00 00 00 00 00 00 00 00 00 00 ff fe 00 00 00 00 00 00 00 00
  @4932 nz=6 b14=00 00 00 00 00 00 00 ff fe 00 00 00 00 00 00 00 00 00 00 00 00 00 00 ff fe 00 00 00 00 00 00 00 00 00 00 00 00 00 00 ff fe 00 00 00 00 00 00 00 00 00 00
  @4934 nz=6 b14=00 00 00 00 00 ff fe 00 00 00 00 00 00 00 00 00 00 00 00 00 00 ff fe 00 00 00 00 00 00 00 00 00 00 00 00 00 00 ff fe 00 00 00 00 00 00 00 00 00 00 00 00
  @4936 nz=6 b14=00 00 00 ff fe 00 00 00 00 00 00 00 00 00 00 00 00 00 00 ff fe 00 00 00 00 00 00 00 00 00 00 00 00 00 00 ff fe 00 00 00 00 00 00 00 00 00 00 00 00 00 00
  @4938 nz=8 b14=00 ff fe 00 00 00 00 00 00 00 00 00 00 00 00 00 00 ff fe 00 00 00 00 00 00 00 00 00 00 00 00 00 00 ff fe 00 00 00 00 00 00 00 00 00 00 00 00 00 00 ff fe
  @4940 nz=6 b14=ff 00 00 00 00 00 00 00 00 00 00 00 00 00 00 ff fe 00 00 00 00 00 00 00 00 00 00 00 00 00 00 ff fe 00 00 00 00 00 00 00 00 00 00 00 00 00 00 ff fe 00 00
  @4942 nz=6 b14=00 00 00 00 00 00 00 00 00 00 00 00 00 ff fe 00 00 00 00 00 00 00 00 00 00 00 00 00 00 ff fe 00 00 00 00 00 00 00 00 00 00 00 00 00 00 ff fe 00 00 00 00
  @4944 nz=6 b14=00 00 00 00 00 00 00 00 00 00 00 ff fe 00 00 00 00 00 00 00 00 00 00 00 00 00 00 ff fe 00 00 00 00 00 00 00 00 00 00 00 00 00 00 ff fe 00 00 00 00 00 00
  @4946 nz=6 b14=00 00 00 00 00 00 00 00 00 ff fe 00 00 00 00 00 00 00 00 00 00 00 00 00 00 ff fe 00 00 00 00 00 00 00 00 00 00 00 00 00 00 ff fe 00 00 00 00 00 00 00 00
  @4948 nz=6 b14=00 00 00 00 00 00 00 ff fe 00 00 00 00 00 00 00 00 00 00 00 00 00 00 ff fe 00 00 00 00 00 00 00 00 00 00 00 00 00 00 ff fe 00 00 00 00 00 00 00 00 00 00
  @4950 nz=6 b14=00 00 00 00 00 ff fe 00 00 00 00 00 00 00 00 00 00 00 00 00 00 ff fe 00 00 00 00 00 00 00 00 00 00 00 00 00 00 ff fe 00 00 00 00 00 00 00 00 00 00 00 00
  @4952 nz=6 b14=00 00 00 ff fe 00 00 00 00 00 00 00 00 00 00 00 00 00 00 ff fe 00 00 00 00 00 00 00 00 00 00 00 00 00 00 ff fe 00 00 00 00 00 00 00 00 00 00 00 00 00 00
  @4954 nz=8 b14=00 ff fe 00 00 00 00 00 00 00 00 00 00 00 00 00 00 ff fe 00 00 00 00 00 00 00 00 00 00 00 00 00 00 ff fe 00 00 00 00 00 00 00 00 00 00 00 00 00 00 ff fe
  @4956 nz=6 b14=ff 00 00 00 00 00 00 00 00 00 00 00 00 00 00 ff fe 00 00 00 00 00 00 00 00 00 00 00 00 00 00 ff fe 00 00 00 00 00 00 00 00 00 00 00 00 00 00 ff fe 00 00
  @4958 nz=6 b14=00 00 00 00 00 00 00 00 00 00 00 00 00 ff fe 00 00 00 00 00 00 00 00 00 00 00 00 00 00 ff fe 00 00 00 00 00 00 00 00 00 00 00 00 00 00 ff fe 00 00 00 00
  @4960 nz=6 b14=00 00 00 00 00 00 00 00 00 00 00 ff fe 00 00 00 00 00 00 00 00 00 00 00 00 00 00 ff fe 00 00 00 00 00 00 00 00 00 00 00 00 00 00 ff fe 00 00 00 00 00 00
  @4962 nz=6 b14=00 00 00 00 00 00 00 00 00 ff fe 00 00 00 00 00 00 00 00 00 00 00 00 00 00 ff fe 00 00 00 00 00 00 00 00 00 00 00 00 00 00 ff fe 00 00 00 00 00 00 00 00
  @4964 nz=6 b14=00 00 00 00 00 00 00 ff fe 00 00 00 00 00 00 00 00 00 00 00 00 00 00 ff fe 00 00 00 00 00 00 00 00 00 00 00 00 00 00 ff fe 00 00 00 00 00 00 00 00 00 00
  @4966 nz=6 b14=00 00 00 00 00 ff fe 00 00 00 00 00 00 00 00 00 00 00 00 00 00 ff fe 00 00 00 00 00 00 00 00 00 00 00 00 00 00 ff fe 00 00 00 00 00 00 00 00 00 00 00 00
  @4968 nz=6 b14=00 00 00 ff fe 00 00 00 00 00 00 00 00 00 00 00 00 00 00 ff fe 00 00 00 00 00 00 00 00 00 00 00 00 00 00 ff fe 00 00 00 00 00 00 00 00 00 00 00 00 00 00
  @4970 nz=8 b14=00 ff fe 00 00 00 00 00 00 00 00 00 00 00 00 00 00 ff fe 00 00 00 00 00 00 00 00 00 00 00 00 00 00 ff fe 00 00 00 00 00 00 00 00 00 00 00 00 00 00 ff fe
  @4972 nz=6 b14=ff 00 00 00 00 00 00 00 00 00 00 00 00 00 00 ff fe 00 00 00 00 00 00 00 00 00 00 00 00 00 00 ff fe 00 00 00 00 00 00 00 00 00 00 00 00 00 00 ff fe 00 00
  @4974 nz=6 b14=00 00 00 00 00 00 00 00 00 00 00 00 00 ff fe 00 00 00 00 00 00 00 00 00 00 00 00 00 00 ff fe 00 00 00 00 00 00 00 00 00 00 00 00 00 00 ff fe 00 00 00 00
  @4976 nz=6 b14=00 00 00 00 00 00 00 00 00 00 00 ff fe 00 00 00 00 00 00 00 00 00 00 00 00 00 00 ff fe 00 00 00 00 00 00 00 00 00 00 00 00 00 00 ff fe 00 00 00 00 00 00
  @4978 nz=6 b14=00 00 00 00 00 00 00 00 00 ff fe 00 00 00 00 00 00 00 00 00 00 00 00 00 00 ff fe 00 00 00 00 00 00 00 00 00 00 00 00 00 00 ff fe 00 00 00 00 00 00 00 00
  @4980 nz=6 b14=00 00 00 00 00 00 00 ff fe 00 00 00 00 00 00 00 00 00 00 00 00 00 00 ff fe 00 00 00 00 00 00 00 00 00 00 00 00 00 00 ff fe 00 00 00 00 00 00 00 00 00 00
  @4982 nz=6 b14=00 00 00 00 00 ff fe 00 00 00 00 00 00 00 00 00 00 00 00 00 00 ff fe 00 00 00 00 00 00 00 00 00 00 00 00 00 00 ff fe 00 00 00 00 00 00 00 00 00 00 00 00
  @4984 nz=6 b14=00 00 00 ff fe 00 00 00 00 00 00 00 00 00 00 00 00 00 00 ff fe 00 00 00 00 00 00 00 00 00 00 00 00 00 00 ff fe 00 00 00 00 00 00 00 00 00 00 00 00 00 00
  @4986 nz=8 b14=00 ff fe 00 00 00 00 00 00 00 00 00 00 00 00 00 00 ff fe 00 00 00 00 00 00 00 00 00 00 00 00 00 00 ff fe 00 00 00 00 00 00 00 00 00 00 00 00 00 00 ff fe
  @4988 nz=6 b14=ff 00 00 00 00 00 00 00 00 00 00 00 00 00 00 ff fe 00 00 00 00 00 00 00 00 00 00 00 00 00 00 ff fe 00 00 00 00 00 00 00 00 00 00 00 00 00 00 ff fe 00 00
  @4990 nz=6 b14=00 00 00 00 00 00 00 00 00 00 00 00 00 ff fe 00 00 00 00 00 00 00 00 00 00 00 00 00 00 ff fe 00 00 00 00 00 00 00 00 00 00 00 00 00 00 ff fe 00 00 00 00
  @4992 nz=6 b14=00 00 00 00 00 00 00 00 00 00 00 ff fe 00 00 00 00 00 00 00 00 00 00 00 00 00 00 ff fe 00 00 00 00 00 00 00 00 00 00 00 00 00 00 ff fe 00 00 00 00 00 00
  @4994 nz=6 b14=00 00 00 00 00 00 00 00 00 ff fe 00 00 00 00 00 00 00 00 00 00 00 00 00 00 ff fe 00 00 00 00 00 00 00 00 00 00 00 00 00 00 ff fe 00 00 00 00 00 00 00 00
  @4996 nz=6 b14=00 00 00 00 00 00 00 ff fe 00 00 00 00 00 00 00 00 00 00 00 00 00 00 ff fe 00 00 00 00 00 00 00 00 00 00 00 00 00 00 ff fe 00 00 00 00 00 00 00 00 00 00
  @4998 nz=6 b14=00 00 00 00 00 ff fe 00 00 00 00 00 00 00 00 00 00 00 00 00 00 ff fe 00 00 00 00 00 00 00 00 00 00 00 00 00 00 ff fe 00 00 00 00 00 00 00 00 00 00 00 00
  @5000 nz=6 b14=00 00 00 ff fe 00 00 00 00 00 00 00 00 00 00 00 00 00 00 ff fe 00 00 00 00 00 00 00 00 00 00 00 00 00 00 ff fe 00 00 00 00 00 00 00 00 00 00 00 00 00 00
  @5002 nz=8 b14=00 ff fe 00 00 00 00 00 00 00 00 00 00 00 00 00 00 ff fe 00 00 00 00 00 00 00 00 00 00 00 00 00 00 ff fe 00 00 00 00 00 00 00 00 00 00 00 00 00 00 ff fe
  @5004 nz=6 b14=ff 00 00 00 00 00 00 00 00 00 00 00 00 00 00 ff fe 00 00 00 00 00 00 00 00 00 00 00 00 00 00 ff fe 00 00 00 00 00 00 00 00 00 00 00 00 00 00 ff fe 00 00
  @5006 nz=6 b14=00 00 00 00 00 00 00 00 00 00 00 00 00 ff fe 00 00 00 00 00 00 00 00 00 00 00 00 00 00 ff fe 00 00 00 00 00 00 00 00 00 00 00 00 00 00 ff fe 00 00 00 00
  @5008 nz=6 b14=00 00 00 00 00 00 00 00 00 00 00 ff fe 00 00 00 00 00 00 00 00 00 00 00 00 00 00 ff fe 00 00 00 00 00 00 00 00 00 00 00 00 00 00 ff fe 00 00 00 00 00 00
  @5010 nz=6 b14=00 00 00 00 00 00 00 00 00 ff fe 00 00 00 00 00 00 00 00 00 00 00 00 00 00 ff fe 00 00 00 00 00 00 00 00 00 00 00 00 00 00 ff fe 00 00 00 00 00 00 00 00
  @5012 nz=6 b14=00 00 00 00 00 00 00 ff fe 00 00 00 00 00 00 00 00 00 00 00 00 00 00 ff fe 00 00 00 00 00 00 00 00 00 00 00 00 00 00 ff fe 00 00 00 00 00 00 00 00 00 00
  @5014 nz=6 b14=00 00 00 00 00 ff fe 00 00 00 00 00 00 00 00 00 00 00 00 00 00 ff fe 00 00 00 00 00 00 00 00 00 00 00 00 00 00 ff fe 00 00 00 00 00 00 00 00 00 00 00 00
  @5016 nz=6 b14=00 00 00 ff fe 00 00 00 00 00 00 00 00 00 00 00 00 00 00 ff fe 00 00 00 00 00 00 00 00 00 00 00 00 00 00 ff fe 00 00 00 00 00 00 00 00 00 00 00 00 00 00
  @5018 nz=8 b14=00 ff fe 00 00 00 00 00 00 00 00 00 00 00 00 00 00 ff fe 00 00 00 00 00 00 00 00 00 00 00 00 00 00 ff fe 00 00 00 00 00 00 00 00 00 00 00 00 00 00 ff fe
  @5020 nz=6 b14=ff 00 00 00 00 00 00 00 00 00 00 00 00 00 00 ff fe 00 00 00 00 00 00 00 00 00 00 00 00 00 00 ff fe 00 00 00 00 00 00 00 00 00 00 00 00 00 00 ff fe 00 00
  @5022 nz=6 b14=00 00 00 00 00 00 00 00 00 00 00 00 00 ff fe 00 00 00 00 00 00 00 00 00 00 00 00 00 00 ff fe 00 00 00 00 00 00 00 00 00 00 00 00 00 00 ff fe 00 00 00 00
  @5024 nz=6 b14=00 00 00 00 00 00 00 00 00 00 00 ff fe 00 00 00 00 00 00 00 00 00 00 00 00 00 00 ff fe 00 00 00 00 00 00 00 00 00 00 00 00 00 00 ff fe 00 00 00 00 00 00
  @5026 nz=6 b14=00 00 00 00 00 00 00 00 00 ff fe 00 00 00 00 00 00 00 00 00 00 00 00 00 00 ff fe 00 00 00 00 00 00 00 00 00 00 00 00 00 00 ff fe 00 00 00 00 00 00 00 00
  @5028 nz=6 b14=00 00 00 00 00 00 00 ff fe 00 00 00 00 00 00 00 00 00 00 00 00 00 00 ff fe 00 00 00 00 00 00 00 00 00 00 00 00 00 00 ff fe 00 00 00 00 00 00 00 00 00 00
  @5030 nz=6 b14=00 00 00 00 00 ff fe 00 00 00 00 00 00 00 00 00 00 00 00 00 00 ff fe 00 00 00 00 00 00 00 00 00 00 00 00 00 00 ff fe 00 00 00 00 00 00 00 00 00 00 00 00
  @5032 nz=6 b14=00 00 00 ff fe 00 00 00 00 00 00 00 00 00 00 00 00 00 00 ff fe 00 00 00 00 00 00 00 00 00 00 00 00 00 00 ff fe 00 00 00 00 00 00 00 00 00 00 00 00 00 00
  @5034 nz=8 b14=00 ff fe 00 00 00 00 00 00 00 00 00 00 00 00 00 00 ff fe 00 00 00 00 00 00 00 00 00 00 00 00 00 00 ff fe 00 00 00 00 00 00 00 00 00 00 00 00 00 00 ff fe
  @5036 nz=6 b14=ff 00 00 00 00 00 00 00 00 00 00 00 00 00 00 ff fe 00 00 00 00 00 00 00 00 00 00 00 00 00 00 ff fe 00 00 00 00 00 00 00 00 00 00 00 00 00 00 ff fe 00 00
  @5038 nz=6 b14=00 00 00 00 00 00 00 00 00 00 00 00 00 ff fe 00 00 00 00 00 00 00 00 00 00 00 00 00 00 ff fe 00 00 00 00 00 00 00 00 00 00 00 00 00 00 ff fe 00 00 00 00
  @5040 nz=6 b14=00 00 00 00 00 00 00 00 00 00 00 ff fe 00 00 00 00 00 00 00 00 00 00 00 00 00 00 ff fe 00 00 00 00 00 00 00 00 00 00 00 00 00 00 ff fe 00 00 00 00 00 00
  @5042 nz=6 b14=00 00 00 00 00 00 00 00 00 ff fe 00 00 00 00 00 00 00 00 00 00 00 00 00 00 ff fe 00 00 00 00 00 00 00 00 00 00 00 00 00 00 ff fe 00 00 00 00 00 00 00 00
  @5044 nz=6 b14=00 00 00 00 00 00 00 ff fe 00 00 00 00 00 00 00 00 00 00 00 00 00 00 ff fe 00 00 00 00 00 00 00 00 00 00 00 00 00 00 ff fe 00 00 00 00 00 00 00 00 00 00
  @5046 nz=6 b14=00 00 00 00 00 ff fe 00 00 00 00 00 00 00 00 00 00 00 00 00 00 ff fe 00 00 00 00 00 00 00 00 00 00 00 00 00 00 ff fe 00 00 00 00 00 00 00 00 00 00 00 00
  @5048 nz=6 b14=00 00 00 ff fe 00 00 00 00 00 00 00 00 00 00 00 00 00 00 ff fe 00 00 00 00 00 00 00 00 00 00 00 00 00 00 ff fe 00 00 00 00 00 00 00 00 00 00 00 00 00 00
  @5050 nz=8 b14=00 ff fe 00 00 00 00 00 00 00 00 00 00 00 00 00 00 ff fe 00 00 00 00 00 00 00 00 00 00 00 00 00 00 ff fe 00 00 00 00 00 00 00 00 00 00 00 00 00 00 ff fe
  @5052 nz=6 b14=ff 00 00 00 00 00 00 00 00 00 00 00 00 00 00 ff fe 00 00 00 00 00 00 00 00 00 00 00 00 00 00 ff fe 00 00 00 00 00 00 00 00 00 00 00 00 00 00 ff fe 00 00
  @5054 nz=6 b14=00 00 00 00 00 00 00 00 00 00 00 00 00 ff fe 00 00 00 00 00 00 00 00 00 00 00 00 00 00 ff fe 00 00 00 00 00 00 00 00 00 00 00 00 00 00 ff fe 00 00 00 00
  @5056 nz=6 b14=00 00 00 00 00 00 00 00 00 00 00 ff fe 00 00 00 00 00 00 00 00 00 00 00 00 00 00 ff fe 00 00 00 00 00 00 00 00 00 00 00 00 00 00 ff fe 00 00 00 00 00 00
  @5058 nz=6 b14=00 00 00 00 00 00 00 00 00 ff fe 00 00 00 00 00 00 00 00 00 00 00 00 00 00 ff fe 00 00 00 00 00 00 00 00 00 00 00 00 00 00 ff fe 00 00 00 00 00 00 00 00
  @5060 nz=6 b14=00 00 00 00 00 00 00 ff fe 00 00 00 00 00 00 00 00 00 00 00 00 00 00 ff fe 00 00 00 00 00 00 00 00 00 00 00 00 00 00 ff fe 00 00 00 00 00 00 00 00 00 00
  @5062 nz=6 b14=00 00 00 00 00 ff fe 00 00 00 00 00 00 00 00 00 00 00 00 00 00 ff fe 00 00 00 00 00 00 00 00 00 00 00 00 00 00 ff fe 00 00 00 00 00 00 00 00 00 00 00 00
  @5064 nz=6 b14=00 00 00 ff fe 00 00 00 00 00 00 00 00 00 00 00 00 00 00 ff fe 00 00 00 00 00 00 00 00 00 00 00 00 00 00 ff fe 00 00 00 00 00 00 00 00 00 00 00 00 00 00
  @5066 nz=8 b14=00 ff fe 00 00 00 00 00 00 00 00 00 00 00 00 00 00 ff fe 00 00 00 00 00 00 00 00 00 00 00 00 00 00 ff fe 00 00 00 00 00 00 00 00 00 00 00 00 00 00 ff fe
  @5068 nz=6 b14=ff 00 00 00 00 00 00 00 00 00 00 00 00 00 00 ff fe 00 00 00 00 00 00 00 00 00 00 00 00 00 00 ff fe 00 00 00 00 00 00 00 00 00 00 00 00 00 00 ff fe 00 00
  @5070 nz=6 b14=00 00 00 00 00 00 00 00 00 00 00 00 00 ff fe 00 00 00 00 00 00 00 00 00 00 00 00 00 00 ff fe 00 00 00 00 00 00 00 00 00 00 00 00 00 00 ff fe 00 00 00 00
  @5072 nz=6 b14=00 00 00 00 00 00 00 00 00 00 00 ff fe 00 00 00 00 00 00 00 00 00 00 00 00 00 00 ff fe 00 00 00 00 00 00 00 00 00 00 00 00 00 00 ff fe 00 00 00 00 00 00
  @5074 nz=6 b14=00 00 00 00 00 00 00 00 00 ff fe 00 00 00 00 00 00 00 00 00 00 00 00 00 00 ff fe 00 00 00 00 00 00 00 00 00 00 00 00 00 00 ff fe 00 00 00 00 00 00 00 00
  @5076 nz=6 b14=00 00 00 00 00 00 00 ff fe 00 00 00 00 00 00 00 00 00 00 00 00 00 00 ff fe 00 00 00 00 00 00 00 00 00 00 00 00 00 00 ff fe 00 00 00 00 00 00 00 00 00 00
  @5078 nz=6 b14=00 00 00 00 00 ff fe 00 00 00 00 00 00 00 00 00 00 00 00 00 00 ff fe 00 00 00 00 00 00 00 00 00 00 00 00 00 00 ff fe 00 00 00 00 00 00 00 00 00 00 00 00
  @5080 nz=6 b14=00 00 00 ff fe 00 00 00 00 00 00 00 00 00 00 00 00 00 00 ff fe 00 00 00 00 00 00 00 00 00 00 00 00 00 00 ff fe 00 00 00 00 00 00 00 00 00 00 00 00 00 00
  @5082 nz=8 b14=00 ff fe 00 00 00 00 00 00 00 00 00 00 00 00 00 00 ff fe 00 00 00 00 00 00 00 00 00 00 00 00 00 00 ff fe 00 00 00 00 00 00 00 00 00 00 00 00 00 00 ff fe
  @5084 nz=6 b14=ff 00 00 00 00 00 00 00 00 00 00 00 00 00 00 ff fe 00 00 00 00 00 00 00 00 00 00 00 00 00 00 ff fe 00 00 00 00 00 00 00 00 00 00 00 00 00 00 ff fe 00 00
  @5086 nz=6 b14=00 00 00 00 00 00 00 00 00 00 00 00 00 ff fe 00 00 00 00 00 00 00 00 00 00 00 00 00 00 ff fe 00 00 00 00 00 00 00 00 00 00 00 00 00 00 ff fe 00 00 00 00
  @5088 nz=6 b14=00 00 00 00 00 00 00 00 00 00 00 ff fe 00 00 00 00 00 00 00 00 00 00 00 00 00 00 ff fe 00 00 00 00 00 00 00 00 00 00 00 00 00 00 ff fe 00 00 00 00 00 00
  @5090 nz=6 b14=00 00 00 00 00 00 00 00 00 ff fe 00 00 00 00 00 00 00 00 00 00 00 00 00 00 ff fe 00 00 00 00 00 00 00 00 00 00 00 00 00 00 ff fe 00 00 00 00 00 00 00 00
  @5092 nz=6 b14=00 00 00 00 00 00 00 ff fe 00 00 00 00 00 00 00 00 00 00 00 00 00 00 ff fe 00 00 00 00 00 00 00 00 00 00 00 00 00 00 ff fe 00 00 00 00 00 00 00 00 00 00
  @5094 nz=6 b14=00 00 00 00 00 ff fe 00 00 00 00 00 00 00 00 00 00 00 00 00 00 ff fe 00 00 00 00 00 00 00 00 00 00 00 00 00 00 ff fe 00 00 00 00 00 00 00 00 00 00 00 00
  @5096 nz=6 b14=00 00 00 ff fe 00 00 00 00 00 00 00 00 00 00 00 00 00 00 ff fe 00 00 00 00 00 00 00 00 00 00 00 00 00 00 ff fe 00 00 00 00 00 00 00 00 00 00 00 00 00 00
  @5098 nz=8 b14=00 ff fe 00 00 00 00 00 00 00 00 00 00 00 00 00 00 ff fe 00 00 00 00 00 00 00 00 00 00 00 00 00 00 ff fe 00 00 00 00 00 00 00 00 00 00 00 00 00 00 ff fe
  @5100 nz=6 b14=ff 00 00 00 00 00 00 00 00 00 00 00 00 00 00 ff fe 00 00 00 00 00 00 00 00 00 00 00 00 00 00 ff fe 00 00 00 00 00 00 00 00 00 00 00 00 00 00 ff fe 00 00
  @5102 nz=6 b14=00 00 00 00 00 00 00 00 00 00 00 00 00 ff fe 00 00 00 00 00 00 00 00 00 00 00 00 00 00 ff fe 00 00 00 00 00 00 00 00 00 00 00 00 00 00 ff fe 00 00 00 00
  @5104 nz=6 b14=00 00 00 00 00 00 00 00 00 00 00 ff fe 00 00 00 00 00 00 00 00 00 00 00 00 00 00 ff fe 00 00 00 00 00 00 00 00 00 00 00 00 00 00 ff fe 00 00 00 00 00 00
  @5106 nz=6 b14=00 00 00 00 00 00 00 00 00 ff fe 00 00 00 00 00 00 00 00 00 00 00 00 00 00 ff fe 00 00 00 00 00 00 00 00 00 00 00 00 00 00 ff fe 00 00 00 00 00 00 00 00
  @5108 nz=6 b14=00 00 00 00 00 00 00 ff fe 00 00 00 00 00 00 00 00 00 00 00 00 00 00 ff fe 00 00 00 00 00 00 00 00 00 00 00 00 00 00 ff fe 00 00 00 00 00 00 00 00 00 00
  @5110 nz=6 b14=00 00 00 00 00 ff fe 00 00 00 00 00 00 00 00 00 00 00 00 00 00 ff fe 00 00 00 00 00 00 00 00 00 00 00 00 00 00 ff fe 00 00 00 00 00 00 00 00 00 00 00 00
  @5112 nz=6 b14=00 00 00 ff fe 00 00 00 00 00 00 00 00 00 00 00 00 00 00 ff fe 00 00 00 00 00 00 00 00 00 00 00 00 00 00 ff fe 00 00 00 00 00 00 00 00 00 00 00 00 00 00
  @5114 nz=8 b14=00 ff fe 00 00 00 00 00 00 00 00 00 00 00 00 00 00 ff fe 00 00 00 00 00 00 00 00 00 00 00 00 00 00 ff fe 00 00 00 00 00 00 00 00 00 00 00 00 00 00 ff fe
  @5116 nz=6 b14=ff 00 00 00 00 00 00 00 00 00 00 00 00 00 00 ff fe 00 00 00 00 00 00 00 00 00 00 00 00 00 00 ff fe 00 00 00 00 00 00 00 00 00 00 00 00 00 00 ff fe 00 00
  @5118 nz=6 b14=00 00 00 00 00 00 00 00 00 00 00 00 00 ff fe 00 00 00 00 00 00 00 00 00 00 00 00 00 00 ff fe 00 00 00 00 00 00 00 00 00 00 00 00 00 00 ff fe 00 00 00 00
  @5120 nz=6 b14=00 00 00 00 00 00 00 00 00 00 00 ff fe 00 00 00 00 00 00 00 00 00 00 00 00 00 00 ff fe 00 00 00 00 00 00 00 00 00 00 00 00 00 00 ff fe 00 00 00 00 00 00
  @5122 nz=6 b14=00 00 00 00 00 00 00 00 00 ff fe 00 00 00 00 00 00 00 00 00 00 00 00 00 00 ff fe 00 00 00 00 00 00 00 00 00 00 00 00 00 00 ff fe 00 00 00 00 00 00 00 00
  @5124 nz=6 b14=00 00 00 00 00 00 00 ff fe 00 00 00 00 00 00 00 00 00 00 00 00 00 00 ff fe 00 00 00 00 00 00 00 00 00 00 00 00 00 00 ff fe 00 00 00 00 00 00 00 00 00 00
  @5126 nz=6 b14=00 00 00 00 00 ff fe 00 00 00 00 00 00 00 00 00 00 00 00 00 00 ff fe 00 00 00 00 00 00 00 00 00 00 00 00 00 00 ff fe 00 00 00 00 00 00 00 00 00 00 00 00
  @5128 nz=6 b14=00 00 00 ff fe 00 00 00 00 00 00 00 00 00 00 00 00 00 00 ff fe 00 00 00 00 00 00 00 00 00 00 00 00 00 00 ff fe 00 00 00 00 00 00 00 00 00 00 00 00 00 00
  @5130 nz=8 b14=00 ff fe 00 00 00 00 00 00 00 00 00 00 00 00 00 00 ff fe 00 00 00 00 00 00 00 00 00 00 00 00 00 00 ff fe 00 00 00 00 00 00 00 00 00 00 00 00 00 00 ff fe
  @5132 nz=6 b14=ff 00 00 00 00 00 00 00 00 00 00 00 00 00 00 ff fe 00 00 00 00 00 00 00 00 00 00 00 00 00 00 ff fe 00 00 00 00 00 00 00 00 00 00 00 00 00 00 ff fe 00 00
  @5134 nz=6 b14=00 00 00 00 00 00 00 00 00 00 00 00 00 ff fe 00 00 00 00 00 00 00 00 00 00 00 00 00 00 ff fe 00 00 00 00 00 00 00 00 00 00 00 00 00 00 ff fe 00 00 00 00
  @5136 nz=6 b14=00 00 00 00 00 00 00 00 00 00 00 ff fe 00 00 00 00 00 00 00 00 00 00 00 00 00 00 ff fe 00 00 00 00 00 00 00 00 00 00 00 00 00 00 ff fe 00 00 00 00 00 00
  @5138 nz=6 b14=00 00 00 00 00 00 00 00 00 ff fe 00 00 00 00 00 00 00 00 00 00 00 00 00 00 ff fe 00 00 00 00 00 00 00 00 00 00 00 00 00 00 ff fe 00 00 00 00 00 00 00 00
  @5140 nz=6 b14=00 00 00 00 00 00 00 ff fe 00 00 00 00 00 00 00 00 00 00 00 00 00 00 ff fe 00 00 00 00 00 00 00 00 00 00 00 00 00 00 ff fe 00 00 00 00 00 00 00 00 00 00
  @5142 nz=6 b14=00 00 00 00 00 ff fe 00 00 00 00 00 00 00 00 00 00 00 00 00 00 ff fe 00 00 00 00 00 00 00 00 00 00 00 00 00 00 ff fe 00 00 00 00 00 00 00 00 00 00 00 00
  @5144 nz=6 b14=00 00 00 ff fe 00 00 00 00 00 00 00 00 00 00 00 00 00 00 ff fe 00 00 00 00 00 00 00 00 00 00 00 00 00 00 ff fe 00 00 00 00 00 00 00 00 00 00 00 00 00 00
  @5146 nz=8 b14=00 ff fe 00 00 00 00 00 00 00 00 00 00 00 00 00 00 ff fe 00 00 00 00 00 00 00 00 00 00 00 00 00 00 ff fe 00 00 00 00 00 00 00 00 00 00 00 00 00 00 ff fe
  @5148 nz=6 b14=ff 00 00 00 00 00 00 00 00 00 00 00 00 00 00 ff fe 00 00 00 00 00 00 00 00 00 00 00 00 00 00 ff fe 00 00 00 00 00 00 00 00 00 00 00 00 00 00 ff fe 00 00
  @5150 nz=6 b14=00 00 00 00 00 00 00 00 00 00 00 00 00 ff fe 00 00 00 00 00 00 00 00 00 00 00 00 00 00 ff fe 00 00 00 00 00 00 00 00 00 00 00 00 00 00 ff fe 00 00 00 00
  @5152 nz=6 b14=00 00 00 00 00 00 00 00 00 00 00 ff fe 00 00 00 00 00 00 00 00 00 00 00 00 00 00 ff fe 00 00 00 00 00 00 00 00 00 00 00 00 00 00 ff fe 00 00 00 00 00 00
  @5154 nz=6 b14=00 00 00 00 00 00 00 00 00 ff fe 00 00 00 00 00 00 00 00 00 00 00 00 00 00 ff fe 00 00 00 00 00 00 00 00 00 00 00 00 00 00 ff fe 00 00 00 00 00 00 00 00
  @5156 nz=6 b14=00 00 00 00 00 00 00 ff fe 00 00 00 00 00 00 00 00 00 00 00 00 00 00 ff fe 00 00 00 00 00 00 00 00 00 00 00 00 00 00 ff fe 00 00 00 00 00 00 00 00 00 00
  @5158 nz=6 b14=00 00 00 00 00 ff fe 00 00 00 00 00 00 00 00 00 00 00 00 00 00 ff fe 00 00 00 00 00 00 00 00 00 00 00 00 00 00 ff fe 00 00 00 00 00 00 00 00 00 00 00 00
  @5160 nz=6 b14=00 00 00 ff fe 00 00 00 00 00 00 00 00 00 00 00 00 00 00 ff fe 00 00 00 00 00 00 00 00 00 00 00 00 00 00 ff fe 00 00 00 00 00 00 00 00 00 00 00 00 00 00
  @5162 nz=8 b14=00 ff fe 00 00 00 00 00 00 00 00 00 00 00 00 00 00 ff fe 00 00 00 00 00 00 00 00 00 00 00 00 00 00 ff fe 00 00 00 00 00 00 00 00 00 00 00 00 00 00 ff fe
  @5164 nz=6 b14=ff 00 00 00 00 00 00 00 00 00 00 00 00 00 00 ff fe 00 00 00 00 00 00 00 00 00 00 00 00 00 00 ff fe 00 00 00 00 00 00 00 00 00 00 00 00 00 00 ff fe 00 00
  @5166 nz=6 b14=00 00 00 00 00 00 00 00 00 00 00 00 00 ff fe 00 00 00 00 00 00 00 00 00 00 00 00 00 00 ff fe 00 00 00 00 00 00 00 00 00 00 00 00 00 00 ff fe 00 00 00 00
  @5168 nz=6 b14=00 00 00 00 00 00 00 00 00 00 00 ff fe 00 00 00 00 00 00 00 00 00 00 00 00 00 00 ff fe 00 00 00 00 00 00 00 00 00 00 00 00 00 00 ff fe 00 00 00 00 00 00
  @5170 nz=6 b14=00 00 00 00 00 00 00 00 00 ff fe 00 00 00 00 00 00 00 00 00 00 00 00 00 00 ff fe 00 00 00 00 00 00 00 00 00 00 00 00 00 00 ff fe 00 00 00 00 00 00 00 00
  @5172 nz=6 b14=00 00 00 00 00 00 00 ff fe 00 00 00 00 00 00 00 00 00 00 00 00 00 00 ff fe 00 00 00 00 00 00 00 00 00 00 00 00 00 00 ff fe 00 00 00 00 00 00 00 00 00 00
  @5174 nz=6 b14=00 00 00 00 00 ff fe 00 00 00 00 00 00 00 00 00 00 00 00 00 00 ff fe 00 00 00 00 00 00 00 00 00 00 00 00 00 00 ff fe 00 00 00 00 00 00 00 00 00 00 00 00
  @5176 nz=6 b14=00 00 00 ff fe 00 00 00 00 00 00 00 00 00 00 00 00 00 00 ff fe 00 00 00 00 00 00 00 00 00 00 00 00 00 00 ff fe 00 00 00 00 00 00 00 00 00 00 00 00 00 00
  @5178 nz=8 b14=00 ff fe 00 00 00 00 00 00 00 00 00 00 00 00 00 00 ff fe 00 00 00 00 00 00 00 00 00 00 00 00 00 00 ff fe 00 00 00 00 00 00 00 00 00 00 00 00 00 00 ff fe
  @5180 nz=6 b14=ff 00 00 00 00 00 00 00 00 00 00 00 00 00 00 ff fe 00 00 00 00 00 00 00 00 00 00 00 00 00 00 ff fe 00 00 00 00 00 00 00 00 00 00 00 00 00 00 ff fe 00 00
  @5182 nz=6 b14=00 00 00 00 00 00 00 00 00 00 00 00 00 ff fe 00 00 00 00 00 00 00 00 00 00 00 00 00 00 ff fe 00 00 00 00 00 00 00 00 00 00 00 00 00 00 ff fe 00 00 00 00
  @5184 nz=6 b14=00 00 00 00 00 00 00 00 00 00 00 ff fe 00 00 00 00 00 00 00 00 00 00 00 00 00 00 ff fe 00 00 00 00 00 00 00 00 00 00 00 00 00 00 ff fe 00 00 00 00 00 00
  @5186 nz=6 b14=00 00 00 00 00 00 00 00 00 ff fe 00 00 00 00 00 00 00 00 00 00 00 00 00 00 ff fe 00 00 00 00 00 00 00 00 00 00 00 00 00 00 ff fe 00 00 00 00 00 00 00 00
  @5188 nz=6 b14=00 00 00 00 00 00 00 ff fe 00 00 00 00 00 00 00 00 00 00 00 00 00 00 ff fe 00 00 00 00 00 00 00 00 00 00 00 00 00 00 ff fe 00 00 00 00 00 00 00 00 00 00
  @5190 nz=6 b14=00 00 00 00 00 ff fe 00 00 00 00 00 00 00 00 00 00 00 00 00 00 ff fe 00 00 00 00 00 00 00 00 00 00 00 00 00 00 ff fe 00 00 00 00 00 00 00 00 00 00 00 00
  @5192 nz=6 b14=00 00 00 ff fe 00 00 00 00 00 00 00 00 00 00 00 00 00 00 ff fe 00 00 00 00 00 00 00 00 00 00 00 00 00 00 ff fe 00 00 00 00 00 00 00 00 00 00 00 00 00 00
  @5194 nz=8 b14=00 ff fe 00 00 00 00 00 00 00 00 00 00 00 00 00 00 ff fe 00 00 00 00 00 00 00 00 00 00 00 00 00 00 ff fe 00 00 00 00 00 00 00 00 00 00 00 00 00 00 ff fe
  @5196 nz=6 b14=ff 00 00 00 00 00 00 00 00 00 00 00 00 00 00 ff fe 00 00 00 00 00 00 00 00 00 00 00 00 00 00 ff fe 00 00 00 00 00 00 00 00 00 00 00 00 00 00 ff fe 00 00
  @5198 nz=6 b14=00 00 00 00 00 00 00 00 00 00 00 00 00 ff fe 00 00 00 00 00 00 00 00 00 00 00 00 00 00 ff fe 00 00 00 00 00 00 00 00 00 00 00 00 00 00 ff fe 00 00 00 00
  @5200 nz=6 b14=00 00 00 00 00 00 00 00 00 00 00 ff fe 00 00 00 00 00 00 00 00 00 00 00 00 00 00 ff fe 00 00 00 00 00 00 00 00 00 00 00 00 00 00 ff fe 00 00 00 00 00 00
  @5202 nz=6 b14=00 00 00 00 00 00 00 00 00 ff fe 00 00 00 00 00 00 00 00 00 00 00 00 00 00 ff fe 00 00 00 00 00 00 00 00 00 00 00 00 00 00 ff fe 00 00 00 00 00 00 00 00
  @5204 nz=6 b14=00 00 00 00 00 00 00 ff fe 00 00 00 00 00 00 00 00 00 00 00 00 00 00 ff fe 00 00 00 00 00 00 00 00 00 00 00 00 00 00 ff fe 00 00 00 00 00 00 00 00 00 00
  @5206 nz=6 b14=00 00 00 00 00 ff fe 00 00 00 00 00 00 00 00 00 00 00 00 00 00 ff fe 00 00 00 00 00 00 00 00 00 00 00 00 00 00 ff fe 00 00 00 00 00 00 00 00 00 00 00 00
  @5208 nz=6 b14=00 00 00 ff fe 00 00 00 00 00 00 00 00 00 00 00 00 00 00 ff fe 00 00 00 00 00 00 00 00 00 00 00 00 00 00 ff fe 00 00 00 00 00 00 00 00 00 00 00 00 00 00
  @5210 nz=8 b14=00 ff fe 00 00 00 00 00 00 00 00 00 00 00 00 00 00 ff fe 00 00 00 00 00 00 00 00 00 00 00 00 00 00 ff fe 00 00 00 00 00 00 00 00 00 00 00 00 00 00 ff fe
  @5212 nz=6 b14=ff 00 00 00 00 00 00 00 00 00 00 00 00 00 00 ff fe 00 00 00 00 00 00 00 00 00 00 00 00 00 00 ff fe 00 00 00 00 00 00 00 00 00 00 00 00 00 00 ff fe 00 00
  @5214 nz=6 b14=00 00 00 00 00 00 00 00 00 00 00 00 00 ff fe 00 00 00 00 00 00 00 00 00 00 00 00 00 00 ff fe 00 00 00 00 00 00 00 00 00 00 00 00 00 00 ff fe 00 00 00 00
  @5216 nz=6 b14=00 00 00 00 00 00 00 00 00 00 00 ff fe 00 00 00 00 00 00 00 00 00 00 00 00 00 00 ff fe 00 00 00 00 00 00 00 00 00 00 00 00 00 00 ff fe 00 00 00 00 00 00
  @5218 nz=6 b14=00 00 00 00 00 00 00 00 00 ff fe 00 00 00 00 00 00 00 00 00 00 00 00 00 00 ff fe 00 00 00 00 00 00 00 00 00 00 00 00 00 00 ff fe 00 00 00 00 00 00 00 00
  @5220 nz=6 b14=00 00 00 00 00 00 00 ff fe 00 00 00 00 00 00 00 00 00 00 00 00 00 00 ff fe 00 00 00 00 00 00 00 00 00 00 00 00 00 00 ff fe 00 00 00 00 00 00 00 00 00 00
  @5222 nz=6 b14=00 00 00 00 00 ff fe 00 00 00 00 00 00 00 00 00 00 00 00 00 00 ff fe 00 00 00 00 00 00 00 00 00 00 00 00 00 00 ff fe 00 00 00 00 00 00 00 00 00 00 00 00
  @5224 nz=6 b14=00 00 00 ff fe 00 00 00 00 00 00 00 00 00 00 00 00 00 00 ff fe 00 00 00 00 00 00 00 00 00 00 00 00 00 00 ff fe 00 00 00 00 00 00 00 00 00 00 00 00 00 00
  @5226 nz=8 b14=00 ff fe 00 00 00 00 00 00 00 00 00 00 00 00 00 00 ff fe 00 00 00 00 00 00 00 00 00 00 00 00 00 00 ff fe 00 00 00 00 00 00 00 00 00 00 00 00 00 00 ff fe
  @5228 nz=6 b14=ff 00 00 00 00 00 00 00 00 00 00 00 00 00 00 ff fe 00 00 00 00 00 00 00 00 00 00 00 00 00 00 ff fe 00 00 00 00 00 00 00 00 00 00 00 00 00 00 ff fe 00 00
  @5230 nz=6 b14=00 00 00 00 00 00 00 00 00 00 00 00 00 ff fe 00 00 00 00 00 00 00 00 00 00 00 00 00 00 ff fe 00 00 00 00 00 00 00 00 00 00 00 00 00 00 ff fe 00 00 00 00
  @5232 nz=6 b14=00 00 00 00 00 00 00 00 00 00 00 ff fe 00 00 00 00 00 00 00 00 00 00 00 00 00 00 ff fe 00 00 00 00 00 00 00 00 00 00 00 00 00 00 ff fe 00 00 00 00 00 00
  @5234 nz=6 b14=00 00 00 00 00 00 00 00 00 ff fe 00 00 00 00 00 00 00 00 00 00 00 00 00 00 ff fe 00 00 00 00 00 00 00 00 00 00 00 00 00 00 ff fe 00 00 00 00 00 00 00 00
  @5236 nz=6 b14=00 00 00 00 00 00 00 ff fe 00 00 00 00 00 00 00 00 00 00 00 00 00 00 ff fe 00 00 00 00 00 00 00 00 00 00 00 00 00 00 ff fe 00 00 00 00 00 00 00 00 00 00
  @5238 nz=6 b14=00 00 00 00 00 ff fe 00 00 00 00 00 00 00 00 00 00 00 00 00 00 ff fe 00 00 00 00 00 00 00 00 00 00 00 00 00 00 ff fe 00 00 00 00 00 00 00 00 00 00 00 00
  @5240 nz=6 b14=00 00 00 ff fe 00 00 00 00 00 00 00 00 00 00 00 00 00 00 ff fe 00 00 00 00 00 00 00 00 00 00 00 00 00 00 ff fe 00 00 00 00 00 00 00 00 00 00 00 00 00 00
  @5242 nz=8 b14=00 ff fe 00 00 00 00 00 00 00 00 00 00 00 00 00 00 ff fe 00 00 00 00 00 00 00 00 00 00 00 00 00 00 ff fe 00 00 00 00 00 00 00 00 00 00 00 00 00 00 ff fe
  @5244 nz=6 b14=ff 00 00 00 00 00 00 00 00 00 00 00 00 00 00 ff fe 00 00 00 00 00 00 00 00 00 00 00 00 00 00 ff fe 00 00 00 00 00 00 00 00 00 00 00 00 00 00 ff fe 00 00
  @5246 nz=6 b14=00 00 00 00 00 00 00 00 00 00 00 00 00 ff fe 00 00 00 00 00 00 00 00 00 00 00 00 00 00 ff fe 00 00 00 00 00 00 00 00 00 00 00 00 00 00 ff fe 00 00 00 00
  @5248 nz=6 b14=00 00 00 00 00 00 00 00 00 00 00 ff fe 00 00 00 00 00 00 00 00 00 00 00 00 00 00 ff fe 00 00 00 00 00 00 00 00 00 00 00 00 00 00 ff fe 00 00 00 00 00 00
  @5250 nz=6 b14=00 00 00 00 00 00 00 00 00 ff fe 00 00 00 00 00 00 00 00 00 00 00 00 00 00 ff fe 00 00 00 00 00 00 00 00 00 00 00 00 00 00 ff fe 00 00 00 00 00 00 00 00
  @5252 nz=6 b14=00 00 00 00 00 00 00 ff fe 00 00 00 00 00 00 00 00 00 00 00 00 00 00 ff fe 00 00 00 00 00 00 00 00 00 00 00 00 00 00 ff fe 00 00 00 00 00 00 00 00 00 00
  @5254 nz=6 b14=00 00 00 00 00 ff fe 00 00 00 00 00 00 00 00 00 00 00 00 00 00 ff fe 00 00 00 00 00 00 00 00 00 00 00 00 00 00 ff fe 00 00 00 00 00 00 00 00 00 00 00 00
  @5256 nz=6 b14=00 00 00 ff fe 00 00 00 00 00 00 00 00 00 00 00 00 00 00 ff fe 00 00 00 00 00 00 00 00 00 00 00 00 00 00 ff fe 00 00 00 00 00 00 00 00 00 00 00 00 00 00
  @5258 nz=8 b14=00 ff fe 00 00 00 00 00 00 00 00 00 00 00 00 00 00 ff fe 00 00 00 00 00 00 00 00 00 00 00 00 00 00 ff fe 00 00 00 00 00 00 00 00 00 00 00 00 00 00 ff fe
  @5260 nz=6 b14=ff 00 00 00 00 00 00 00 00 00 00 00 00 00 00 ff fe 00 00 00 00 00 00 00 00 00 00 00 00 00 00 ff fe 00 00 00 00 00 00 00 00 00 00 00 00 00 00 ff fe 00 00
  @5262 nz=6 b14=00 00 00 00 00 00 00 00 00 00 00 00 00 ff fe 00 00 00 00 00 00 00 00 00 00 00 00 00 00 ff fe 00 00 00 00 00 00 00 00 00 00 00 00 00 00 ff fe 00 00 00 00
  @5264 nz=6 b14=00 00 00 00 00 00 00 00 00 00 00 ff fe 00 00 00 00 00 00 00 00 00 00 00 00 00 00 ff fe 00 00 00 00 00 00 00 00 00 00 00 00 00 00 ff fe 00 00 00 00 00 00
  @5266 nz=6 b14=00 00 00 00 00 00 00 00 00 ff fe 00 00 00 00 00 00 00 00 00 00 00 00 00 00 ff fe 00 00 00 00 00 00 00 00 00 00 00 00 00 00 ff fe 00 00 00 00 00 00 00 00
  @5268 nz=6 b14=00 00 00 00 00 00 00 ff fe 00 00 00 00 00 00 00 00 00 00 00 00 00 00 ff fe 00 00 00 00 00 00 00 00 00 00 00 00 00 00 ff fe 00 00 00 00 00 00 00 00 00 00
  @5270 nz=6 b14=00 00 00 00 00 ff fe 00 00 00 00 00 00 00 00 00 00 00 00 00 00 ff fe 00 00 00 00 00 00 00 00 00 00 00 00 00 00 ff fe 00 00 00 00 00 00 00 00 00 00 00 00
  @5272 nz=6 b14=00 00 00 ff fe 00 00 00 00 00 00 00 00 00 00 00 00 00 00 ff fe 00 00 00 00 00 00 00 00 00 00 00 00 00 00 ff fe 00 00 00 00 00 00 00 00 00 00 00 00 00 00
  @5274 nz=8 b14=00 ff fe 00 00 00 00 00 00 00 00 00 00 00 00 00 00 ff fe 00 00 00 00 00 00 00 00 00 00 00 00 00 00 ff fe 00 00 00 00 00 00 00 00 00 00 00 00 00 00 ff fe
  @5276 nz=6 b14=ff 00 00 00 00 00 00 00 00 00 00 00 00 00 00 ff fe 00 00 00 00 00 00 00 00 00 00 00 00 00 00 ff fe 00 00 00 00 00 00 00 00 00 00 00 00 00 00 ff fe 00 00
  @5278 nz=6 b14=00 00 00 00 00 00 00 00 00 00 00 00 00 ff fe 00 00 00 00 00 00 00 00 00 00 00 00 00 00 ff fe 00 00 00 00 00 00 00 00 00 00 00 00 00 00 ff fe 00 00 00 00
  @5280 nz=6 b14=00 00 00 00 00 00 00 00 00 00 00 ff fe 00 00 00 00 00 00 00 00 00 00 00 00 00 00 ff fe 00 00 00 00 00 00 00 00 00 00 00 00 00 00 ff fe 00 00 00 00 00 00
  @5282 nz=6 b14=00 00 00 00 00 00 00 00 00 ff fe 00 00 00 00 00 00 00 00 00 00 00 00 00 00 ff fe 00 00 00 00 00 00 00 00 00 00 00 00 00 00 ff fe 00 00 00 00 00 00 00 00
  @5284 nz=6 b14=00 00 00 00 00 00 00 ff fe 00 00 00 00 00 00 00 00 00 00 00 00 00 00 ff fe 00 00 00 00 00 00 00 00 00 00 00 00 00 00 ff fe 00 00 00 00 00 00 00 00 00 00
  @5286 nz=6 b14=00 00 00 00 00 ff fe 00 00 00 00 00 00 00 00 00 00 00 00 00 00 ff fe 00 00 00 00 00 00 00 00 00 00 00 00 00 00 ff fe 00 00 00 00 00 00 00 00 00 00 00 00
  @5288 nz=6 b14=00 00 00 ff fe 00 00 00 00 00 00 00 00 00 00 00 00 00 00 ff fe 00 00 00 00 00 00 00 00 00 00 00 00 00 00 ff fe 00 00 00 00 00 00 00 00 00 00 00 00 00 00
  @5290 nz=8 b14=00 ff fe 00 00 00 00 00 00 00 00 00 00 00 00 00 00 ff fe 00 00 00 00 00 00 00 00 00 00 00 00 00 00 ff fe 00 00 00 00 00 00 00 00 00 00 00 00 00 00 ff fe
  @5292 nz=6 b14=ff 00 00 00 00 00 00 00 00 00 00 00 00 00 00 ff fe 00 00 00 00 00 00 00 00 00 00 00 00 00 00 ff fe 00 00 00 00 00 00 00 00 00 00 00 00 00 00 ff fe 00 00
  @5294 nz=6 b14=00 00 00 00 00 00 00 00 00 00 00 00 00 ff fe 00 00 00 00 00 00 00 00 00 00 00 00 00 00 ff fe 00 00 00 00 00 00 00 00 00 00 00 00 00 00 ff fe 00 00 00 00
  @5296 nz=6 b14=00 00 00 00 00 00 00 00 00 00 00 ff fe 00 00 00 00 00 00 00 00 00 00 00 00 00 00 ff fe 00 00 00 00 00 00 00 00 00 00 00 00 00 00 ff fe 00 00 00 00 00 00
  @5298 nz=6 b14=00 00 00 00 00 00 00 00 00 ff fe 00 00 00 00 00 00 00 00 00 00 00 00 00 00 ff fe 00 00 00 00 00 00 00 00 00 00 00 00 00 00 ff fe 00 00 00 00 00 00 00 00
  @5300 nz=6 b14=00 00 00 00 00 00 00 ff fe 00 00 00 00 00 00 00 00 00 00 00 00 00 00 ff fe 00 00 00 00 00 00 00 00 00 00 00 00 00 00 ff fe 00 00 00 00 00 00 00 00 00 00
  @5302 nz=6 b14=00 00 00 00 00 ff fe 00 00 00 00 00 00 00 00 00 00 00 00 00 00 ff fe 00 00 00 00 00 00 00 00 00 00 00 00 00 00 ff fe 00 00 00 00 00 00 00 00 00 00 00 00
  @5304 nz=6 b14=00 00 00 ff fe 00 00 00 00 00 00 00 00 00 00 00 00 00 00 ff fe 00 00 00 00 00 00 00 00 00 00 00 00 00 00 ff fe 00 00 00 00 00 00 00 00 00 00 00 00 00 00
  @5306 nz=8 b14=00 ff fe 00 00 00 00 00 00 00 00 00 00 00 00 00 00 ff fe 00 00 00 00 00 00 00 00 00 00 00 00 00 00 ff fe 00 00 00 00 00 00 00 00 00 00 00 00 00 00 ff fe
  @5308 nz=6 b14=ff 00 00 00 00 00 00 00 00 00 00 00 00 00 00 ff fe 00 00 00 00 00 00 00 00 00 00 00 00 00 00 ff fe 00 00 00 00 00 00 00 00 00 00 00 00 00 00 ff fe 00 00
  @5310 nz=6 b14=00 00 00 00 00 00 00 00 00 00 00 00 00 ff fe 00 00 00 00 00 00 00 00 00 00 00 00 00 00 ff fe 00 00 00 00 00 00 00 00 00 00 00 00 00 00 ff fe 00 00 00 00
  @5312 nz=6 b14=00 00 00 00 00 00 00 00 00 00 00 ff fe 00 00 00 00 00 00 00 00 00 00 00 00 00 00 ff fe 00 00 00 00 00 00 00 00 00 00 00 00 00 00 ff fe 00 00 00 00 00 00
  @5314 nz=6 b14=00 00 00 00 00 00 00 00 00 ff fe 00 00 00 00 00 00 00 00 00 00 00 00 00 00 ff fe 00 00 00 00 00 00 00 00 00 00 00 00 00 00 ff fe 00 00 00 00 00 00 00 00
  @5316 nz=6 b14=00 00 00 00 00 00 00 ff fe 00 00 00 00 00 00 00 00 00 00 00 00 00 00 ff fe 00 00 00 00 00 00 00 00 00 00 00 00 00 00 ff fe 00 00 00 00 00 00 00 00 00 00
  @5318 nz=6 b14=00 00 00 00 00 ff fe 00 00 00 00 00 00 00 00 00 00 00 00 00 00 ff fe 00 00 00 00 00 00 00 00 00 00 00 00 00 00 ff fe 00 00 00 00 00 00 00 00 00 00 00 00
  @5320 nz=6 b14=00 00 00 ff fe 00 00 00 00 00 00 00 00 00 00 00 00 00 00 ff fe 00 00 00 00 00 00 00 00 00 00 00 00 00 00 ff fe 00 00 00 00 00 00 00 00 00 00 00 00 00 00
  @5322 nz=8 b14=00 ff fe 00 00 00 00 00 00 00 00 00 00 00 00 00 00 ff fe 00 00 00 00 00 00 00 00 00 00 00 00 00 00 ff fe 00 00 00 00 00 00 00 00 00 00 00 00 00 00 ff fe
  @5324 nz=6 b14=ff 00 00 00 00 00 00 00 00 00 00 00 00 00 00 ff fe 00 00 00 00 00 00 00 00 00 00 00 00 00 00 ff fe 00 00 00 00 00 00 00 00 00 00 00 00 00 00 ff fe 00 00
  @5326 nz=6 b14=00 00 00 00 00 00 00 00 00 00 00 00 00 ff fe 00 00 00 00 00 00 00 00 00 00 00 00 00 00 ff fe 00 00 00 00 00 00 00 00 00 00 00 00 00 00 ff fe 00 00 00 00
  @5328 nz=6 b14=00 00 00 00 00 00 00 00 00 00 00 ff fe 00 00 00 00 00 00 00 00 00 00 00 00 00 00 ff fe 00 00 00 00 00 00 00 00 00 00 00 00 00 00 ff fe 00 00 00 00 00 00
  @5330 nz=6 b14=00 00 00 00 00 00 00 00 00 ff fe 00 00 00 00 00 00 00 00 00 00 00 00 00 00 ff fe 00 00 00 00 00 00 00 00 00 00 00 00 00 00 ff fe 00 00 00 00 00 00 00 00
  @5332 nz=6 b14=00 00 00 00 00 00 00 ff fe 00 00 00 00 00 00 00 00 00 00 00 00 00 00 ff fe 00 00 00 00 00 00 00 00 00 00 00 00 00 00 ff fe 00 00 00 00 00 00 00 00 00 00
  @5334 nz=6 b14=00 00 00 00 00 ff fe 00 00 00 00 00 00 00 00 00 00 00 00 00 00 ff fe 00 00 00 00 00 00 00 00 00 00 00 00 00 00 ff fe 00 00 00 00 00 00 00 00 00 00 00 00
  @5336 nz=6 b14=00 00 00 ff fe 00 00 00 00 00 00 00 00 00 00 00 00 00 00 ff fe 00 00 00 00 00 00 00 00 00 00 00 00 00 00 ff fe 00 00 00 00 00 00 00 00 00 00 00 00 00 00
  @5338 nz=8 b14=00 ff fe 00 00 00 00 00 00 00 00 00 00 00 00 00 00 ff fe 00 00 00 00 00 00 00 00 00 00 00 00 00 00 ff fe 00 00 00 00 00 00 00 00 00 00 00 00 00 00 ff fe
  @5340 nz=6 b14=ff 00 00 00 00 00 00 00 00 00 00 00 00 00 00 ff fe 00 00 00 00 00 00 00 00 00 00 00 00 00 00 ff fe 00 00 00 00 00 00 00 00 00 00 00 00 00 00 ff fe 00 00
  @5342 nz=6 b14=00 00 00 00 00 00 00 00 00 00 00 00 00 ff fe 00 00 00 00 00 00 00 00 00 00 00 00 00 00 ff fe 00 00 00 00 00 00 00 00 00 00 00 00 00 00 ff fe 00 00 00 00
  @5344 nz=6 b14=00 00 00 00 00 00 00 00 00 00 00 ff fe 00 00 00 00 00 00 00 00 00 00 00 00 00 00 ff fe 00 00 00 00 00 00 00 00 00 00 00 00 00 00 ff fe 00 00 00 00 00 00
  @5346 nz=6 b14=00 00 00 00 00 00 00 00 00 ff fe 00 00 00 00 00 00 00 00 00 00 00 00 00 00 ff fe 00 00 00 00 00 00 00 00 00 00 00 00 00 00 ff fe 00 00 00 00 00 00 00 00
  @5348 nz=6 b14=00 00 00 00 00 00 00 ff fe 00 00 00 00 00 00 00 00 00 00 00 00 00 00 ff fe 00 00 00 00 00 00 00 00 00 00 00 00 00 00 ff fe 00 00 00 00 00 00 00 00 00 00
  @5350 nz=6 b14=00 00 00 00 00 ff fe 00 00 00 00 00 00 00 00 00 00 00 00 00 00 ff fe 00 00 00 00 00 00 00 00 00 00 00 00 00 00 ff fe 00 00 00 00 00 00 00 00 00 00 00 00
  @5352 nz=6 b14=00 00 00 ff fe 00 00 00 00 00 00 00 00 00 00 00 00 00 00 ff fe 00 00 00 00 00 00 00 00 00 00 00 00 00 00 ff fe 00 00 00 00 00 00 00 00 00 00 00 00 00 00
  @5354 nz=8 b14=00 ff fe 00 00 00 00 00 00 00 00 00 00 00 00 00 00 ff fe 00 00 00 00 00 00 00 00 00 00 00 00 00 00 ff fe 00 00 00 00 00 00 00 00 00 00 00 00 00 00 ff fe
  @5356 nz=6 b14=ff 00 00 00 00 00 00 00 00 00 00 00 00 00 00 ff fe 00 00 00 00 00 00 00 00 00 00 00 00 00 00 ff fe 00 00 00 00 00 00 00 00 00 00 00 00 00 00 ff fe 00 00
  @5358 nz=6 b14=00 00 00 00 00 00 00 00 00 00 00 00 00 ff fe 00 00 00 00 00 00 00 00 00 00 00 00 00 00 ff fe 00 00 00 00 00 00 00 00 00 00 00 00 00 00 ff fe 00 00 00 00
  @5360 nz=6 b14=00 00 00 00 00 00 00 00 00 00 00 ff fe 00 00 00 00 00 00 00 00 00 00 00 00 00 00 ff fe 00 00 00 00 00 00 00 00 00 00 00 00 00 00 ff fe 00 00 00 00 00 00
  @5362 nz=6 b14=00 00 00 00 00 00 00 00 00 ff fe 00 00 00 00 00 00 00 00 00 00 00 00 00 00 ff fe 00 00 00 00 00 00 00 00 00 00 00 00 00 00 ff fe 00 00 00 00 00 00 00 00
  @5364 nz=6 b14=00 00 00 00 00 00 00 ff fe 00 00 00 00 00 00 00 00 00 00 00 00 00 00 ff fe 00 00 00 00 00 00 00 00 00 00 00 00 00 00 ff fe 00 00 00 00 00 00 00 00 00 00
  @5366 nz=6 b14=00 00 00 00 00 ff fe 00 00 00 00 00 00 00 00 00 00 00 00 00 00 ff fe 00 00 00 00 00 00 00 00 00 00 00 00 00 00 ff fe 00 00 00 00 00 00 00 00 00 00 00 00
  @5368 nz=6 b14=00 00 00 ff fe 00 00 00 00 00 00 00 00 00 00 00 00 00 00 ff fe 00 00 00 00 00 00 00 00 00 00 00 00 00 00 ff fe 00 00 00 00 00 00 00 00 00 00 00 00 00 00
  @5370 nz=8 b14=00 ff fe 00 00 00 00 00 00 00 00 00 00 00 00 00 00 ff fe 00 00 00 00 00 00 00 00 00 00 00 00 00 00 ff fe 00 00 00 00 00 00 00 00 00 00 00 00 00 00 ff fe
  @5372 nz=6 b14=ff 00 00 00 00 00 00 00 00 00 00 00 00 00 00 ff fe 00 00 00 00 00 00 00 00 00 00 00 00 00 00 ff fe 00 00 00 00 00 00 00 00 00 00 00 00 00 00 ff fe 00 00
  @5374 nz=6 b14=00 00 00 00 00 00 00 00 00 00 00 00 00 ff fe 00 00 00 00 00 00 00 00 00 00 00 00 00 00 ff fe 00 00 00 00 00 00 00 00 00 00 00 00 00 00 ff fe 00 00 00 00
  @5376 nz=6 b14=00 00 00 00 00 00 00 00 00 00 00 ff fe 00 00 00 00 00 00 00 00 00 00 00 00 00 00 ff fe 00 00 00 00 00 00 00 00 00 00 00 00 00 00 ff fe 00 00 00 00 00 00
  @5378 nz=6 b14=00 00 00 00 00 00 00 00 00 ff fe 00 00 00 00 00 00 00 00 00 00 00 00 00 00 ff fe 00 00 00 00 00 00 00 00 00 00 00 00 00 00 ff fe 00 00 00 00 00 00 00 00
  @5380 nz=6 b14=00 00 00 00 00 00 00 ff fe 00 00 00 00 00 00 00 00 00 00 00 00 00 00 ff fe 00 00 00 00 00 00 00 00 00 00 00 00 00 00 ff fe 00 00 00 00 00 00 00 00 00 00
  @5382 nz=6 b14=00 00 00 00 00 ff fe 00 00 00 00 00 00 00 00 00 00 00 00 00 00 ff fe 00 00 00 00 00 00 00 00 00 00 00 00 00 00 ff fe 00 00 00 00 00 00 00 00 00 00 00 00
  @5384 nz=6 b14=00 00 00 ff fe 00 00 00 00 00 00 00 00 00 00 00 00 00 00 ff fe 00 00 00 00 00 00 00 00 00 00 00 00 00 00 ff fe 00 00 00 00 00 00 00 00 00 00 00 00 00 00
  @5386 nz=8 b14=00 ff fe 00 00 00 00 00 00 00 00 00 00 00 00 00 00 ff fe 00 00 00 00 00 00 00 00 00 00 00 00 00 00 ff fe 00 00 00 00 00 00 00 00 00 00 00 00 00 00 ff fe
  @5388 nz=6 b14=ff 00 00 00 00 00 00 00 00 00 00 00 00 00 00 ff fe 00 00 00 00 00 00 00 00 00 00 00 00 00 00 ff fe 00 00 00 00 00 00 00 00 00 00 00 00 00 00 ff fe 00 00
  @5390 nz=6 b14=00 00 00 00 00 00 00 00 00 00 00 00 00 ff fe 00 00 00 00 00 00 00 00 00 00 00 00 00 00 ff fe 00 00 00 00 00 00 00 00 00 00 00 00 00 00 ff fe 00 00 00 00
  @5392 nz=6 b14=00 00 00 00 00 00 00 00 00 00 00 ff fe 00 00 00 00 00 00 00 00 00 00 00 00 00 00 ff fe 00 00 00 00 00 00 00 00 00 00 00 00 00 00 ff fe 00 00 00 00 00 00
  @5394 nz=6 b14=00 00 00 00 00 00 00 00 00 ff fe 00 00 00 00 00 00 00 00 00 00 00 00 00 00 ff fe 00 00 00 00 00 00 00 00 00 00 00 00 00 00 ff fe 00 00 00 00 00 00 00 00
  @5396 nz=6 b14=00 00 00 00 00 00 00 ff fe 00 00 00 00 00 00 00 00 00 00 00 00 00 00 ff fe 00 00 00 00 00 00 00 00 00 00 00 00 00 00 ff fe 00 00 00 00 00 00 00 00 00 00
  @5398 nz=6 b14=00 00 00 00 00 ff fe 00 00 00 00 00 00 00 00 00 00 00 00 00 00 ff fe 00 00 00 00 00 00 00 00 00 00 00 00 00 00 ff fe 00 00 00 00 00 00 00 00 00 00 00 00
  @5400 nz=6 b14=00 00 00 ff fe 00 00 00 00 00 00 00 00 00 00 00 00 00 00 ff fe 00 00 00 00 00 00 00 00 00 00 00 00 00 00 ff fe 00 00 00 00 00 00 00 00 00 00 00 00 00 00
  @5402 nz=8 b14=00 ff fe 00 00 00 00 00 00 00 00 00 00 00 00 00 00 ff fe 00 00 00 00 00 00 00 00 00 00 00 00 00 00 ff fe 00 00 00 00 00 00 00 00 00 00 00 00 00 00 ff fe
  @5404 nz=6 b14=ff 00 00 00 00 00 00 00 00 00 00 00 00 00 00 ff fe 00 00 00 00 00 00 00 00 00 00 00 00 00 00 ff fe 00 00 00 00 00 00 00 00 00 00 00 00 00 00 ff fe 00 00
  @5406 nz=6 b14=00 00 00 00 00 00 00 00 00 00 00 00 00 ff fe 00 00 00 00 00 00 00 00 00 00 00 00 00 00 ff fe 00 00 00 00 00 00 00 00 00 00 00 00 00 00 ff fe 00 00 00 00
  @5408 nz=6 b14=00 00 00 00 00 00 00 00 00 00 00 ff fe 00 00 00 00 00 00 00 00 00 00 00 00 00 00 ff fe 00 00 00 00 00 00 00 00 00 00 00 00 00 00 ff fe 00 00 00 00 00 00
  @5410 nz=6 b14=00 00 00 00 00 00 00 00 00 ff fe 00 00 00 00 00 00 00 00 00 00 00 00 00 00 ff fe 00 00 00 00 00 00 00 00 00 00 00 00 00 00 ff fe 00 00 00 00 00 00 00 00
  @5412 nz=6 b14=00 00 00 00 00 00 00 ff fe 00 00 00 00 00 00 00 00 00 00 00 00 00 00 ff fe 00 00 00 00 00 00 00 00 00 00 00 00 00 00 ff fe 00 00 00 00 00 00 00 00 00 00
  @5414 nz=6 b14=00 00 00 00 00 ff fe 00 00 00 00 00 00 00 00 00 00 00 00 00 00 ff fe 00 00 00 00 00 00 00 00 00 00 00 00 00 00 ff fe 00 00 00 00 00 00 00 00 00 00 00 00
  @5416 nz=6 b14=00 00 00 ff fe 00 00 00 00 00 00 00 00 00 00 00 00 00 00 ff fe 00 00 00 00 00 00 00 00 00 00 00 00 00 00 ff fe 00 00 00 00 00 00 00 00 00 00 00 00 00 00
  @5418 nz=8 b14=00 ff fe 00 00 00 00 00 00 00 00 00 00 00 00 00 00 ff fe 00 00 00 00 00 00 00 00 00 00 00 00 00 00 ff fe 00 00 00 00 00 00 00 00 00 00 00 00 00 00 ff fe
  @5420 nz=6 b14=ff 00 00 00 00 00 00 00 00 00 00 00 00 00 00 ff fe 00 00 00 00 00 00 00 00 00 00 00 00 00 00 ff fe 00 00 00 00 00 00 00 00 00 00 00 00 00 00 ff fe 00 00
  @5422 nz=6 b14=00 00 00 00 00 00 00 00 00 00 00 00 00 ff fe 00 00 00 00 00 00 00 00 00 00 00 00 00 00 ff fe 00 00 00 00 00 00 00 00 00 00 00 00 00 00 ff fe 00 00 00 00
  @5424 nz=6 b14=00 00 00 00 00 00 00 00 00 00 00 ff fe 00 00 00 00 00 00 00 00 00 00 00 00 00 00 ff fe 00 00 00 00 00 00 00 00 00 00 00 00 00 00 ff fe 00 00 00 00 00 00
  @5426 nz=6 b14=00 00 00 00 00 00 00 00 00 ff fe 00 00 00 00 00 00 00 00 00 00 00 00 00 00 ff fe 00 00 00 00 00 00 00 00 00 00 00 00 00 00 ff fe 00 00 00 00 00 00 00 00
  @5428 nz=6 b14=00 00 00 00 00 00 00 ff fe 00 00 00 00 00 00 00 00 00 00 00 00 00 00 ff fe 00 00 00 00 00 00 00 00 00 00 00 00 00 00 ff fe 00 00 00 00 00 00 00 00 00 00
  @5430 nz=6 b14=00 00 00 00 00 ff fe 00 00 00 00 00 00 00 00 00 00 00 00 00 00 ff fe 00 00 00 00 00 00 00 00 00 00 00 00 00 00 ff fe 00 00 00 00 00 00 00 00 00 00 00 00
  @5432 nz=6 b14=00 00 00 ff fe 00 00 00 00 00 00 00 00 00 00 00 00 00 00 ff fe 00 00 00 00 00 00 00 00 00 00 00 00 00 00 ff fe 00 00 00 00 00 00 00 00 00 00 00 00 00 00
  @5434 nz=8 b14=00 ff fe 00 00 00 00 00 00 00 00 00 00 00 00 00 00 ff fe 00 00 00 00 00 00 00 00 00 00 00 00 00 00 ff fe 00 00 00 00 00 00 00 00 00 00 00 00 00 00 ff fe
  @5436 nz=6 b14=ff 00 00 00 00 00 00 00 00 00 00 00 00 00 00 ff fe 00 00 00 00 00 00 00 00 00 00 00 00 00 00 ff fe 00 00 00 00 00 00 00 00 00 00 00 00 00 00 ff fe 00 00
  @5438 nz=6 b14=00 00 00 00 00 00 00 00 00 00 00 00 00 ff fe 00 00 00 00 00 00 00 00 00 00 00 00 00 00 ff fe 00 00 00 00 00 00 00 00 00 00 00 00 00 00 ff fe 00 00 00 00
  @5440 nz=6 b14=00 00 00 00 00 00 00 00 00 00 00 ff fe 00 00 00 00 00 00 00 00 00 00 00 00 00 00 ff fe 00 00 00 00 00 00 00 00 00 00 00 00 00 00 ff fe 00 00 00 00 00 00
  @5442 nz=6 b14=00 00 00 00 00 00 00 00 00 ff fe 00 00 00 00 00 00 00 00 00 00 00 00 00 00 ff fe 00 00 00 00 00 00 00 00 00 00 00 00 00 00 ff fe 00 00 00 00 00 00 00 00
  @5444 nz=6 b14=00 00 00 00 00 00 00 ff fe 00 00 00 00 00 00 00 00 00 00 00 00 00 00 ff fe 00 00 00 00 00 00 00 00 00 00 00 00 00 00 ff fe 00 00 00 00 00 00 00 00 00 00
  @5446 nz=6 b14=00 00 00 00 00 ff fe 00 00 00 00 00 00 00 00 00 00 00 00 00 00 ff fe 00 00 00 00 00 00 00 00 00 00 00 00 00 00 ff fe 00 00 00 00 00 00 00 00 00 00 00 00
  @5448 nz=6 b14=00 00 00 ff fe 00 00 00 00 00 00 00 00 00 00 00 00 00 00 ff fe 00 00 00 00 00 00 00 00 00 00 00 00 00 00 ff fe 00 00 00 00 00 00 00 00 00 00 00 00 00 00
  @5450 nz=8 b14=00 ff fe 00 00 00 00 00 00 00 00 00 00 00 00 00 00 ff fe 00 00 00 00 00 00 00 00 00 00 00 00 00 00 ff fe 00 00 00 00 00 00 00 00 00 00 00 00 00 00 ff fe
  @5452 nz=6 b14=ff 00 00 00 00 00 00 00 00 00 00 00 00 00 00 ff fe 00 00 00 00 00 00 00 00 00 00 00 00 00 00 ff fe 00 00 00 00 00 00 00 00 00 00 00 00 00 00 ff fe 00 00
  @5454 nz=6 b14=00 00 00 00 00 00 00 00 00 00 00 00 00 ff fe 00 00 00 00 00 00 00 00 00 00 00 00 00 00 ff fe 00 00 00 00 00 00 00 00 00 00 00 00 00 00 ff fe 00 00 00 00
  @5456 nz=6 b14=00 00 00 00 00 00 00 00 00 00 00 ff fe 00 00 00 00 00 00 00 00 00 00 00 00 00 00 ff fe 00 00 00 00 00 00 00 00 00 00 00 00 00 00 ff fe 00 00 00 00 00 00
  @5458 nz=6 b14=00 00 00 00 00 00 00 00 00 ff fe 00 00 00 00 00 00 00 00 00 00 00 00 00 00 ff fe 00 00 00 00 00 00 00 00 00 00 00 00 00 00 ff fe 00 00 00 00 00 00 00 00
  @5460 nz=6 b14=00 00 00 00 00 00 00 ff fe 00 00 00 00 00 00 00 00 00 00 00 00 00 00 ff fe 00 00 00 00 00 00 00 00 00 00 00 00 00 00 ff fe 00 00 00 00 00 00 00 00 00 00
  @5462 nz=6 b14=00 00 00 00 00 ff fe 00 00 00 00 00 00 00 00 00 00 00 00 00 00 ff fe 00 00 00 00 00 00 00 00 00 00 00 00 00 00 ff fe 00 00 00 00 00 00 00 00 00 00 00 00
  @5464 nz=6 b14=00 00 00 ff fe 00 00 00 00 00 00 00 00 00 00 00 00 00 00 ff fe 00 00 00 00 00 00 00 00 00 00 00 00 00 00 ff fe 00 00 00 00 00 00 00 00 00 00 00 00 00 00
  @5466 nz=8 b14=00 ff fe 00 00 00 00 00 00 00 00 00 00 00 00 00 00 ff fe 00 00 00 00 00 00 00 00 00 00 00 00 00 00 ff fe 00 00 00 00 00 00 00 00 00 00 00 00 00 00 ff fe
  @5468 nz=6 b14=ff 00 00 00 00 00 00 00 00 00 00 00 00 00 00 ff fe 00 00 00 00 00 00 00 00 00 00 00 00 00 00 ff fe 00 00 00 00 00 00 00 00 00 00 00 00 00 00 ff fe 00 00
  @5470 nz=6 b14=00 00 00 00 00 00 00 00 00 00 00 00 00 ff fe 00 00 00 00 00 00 00 00 00 00 00 00 00 00 ff fe 00 00 00 00 00 00 00 00 00 00 00 00 00 00 ff fe 00 00 00 00
  @5472 nz=6 b14=00 00 00 00 00 00 00 00 00 00 00 ff fe 00 00 00 00 00 00 00 00 00 00 00 00 00 00 ff fe 00 00 00 00 00 00 00 00 00 00 00 00 00 00 ff fe 00 00 00 00 00 00
  @5474 nz=6 b14=00 00 00 00 00 00 00 00 00 ff fe 00 00 00 00 00 00 00 00 00 00 00 00 00 00 ff fe 00 00 00 00 00 00 00 00 00 00 00 00 00 00 ff fe 00 00 00 00 00 00 00 00
  @5476 nz=6 b14=00 00 00 00 00 00 00 ff fe 00 00 00 00 00 00 00 00 00 00 00 00 00 00 ff fe 00 00 00 00 00 00 00 00 00 00 00 00 00 00 ff fe 00 00 00 00 00 00 00 00 00 00
  @5478 nz=6 b14=00 00 00 00 00 ff fe 00 00 00 00 00 00 00 00 00 00 00 00 00 00 ff fe 00 00 00 00 00 00 00 00 00 00 00 00 00 00 ff fe 00 00 00 00 00 00 00 00 00 00 00 00
  @5480 nz=6 b14=00 00 00 ff fe 00 00 00 00 00 00 00 00 00 00 00 00 00 00 ff fe 00 00 00 00 00 00 00 00 00 00 00 00 00 00 ff fe 00 00 00 00 00 00 00 00 00 00 00 00 00 00
  @5482 nz=8 b14=00 ff fe 00 00 00 00 00 00 00 00 00 00 00 00 00 00 ff fe 00 00 00 00 00 00 00 00 00 00 00 00 00 00 ff fe 00 00 00 00 00 00 00 00 00 00 00 00 00 00 ff fe
  @5484 nz=6 b14=ff 00 00 00 00 00 00 00 00 00 00 00 00 00 00 ff fe 00 00 00 00 00 00 00 00 00 00 00 00 00 00 ff fe 00 00 00 00 00 00 00 00 00 00 00 00 00 00 ff fe 00 00
  @5486 nz=6 b14=00 00 00 00 00 00 00 00 00 00 00 00 00 ff fe 00 00 00 00 00 00 00 00 00 00 00 00 00 00 ff fe 00 00 00 00 00 00 00 00 00 00 00 00 00 00 ff fe 00 00 00 00
  @5488 nz=6 b14=00 00 00 00 00 00 00 00 00 00 00 ff fe 00 00 00 00 00 00 00 00 00 00 00 00 00 00 ff fe 00 00 00 00 00 00 00 00 00 00 00 00 00 00 ff fe 00 00 00 00 00 00
  @5490 nz=6 b14=00 00 00 00 00 00 00 00 00 ff fe 00 00 00 00 00 00 00 00 00 00 00 00 00 00 ff fe 00 00 00 00 00 00 00 00 00 00 00 00 00 00 ff fe 00 00 00 00 00 00 00 00
  @5492 nz=6 b14=00 00 00 00 00 00 00 ff fe 00 00 00 00 00 00 00 00 00 00 00 00 00 00 ff fe 00 00 00 00 00 00 00 00 00 00 00 00 00 00 ff fe 00 00 00 00 00 00 00 00 00 00
  @5494 nz=6 b14=00 00 00 00 00 ff fe 00 00 00 00 00 00 00 00 00 00 00 00 00 00 ff fe 00 00 00 00 00 00 00 00 00 00 00 00 00 00 ff fe 00 00 00 00 00 00 00 00 00 00 00 00
  @5496 nz=6 b14=00 00 00 ff fe 00 00 00 00 00 00 00 00 00 00 00 00 00 00 ff fe 00 00 00 00 00 00 00 00 00 00 00 00 00 00 ff fe 00 00 00 00 00 00 00 00 00 00 00 00 00 00
  @5498 nz=8 b14=00 ff fe 00 00 00 00 00 00 00 00 00 00 00 00 00 00 ff fe 00 00 00 00 00 00 00 00 00 00 00 00 00 00 ff fe 00 00 00 00 00 00 00 00 00 00 00 00 00 00 ff fe
  @5500 nz=6 b14=ff 00 00 00 00 00 00 00 00 00 00 00 00 00 00 ff fe 00 00 00 00 00 00 00 00 00 00 00 00 00 00 ff fe 00 00 00 00 00 00 00 00 00 00 00 00 00 00 ff fe 00 00
  @5502 nz=6 b14=00 00 00 00 00 00 00 00 00 00 00 00 00 ff fe 00 00 00 00 00 00 00 00 00 00 00 00 00 00 ff fe 00 00 00 00 00 00 00 00 00 00 00 00 00 00 ff fe 00 00 00 00
  @5504 nz=6 b14=00 00 00 00 00 00 00 00 00 00 00 ff fe 00 00 00 00 00 00 00 00 00 00 00 00 00 00 ff fe 00 00 00 00 00 00 00 00 00 00 00 00 00 00 ff fe 00 00 00 00 00 00
  @5506 nz=6 b14=00 00 00 00 00 00 00 00 00 ff fe 00 00 00 00 00 00 00 00 00 00 00 00 00 00 ff fe 00 00 00 00 00 00 00 00 00 00 00 00 00 00 ff fe 00 00 00 00 00 00 00 00
  @5508 nz=6 b14=00 00 00 00 00 00 00 ff fe 00 00 00 00 00 00 00 00 00 00 00 00 00 00 ff fe 00 00 00 00 00 00 00 00 00 00 00 00 00 00 ff fe 00 00 00 00 00 00 00 00 00 00
  @5510 nz=6 b14=00 00 00 00 00 ff fe 00 00 00 00 00 00 00 00 00 00 00 00 00 00 ff fe 00 00 00 00 00 00 00 00 00 00 00 00 00 00 ff fe 00 00 00 00 00 00 00 00 00 00 00 00
  @5512 nz=6 b14=00 00 00 ff fe 00 00 00 00 00 00 00 00 00 00 00 00 00 00 ff fe 00 00 00 00 00 00 00 00 00 00 00 00 00 00 ff fe 00 00 00 00 00 00 00 00 00 00 00 00 00 00
  @5514 nz=8 b14=00 ff fe 00 00 00 00 00 00 00 00 00 00 00 00 00 00 ff fe 00 00 00 00 00 00 00 00 00 00 00 00 00 00 ff fe 00 00 00 00 00 00 00 00 00 00 00 00 00 00 ff fe
  @5516 nz=6 b14=ff 00 00 00 00 00 00 00 00 00 00 00 00 00 00 ff fe 00 00 00 00 00 00 00 00 00 00 00 00 00 00 ff fe 00 00 00 00 00 00 00 00 00 00 00 00 00 00 ff fe 00 00
  @5518 nz=6 b14=00 00 00 00 00 00 00 00 00 00 00 00 00 ff fe 00 00 00 00 00 00 00 00 00 00 00 00 00 00 ff fe 00 00 00 00 00 00 00 00 00 00 00 00 00 00 ff fe 00 00 00 00
  @5520 nz=6 b14=00 00 00 00 00 00 00 00 00 00 00 ff fe 00 00 00 00 00 00 00 00 00 00 00 00 00 00 ff fe 00 00 00 00 00 00 00 00 00 00 00 00 00 00 ff fe 00 00 00 00 00 00
  @5522 nz=6 b14=00 00 00 00 00 00 00 00 00 ff fe 00 00 00 00 00 00 00 00 00 00 00 00 00 00 ff fe 00 00 00 00 00 00 00 00 00 00 00 00 00 00 ff fe 00 00 00 00 00 00 00 00
  @5524 nz=6 b14=00 00 00 00 00 00 00 ff fe 00 00 00 00 00 00 00 00 00 00 00 00 00 00 ff fe 00 00 00 00 00 00 00 00 00 00 00 00 00 00 ff fe 00 00 00 00 00 00 00 00 00 00
  @5526 nz=6 b14=00 00 00 00 00 ff fe 00 00 00 00 00 00 00 00 00 00 00 00 00 00 ff fe 00 00 00 00 00 00 00 00 00 00 00 00 00 00 ff fe 00 00 00 00 00 00 00 00 00 00 00 00
  @5528 nz=6 b14=00 00 00 ff fe 00 00 00 00 00 00 00 00 00 00 00 00 00 00 ff fe 00 00 00 00 00 00 00 00 00 00 00 00 00 00 ff fe 00 00 00 00 00 00 00 00 00 00 00 00 00 00
  @5530 nz=8 b14=00 ff fe 00 00 00 00 00 00 00 00 00 00 00 00 00 00 ff fe 00 00 00 00 00 00 00 00 00 00 00 00 00 00 ff fe 00 00 00 00 00 00 00 00 00 00 00 00 00 00 ff fe
  @5532 nz=6 b14=ff 00 00 00 00 00 00 00 00 00 00 00 00 00 00 ff fe 00 00 00 00 00 00 00 00 00 00 00 00 00 00 ff fe 00 00 00 00 00 00 00 00 00 00 00 00 00 00 ff fe 00 00
  @5534 nz=6 b14=00 00 00 00 00 00 00 00 00 00 00 00 00 ff fe 00 00 00 00 00 00 00 00 00 00 00 00 00 00 ff fe 00 00 00 00 00 00 00 00 00 00 00 00 00 00 ff fe 00 00 00 00
  @5536 nz=6 b14=00 00 00 00 00 00 00 00 00 00 00 ff fe 00 00 00 00 00 00 00 00 00 00 00 00 00 00 ff fe 00 00 00 00 00 00 00 00 00 00 00 00 00 00 ff fe 00 00 00 00 00 00
  @5538 nz=6 b14=00 00 00 00 00 00 00 00 00 ff fe 00 00 00 00 00 00 00 00 00 00 00 00 00 00 ff fe 00 00 00 00 00 00 00 00 00 00 00 00 00 00 ff fe 00 00 00 00 00 00 00 00
  @5540 nz=6 b14=00 00 00 00 00 00 00 ff fe 00 00 00 00 00 00 00 00 00 00 00 00 00 00 ff fe 00 00 00 00 00 00 00 00 00 00 00 00 00 00 ff fe 00 00 00 00 00 00 00 00 00 00
  @5542 nz=6 b14=00 00 00 00 00 ff fe 00 00 00 00 00 00 00 00 00 00 00 00 00 00 ff fe 00 00 00 00 00 00 00 00 00 00 00 00 00 00 ff fe 00 00 00 00 00 00 00 00 00 00 00 00
  @5544 nz=6 b14=00 00 00 ff fe 00 00 00 00 00 00 00 00 00 00 00 00 00 00 ff fe 00 00 00 00 00 00 00 00 00 00 00 00 00 00 ff fe 00 00 00 00 00 00 00 00 00 00 00 00 00 00
  @5546 nz=8 b14=00 ff fe 00 00 00 00 00 00 00 00 00 00 00 00 00 00 ff fe 00 00 00 00 00 00 00 00 00 00 00 00 00 00 ff fe 00 00 00 00 00 00 00 00 00 00 00 00 00 00 ff fe
  @5548 nz=6 b14=ff 00 00 00 00 00 00 00 00 00 00 00 00 00 00 ff fe 00 00 00 00 00 00 00 00 00 00 00 00 00 00 ff fe 00 00 00 00 00 00 00 00 00 00 00 00 00 00 ff fe 00 00
  @5550 nz=6 b14=00 00 00 00 00 00 00 00 00 00 00 00 00 ff fe 00 00 00 00 00 00 00 00 00 00 00 00 00 00 ff fe 00 00 00 00 00 00 00 00 00 00 00 00 00 00 ff fe 00 00 00 00
  @5552 nz=6 b14=00 00 00 00 00 00 00 00 00 00 00 ff fe 00 00 00 00 00 00 00 00 00 00 00 00 00 00 ff fe 00 00 00 00 00 00 00 00 00 00 00 00 00 00 ff fe 00 00 00 00 00 00
  @5554 nz=6 b14=00 00 00 00 00 00 00 00 00 ff fe 00 00 00 00 00 00 00 00 00 00 00 00 00 00 ff fe 00 00 00 00 00 00 00 00 00 00 00 00 00 00 ff fe 00 00 00 00 00 00 00 00
  @5556 nz=6 b14=00 00 00 00 00 00 00 ff fe 00 00 00 00 00 00 00 00 00 00 00 00 00 00 ff fe 00 00 00 00 00 00 00 00 00 00 00 00 00 00 ff fe 00 00 00 00 00 00 00 00 00 00
  @5558 nz=6 b14=00 00 00 00 00 ff fe 00 00 00 00 00 00 00 00 00 00 00 00 00 00 ff fe 00 00 00 00 00 00 00 00 00 00 00 00 00 00 ff fe 00 00 00 00 00 00 00 00 00 00 00 00
  @5560 nz=6 b14=00 00 00 ff fe 00 00 00 00 00 00 00 00 00 00 00 00 00 00 ff fe 00 00 00 00 00 00 00 00 00 00 00 00 00 00 ff fe 00 00 00 00 00 00 00 00 00 00 00 00 00 00
  @5562 nz=8 b14=00 ff fe 00 00 00 00 00 00 00 00 00 00 00 00 00 00 ff fe 00 00 00 00 00 00 00 00 00 00 00 00 00 00 ff fe 00 00 00 00 00 00 00 00 00 00 00 00 00 00 ff fe
  @5564 nz=6 b14=ff 00 00 00 00 00 00 00 00 00 00 00 00 00 00 ff fe 00 00 00 00 00 00 00 00 00 00 00 00 00 00 ff fe 00 00 00 00 00 00 00 00 00 00 00 00 00 00 ff fe 00 00
  @5566 nz=6 b14=00 00 00 00 00 00 00 00 00 00 00 00 00 ff fe 00 00 00 00 00 00 00 00 00 00 00 00 00 00 ff fe 00 00 00 00 00 00 00 00 00 00 00 00 00 00 ff fe 00 00 00 00
  @5568 nz=6 b14=00 00 00 00 00 00 00 00 00 00 00 ff fe 00 00 00 00 00 00 00 00 00 00 00 00 00 00 ff fe 00 00 00 00 00 00 00 00 00 00 00 00 00 00 ff fe 00 00 00 00 00 00
  @5570 nz=6 b14=00 00 00 00 00 00 00 00 00 ff fe 00 00 00 00 00 00 00 00 00 00 00 00 00 00 ff fe 00 00 00 00 00 00 00 00 00 00 00 00 00 00 ff fe 00 00 00 00 00 00 00 00
  @5572 nz=6 b14=00 00 00 00 00 00 00 ff fe 00 00 00 00 00 00 00 00 00 00 00 00 00 00 ff fe 00 00 00 00 00 00 00 00 00 00 00 00 00 00 ff fe 00 00 00 00 00 00 00 00 00 00
  @5574 nz=6 b14=00 00 00 00 00 ff fe 00 00 00 00 00 00 00 00 00 00 00 00 00 00 ff fe 00 00 00 00 00 00 00 00 00 00 00 00 00 00 ff fe 00 00 00 00 00 00 00 00 00 00 00 00
  @5576 nz=6 b14=00 00 00 ff fe 00 00 00 00 00 00 00 00 00 00 00 00 00 00 ff fe 00 00 00 00 00 00 00 00 00 00 00 00 00 00 ff fe 00 00 00 00 00 00 00 00 00 00 00 00 00 00
  @5578 nz=8 b14=00 ff fe 00 00 00 00 00 00 00 00 00 00 00 00 00 00 ff fe 00 00 00 00 00 00 00 00 00 00 00 00 00 00 ff fe 00 00 00 00 00 00 00 00 00 00 00 00 00 00 ff fe
  @5580 nz=6 b14=ff 00 00 00 00 00 00 00 00 00 00 00 00 00 00 ff fe 00 00 00 00 00 00 00 00 00 00 00 00 00 00 ff fe 00 00 00 00 00 00 00 00 00 00 00 00 00 00 ff fe 00 00
  @5582 nz=6 b14=00 00 00 00 00 00 00 00 00 00 00 00 00 ff fe 00 00 00 00 00 00 00 00 00 00 00 00 00 00 ff fe 00 00 00 00 00 00 00 00 00 00 00 00 00 00 ff fe 00 00 00 00
  @5584 nz=6 b14=00 00 00 00 00 00 00 00 00 00 00 ff fe 00 00 00 00 00 00 00 00 00 00 00 00 00 00 ff fe 00 00 00 00 00 00 00 00 00 00 00 00 00 00 ff fe 00 00 00 00 00 00
  @5586 nz=6 b14=00 00 00 00 00 00 00 00 00 ff fe 00 00 00 00 00 00 00 00 00 00 00 00 00 00 ff fe 00 00 00 00 00 00 00 00 00 00 00 00 00 00 ff fe 00 00 00 00 00 00 00 00
  @5588 nz=6 b14=00 00 00 00 00 00 00 ff fe 00 00 00 00 00 00 00 00 00 00 00 00 00 00 ff fe 00 00 00 00 00 00 00 00 00 00 00 00 00 00 ff fe 00 00 00 00 00 00 00 00 00 00
  @5590 nz=6 b14=00 00 00 00 00 ff fe 00 00 00 00 00 00 00 00 00 00 00 00 00 00 ff fe 00 00 00 00 00 00 00 00 00 00 00 00 00 00 ff fe 00 00 00 00 00 00 00 00 00 00 00 00
  @5592 nz=6 b14=00 00 00 ff fe 00 00 00 00 00 00 00 00 00 00 00 00 00 00 ff fe 00 00 00 00 00 00 00 00 00 00 00 00 00 00 ff fe 00 00 00 00 00 00 00 00 00 00 00 00 00 00
  @5594 nz=8 b14=00 ff fe 00 00 00 00 00 00 00 00 00 00 00 00 00 00 ff fe 00 00 00 00 00 00 00 00 00 00 00 00 00 00 ff fe 00 00 00 00 00 00 00 00 00 00 00 00 00 00 ff fe
  @5596 nz=6 b14=ff 00 00 00 00 00 00 00 00 00 00 00 00 00 00 ff fe 00 00 00 00 00 00 00 00 00 00 00 00 00 00 ff fe 00 00 00 00 00 00 00 00 00 00 00 00 00 00 ff fe 00 00
  @5598 nz=6 b14=00 00 00 00 00 00 00 00 00 00 00 00 00 ff fe 00 00 00 00 00 00 00 00 00 00 00 00 00 00 ff fe 00 00 00 00 00 00 00 00 00 00 00 00 00 00 ff fe 00 00 00 00
  @5600 nz=6 b14=00 00 00 00 00 00 00 00 00 00 00 ff fe 00 00 00 00 00 00 00 00 00 00 00 00 00 00 ff fe 00 00 00 00 00 00 00 00 00 00 00 00 00 00 ff fe 00 00 00 00 00 00
  @5602 nz=6 b14=00 00 00 00 00 00 00 00 00 ff fe 00 00 00 00 00 00 00 00 00 00 00 00 00 00 ff fe 00 00 00 00 00 00 00 00 00 00 00 00 00 00 ff fe 00 00 00 00 00 00 00 00
  @5604 nz=6 b14=00 00 00 00 00 00 00 ff fe 00 00 00 00 00 00 00 00 00 00 00 00 00 00 ff fe 00 00 00 00 00 00 00 00 00 00 00 00 00 00 ff fe 00 00 00 00 00 00 00 00 00 00
  @5606 nz=6 b14=00 00 00 00 00 ff fe 00 00 00 00 00 00 00 00 00 00 00 00 00 00 ff fe 00 00 00 00 00 00 00 00 00 00 00 00 00 00 ff fe 00 00 00 00 00 00 00 00 00 00 00 00
  @5608 nz=6 b14=00 00 00 ff fe 00 00 00 00 00 00 00 00 00 00 00 00 00 00 ff fe 00 00 00 00 00 00 00 00 00 00 00 00 00 00 ff fe 00 00 00 00 00 00 00 00 00 00 00 00 00 00
  @5610 nz=8 b14=00 ff fe 00 00 00 00 00 00 00 00 00 00 00 00 00 00 ff fe 00 00 00 00 00 00 00 00 00 00 00 00 00 00 ff fe 00 00 00 00 00 00 00 00 00 00 00 00 00 00 ff fe
  @5612 nz=6 b14=ff 00 00 00 00 00 00 00 00 00 00 00 00 00 00 ff fe 00 00 00 00 00 00 00 00 00 00 00 00 00 00 ff fe 00 00 00 00 00 00 00 00 00 00 00 00 00 00 ff fe 00 00
  @5614 nz=6 b14=00 00 00 00 00 00 00 00 00 00 00 00 00 ff fe 00 00 00 00 00 00 00 00 00 00 00 00 00 00 ff fe 00 00 00 00 00 00 00 00 00 00 00 00 00 00 ff fe 00 00 00 00
  @5616 nz=6 b14=00 00 00 00 00 00 00 00 00 00 00 ff fe 00 00 00 00 00 00 00 00 00 00 00 00 00 00 ff fe 00 00 00 00 00 00 00 00 00 00 00 00 00 00 ff fe 00 00 00 00 00 00
  @5618 nz=6 b14=00 00 00 00 00 00 00 00 00 ff fe 00 00 00 00 00 00 00 00 00 00 00 00 00 00 ff fe 00 00 00 00 00 00 00 00 00 00 00 00 00 00 ff fe 00 00 00 00 00 00 00 00
  @5620 nz=6 b14=00 00 00 00 00 00 00 ff fe 00 00 00 00 00 00 00 00 00 00 00 00 00 00 ff fe 00 00 00 00 00 00 00 00 00 00 00 00 00 00 ff fe 00 00 00 00 00 00 00 00 00 00
  @5622 nz=6 b14=00 00 00 00 00 ff fe 00 00 00 00 00 00 00 00 00 00 00 00 00 00 ff fe 00 00 00 00 00 00 00 00 00 00 00 00 00 00 ff fe 00 00 00 00 00 00 00 00 00 00 00 00
  @5624 nz=6 b14=00 00 00 ff fe 00 00 00 00 00 00 00 00 00 00 00 00 00 00 ff fe 00 00 00 00 00 00 00 00 00 00 00 00 00 00 ff fe 00 00 00 00 00 00 00 00 00 00 00 00 00 00
  @5626 nz=8 b14=00 ff fe 00 00 00 00 00 00 00 00 00 00 00 00 00 00 ff fe 00 00 00 00 00 00 00 00 00 00 00 00 00 00 ff fe 00 00 00 00 00 00 00 00 00 00 00 00 00 00 ff fe
  @5628 nz=6 b14=ff 00 00 00 00 00 00 00 00 00 00 00 00 00 00 ff fe 00 00 00 00 00 00 00 00 00 00 00 00 00 00 ff fe 00 00 00 00 00 00 00 00 00 00 00 00 00 00 ff fe 00 00
  @5630 nz=6 b14=00 00 00 00 00 00 00 00 00 00 00 00 00 ff fe 00 00 00 00 00 00 00 00 00 00 00 00 00 00 ff fe 00 00 00 00 00 00 00 00 00 00 00 00 00 00 ff fe 00 00 00 00
  @5632 nz=6 b14=00 00 00 00 00 00 00 00 00 00 00 ff fe 00 00 00 00 00 00 00 00 00 00 00 00 00 00 ff fe 00 00 00 00 00 00 00 00 00 00 00 00 00 00 ff fe 00 00 00 00 00 00
  @5634 nz=6 b14=00 00 00 00 00 00 00 00 00 ff fe 00 00 00 00 00 00 00 00 00 00 00 00 00 00 ff fe 00 00 00 00 00 00 00 00 00 00 00 00 00 00 ff fe 00 00 00 00 00 00 00 00
  @5636 nz=6 b14=00 00 00 00 00 00 00 ff fe 00 00 00 00 00 00 00 00 00 00 00 00 00 00 ff fe 00 00 00 00 00 00 00 00 00 00 00 00 00 00 ff fe 00 00 00 00 00 00 00 00 00 00
  @5638 nz=6 b14=00 00 00 00 00 ff fe 00 00 00 00 00 00 00 00 00 00 00 00 00 00 ff fe 00 00 00 00 00 00 00 00 00 00 00 00 00 00 ff fe 00 00 00 00 00 00 00 00 00 00 00 00
  @5640 nz=6 b14=00 00 00 ff fe 00 00 00 00 00 00 00 00 00 00 00 00 00 00 ff fe 00 00 00 00 00 00 00 00 00 00 00 00 00 00 ff fe 00 00 00 00 00 00 00 00 00 00 00 00 00 00
  @5642 nz=8 b14=00 ff fe 00 00 00 00 00 00 00 00 00 00 00 00 00 00 ff fe 00 00 00 00 00 00 00 00 00 00 00 00 00 00 ff fe 00 00 00 00 00 00 00 00 00 00 00 00 00 00 ff fe
  @5644 nz=6 b14=ff 00 00 00 00 00 00 00 00 00 00 00 00 00 00 ff fe 00 00 00 00 00 00 00 00 00 00 00 00 00 00 ff fe 00 00 00 00 00 00 00 00 00 00 00 00 00 00 ff fe 00 00
  @5646 nz=6 b14=00 00 00 00 00 00 00 00 00 00 00 00 00 ff fe 00 00 00 00 00 00 00 00 00 00 00 00 00 00 ff fe 00 00 00 00 00 00 00 00 00 00 00 00 00 00 ff fe 00 00 00 00
  @5648 nz=6 b14=00 00 00 00 00 00 00 00 00 00 00 ff fe 00 00 00 00 00 00 00 00 00 00 00 00 00 00 ff fe 00 00 00 00 00 00 00 00 00 00 00 00 00 00 ff fe 00 00 00 00 00 00
  @5650 nz=6 b14=00 00 00 00 00 00 00 00 00 ff fe 00 00 00 00 00 00 00 00 00 00 00 00 00 00 ff fe 00 00 00 00 00 00 00 00 00 00 00 00 00 00 ff fe 00 00 00 00 00 00 00 00
  @5652 nz=6 b14=00 00 00 00 00 00 00 ff fe 00 00 00 00 00 00 00 00 00 00 00 00 00 00 ff fe 00 00 00 00 00 00 00 00 00 00 00 00 00 00 ff fe 00 00 00 00 00 00 00 00 00 00
  @5654 nz=6 b14=00 00 00 00 00 ff fe 00 00 00 00 00 00 00 00 00 00 00 00 00 00 ff fe 00 00 00 00 00 00 00 00 00 00 00 00 00 00 ff fe 00 00 00 00 00 00 00 00 00 00 00 00
  @5656 nz=6 b14=00 00 00 ff fe 00 00 00 00 00 00 00 00 00 00 00 00 00 00 ff fe 00 00 00 00 00 00 00 00 00 00 00 00 00 00 ff fe 00 00 00 00 00 00 00 00 00 00 00 00 00 00
  @5658 nz=8 b14=00 ff fe 00 00 00 00 00 00 00 00 00 00 00 00 00 00 ff fe 00 00 00 00 00 00 00 00 00 00 00 00 00 00 ff fe 00 00 00 00 00 00 00 00 00 00 00 00 00 00 ff fe
  @5660 nz=6 b14=ff 00 00 00 00 00 00 00 00 00 00 00 00 00 00 ff fe 00 00 00 00 00 00 00 00 00 00 00 00 00 00 ff fe 00 00 00 00 00 00 00 00 00 00 00 00 00 00 ff fe 00 00
  @5662 nz=6 b14=00 00 00 00 00 00 00 00 00 00 00 00 00 ff fe 00 00 00 00 00 00 00 00 00 00 00 00 00 00 ff fe 00 00 00 00 00 00 00 00 00 00 00 00 00 00 ff fe 00 00 00 00
  @5664 nz=6 b14=00 00 00 00 00 00 00 00 00 00 00 ff fe 00 00 00 00 00 00 00 00 00 00 00 00 00 00 ff fe 00 00 00 00 00 00 00 00 00 00 00 00 00 00 ff fe 00 00 00 00 00 00
  @5666 nz=6 b14=00 00 00 00 00 00 00 00 00 ff fe 00 00 00 00 00 00 00 00 00 00 00 00 00 00 ff fe 00 00 00 00 00 00 00 00 00 00 00 00 00 00 ff fe 00 00 00 00 00 00 00 00
  @5668 nz=6 b14=00 00 00 00 00 00 00 ff fe 00 00 00 00 00 00 00 00 00 00 00 00 00 00 ff fe 00 00 00 00 00 00 00 00 00 00 00 00 00 00 ff fe 00 00 00 00 00 00 00 00 00 00
  @5670 nz=6 b14=00 00 00 00 00 ff fe 00 00 00 00 00 00 00 00 00 00 00 00 00 00 ff fe 00 00 00 00 00 00 00 00 00 00 00 00 00 00 ff fe 00 00 00 00 00 00 00 00 00 00 00 00
  @5672 nz=6 b14=00 00 00 ff fe 00 00 00 00 00 00 00 00 00 00 00 00 00 00 ff fe 00 00 00 00 00 00 00 00 00 00 00 00 00 00 ff fe 00 00 00 00 00 00 00 00 00 00 00 00 00 00
  @5674 nz=8 b14=00 ff fe 00 00 00 00 00 00 00 00 00 00 00 00 00 00 ff fe 00 00 00 00 00 00 00 00 00 00 00 00 00 00 ff fe 00 00 00 00 00 00 00 00 00 00 00 00 00 00 ff fe
  @5676 nz=6 b14=ff 00 00 00 00 00 00 00 00 00 00 00 00 00 00 ff fe 00 00 00 00 00 00 00 00 00 00 00 00 00 00 ff fe 00 00 00 00 00 00 00 00 00 00 00 00 00 00 ff fe 00 00
  @5678 nz=6 b14=00 00 00 00 00 00 00 00 00 00 00 00 00 ff fe 00 00 00 00 00 00 00 00 00 00 00 00 00 00 ff fe 00 00 00 00 00 00 00 00 00 00 00 00 00 00 ff fe 00 00 00 00
  @5680 nz=6 b14=00 00 00 00 00 00 00 00 00 00 00 ff fe 00 00 00 00 00 00 00 00 00 00 00 00 00 00 ff fe 00 00 00 00 00 00 00 00 00 00 00 00 00 00 ff fe 00 00 00 00 00 00
  @5682 nz=6 b14=00 00 00 00 00 00 00 00 00 ff fe 00 00 00 00 00 00 00 00 00 00 00 00 00 00 ff fe 00 00 00 00 00 00 00 00 00 00 00 00 00 00 ff fe 00 00 00 00 00 00 00 00
  @5684 nz=6 b14=00 00 00 00 00 00 00 ff fe 00 00 00 00 00 00 00 00 00 00 00 00 00 00 ff fe 00 00 00 00 00 00 00 00 00 00 00 00 00 00 ff fe 00 00 00 00 00 00 00 00 00 00
  @5686 nz=6 b14=00 00 00 00 00 ff fe 00 00 00 00 00 00 00 00 00 00 00 00 00 00 ff fe 00 00 00 00 00 00 00 00 00 00 00 00 00 00 ff fe 00 00 00 00 00 00 00 00 00 00 00 00
  @5688 nz=6 b14=00 00 00 ff fe 00 00 00 00 00 00 00 00 00 00 00 00 00 00 ff fe 00 00 00 00 00 00 00 00 00 00 00 00 00 00 ff fe 00 00 00 00 00 00 00 00 00 00 00 00 00 00
  @5690 nz=8 b14=00 ff fe 00 00 00 00 00 00 00 00 00 00 00 00 00 00 ff fe 00 00 00 00 00 00 00 00 00 00 00 00 00 00 ff fe 00 00 00 00 00 00 00 00 00 00 00 00 00 00 ff fe
  @5692 nz=6 b14=ff 00 00 00 00 00 00 00 00 00 00 00 00 00 00 ff fe 00 00 00 00 00 00 00 00 00 00 00 00 00 00 ff fe 00 00 00 00 00 00 00 00 00 00 00 00 00 00 ff fe 00 00
  @5694 nz=6 b14=00 00 00 00 00 00 00 00 00 00 00 00 00 ff fe 00 00 00 00 00 00 00 00 00 00 00 00 00 00 ff fe 00 00 00 00 00 00 00 00 00 00 00 00 00 00 ff fe 00 00 00 00
  @5696 nz=6 b14=00 00 00 00 00 00 00 00 00 00 00 ff fe 00 00 00 00 00 00 00 00 00 00 00 00 00 00 ff fe 00 00 00 00 00 00 00 00 00 00 00 00 00 00 ff fe 00 00 00 00 00 00
  @5698 nz=6 b14=00 00 00 00 00 00 00 00 00 ff fe 00 00 00 00 00 00 00 00 00 00 00 00 00 00 ff fe 00 00 00 00 00 00 00 00 00 00 00 00 00 00 ff fe 00 00 00 00 00 00 00 00
  @5700 nz=6 b14=00 00 00 00 00 00 00 ff fe 00 00 00 00 00 00 00 00 00 00 00 00 00 00 ff fe 00 00 00 00 00 00 00 00 00 00 00 00 00 00 ff fe 00 00 00 00 00 00 00 00 00 00
  @5702 nz=6 b14=00 00 00 00 00 ff fe 00 00 00 00 00 00 00 00 00 00 00 00 00 00 ff fe 00 00 00 00 00 00 00 00 00 00 00 00 00 00 ff fe 00 00 00 00 00 00 00 00 00 00 00 00
  @5704 nz=6 b14=00 00 00 ff fe 00 00 00 00 00 00 00 00 00 00 00 00 00 00 ff fe 00 00 00 00 00 00 00 00 00 00 00 00 00 00 ff fe 00 00 00 00 00 00 00 00 00 00 00 00 00 00
  @5706 nz=8 b14=00 ff fe 00 00 00 00 00 00 00 00 00 00 00 00 00 00 ff fe 00 00 00 00 00 00 00 00 00 00 00 00 00 00 ff fe 00 00 00 00 00 00 00 00 00 00 00 00 00 00 ff fe
  @5708 nz=6 b14=ff 00 00 00 00 00 00 00 00 00 00 00 00 00 00 ff fe 00 00 00 00 00 00 00 00 00 00 00 00 00 00 ff fe 00 00 00 00 00 00 00 00 00 00 00 00 00 00 ff fe 00 00
  @5710 nz=6 b14=00 00 00 00 00 00 00 00 00 00 00 00 00 ff fe 00 00 00 00 00 00 00 00 00 00 00 00 00 00 ff fe 00 00 00 00 00 00 00 00 00 00 00 00 00 00 ff fe 00 00 00 00
  @5712 nz=6 b14=00 00 00 00 00 00 00 00 00 00 00 ff fe 00 00 00 00 00 00 00 00 00 00 00 00 00 00 ff fe 00 00 00 00 00 00 00 00 00 00 00 00 00 00 ff fe 00 00 00 00 00 00
  @5714 nz=6 b14=00 00 00 00 00 00 00 00 00 ff fe 00 00 00 00 00 00 00 00 00 00 00 00 00 00 ff fe 00 00 00 00 00 00 00 00 00 00 00 00 00 00 ff fe 00 00 00 00 00 00 00 00
  @5716 nz=6 b14=00 00 00 00 00 00 00 ff fe 00 00 00 00 00 00 00 00 00 00 00 00 00 00 ff fe 00 00 00 00 00 00 00 00 00 00 00 00 00 00 ff fe 00 00 00 00 00 00 00 00 00 00
  @5718 nz=6 b14=00 00 00 00 00 ff fe 00 00 00 00 00 00 00 00 00 00 00 00 00 00 ff fe 00 00 00 00 00 00 00 00 00 00 00 00 00 00 ff fe 00 00 00 00 00 00 00 00 00 00 00 00
  @5720 nz=6 b14=00 00 00 ff fe 00 00 00 00 00 00 00 00 00 00 00 00 00 00 ff fe 00 00 00 00 00 00 00 00 00 00 00 00 00 00 ff fe 00 00 00 00 00 00 00 00 00 00 00 00 00 00
  @5722 nz=8 b14=00 ff fe 00 00 00 00 00 00 00 00 00 00 00 00 00 00 ff fe 00 00 00 00 00 00 00 00 00 00 00 00 00 00 ff fe 00 00 00 00 00 00 00 00 00 00 00 00 00 00 ff fe
  @5724 nz=6 b14=ff 00 00 00 00 00 00 00 00 00 00 00 00 00 00 ff fe 00 00 00 00 00 00 00 00 00 00 00 00 00 00 ff fe 00 00 00 00 00 00 00 00 00 00 00 00 00 00 ff fe 00 00
  @5726 nz=6 b14=00 00 00 00 00 00 00 00 00 00 00 00 00 ff fe 00 00 00 00 00 00 00 00 00 00 00 00 00 00 ff fe 00 00 00 00 00 00 00 00 00 00 00 00 00 00 ff fe 00 00 00 00
  @5728 nz=6 b14=00 00 00 00 00 00 00 00 00 00 00 ff fe 00 00 00 00 00 00 00 00 00 00 00 00 00 00 ff fe 00 00 00 00 00 00 00 00 00 00 00 00 00 00 ff fe 00 00 00 00 00 00
  @5730 nz=6 b14=00 00 00 00 00 00 00 00 00 ff fe 00 00 00 00 00 00 00 00 00 00 00 00 00 00 ff fe 00 00 00 00 00 00 00 00 00 00 00 00 00 00 ff fe 00 00 00 00 00 00 00 00
  @5732 nz=6 b14=00 00 00 00 00 00 00 ff fe 00 00 00 00 00 00 00 00 00 00 00 00 00 00 ff fe 00 00 00 00 00 00 00 00 00 00 00 00 00 00 ff fe 00 00 00 00 00 00 00 00 00 00
  @5734 nz=6 b14=00 00 00 00 00 ff fe 00 00 00 00 00 00 00 00 00 00 00 00 00 00 ff fe 00 00 00 00 00 00 00 00 00 00 00 00 00 00 ff fe 00 00 00 00 00 00 00 00 00 00 00 00
  @5736 nz=6 b14=00 00 00 ff fe 00 00 00 00 00 00 00 00 00 00 00 00 00 00 ff fe 00 00 00 00 00 00 00 00 00 00 00 00 00 00 ff fe 00 00 00 00 00 00 00 00 00 00 00 00 00 00
  @5738 nz=8 b14=00 ff fe 00 00 00 00 00 00 00 00 00 00 00 00 00 00 ff fe 00 00 00 00 00 00 00 00 00 00 00 00 00 00 ff fe 00 00 00 00 00 00 00 00 00 00 00 00 00 00 ff fe
  @5740 nz=6 b14=ff 00 00 00 00 00 00 00 00 00 00 00 00 00 00 ff fe 00 00 00 00 00 00 00 00 00 00 00 00 00 00 ff fe 00 00 00 00 00 00 00 00 00 00 00 00 00 00 ff fe 00 00
  @5742 nz=6 b14=00 00 00 00 00 00 00 00 00 00 00 00 00 ff fe 00 00 00 00 00 00 00 00 00 00 00 00 00 00 ff fe 00 00 00 00 00 00 00 00 00 00 00 00 00 00 ff fe 00 00 00 00
  @5744 nz=6 b14=00 00 00 00 00 00 00 00 00 00 00 ff fe 00 00 00 00 00 00 00 00 00 00 00 00 00 00 ff fe 00 00 00 00 00 00 00 00 00 00 00 00 00 00 ff fe 00 00 00 00 00 00
  @5746 nz=6 b14=00 00 00 00 00 00 00 00 00 ff fe 00 00 00 00 00 00 00 00 00 00 00 00 00 00 ff fe 00 00 00 00 00 00 00 00 00 00 00 00 00 00 ff fe 00 00 00 00 00 00 00 00
  @5748 nz=6 b14=00 00 00 00 00 00 00 ff fe 00 00 00 00 00 00 00 00 00 00 00 00 00 00 ff fe 00 00 00 00 00 00 00 00 00 00 00 00 00 00 ff fe 00 00 00 00 00 00 00 00 00 00
  @5750 nz=6 b14=00 00 00 00 00 ff fe 00 00 00 00 00 00 00 00 00 00 00 00 00 00 ff fe 00 00 00 00 00 00 00 00 00 00 00 00 00 00 ff fe 00 00 00 00 00 00 00 00 00 00 00 00
  @5752 nz=6 b14=00 00 00 ff fe 00 00 00 00 00 00 00 00 00 00 00 00 00 00 ff fe 00 00 00 00 00 00 00 00 00 00 00 00 00 00 ff fe 00 00 00 00 00 00 00 00 00 00 00 00 00 00
  @5754 nz=8 b14=00 ff fe 00 00 00 00 00 00 00 00 00 00 00 00 00 00 ff fe 00 00 00 00 00 00 00 00 00 00 00 00 00 00 ff fe 00 00 00 00 00 00 00 00 00 00 00 00 00 00 ff fe
  @5756 nz=6 b14=ff 00 00 00 00 00 00 00 00 00 00 00 00 00 00 ff fe 00 00 00 00 00 00 00 00 00 00 00 00 00 00 ff fe 00 00 00 00 00 00 00 00 00 00 00 00 00 00 ff fe 00 00
  @5758 nz=6 b14=00 00 00 00 00 00 00 00 00 00 00 00 00 ff fe 00 00 00 00 00 00 00 00 00 00 00 00 00 00 ff fe 00 00 00 00 00 00 00 00 00 00 00 00 00 00 ff fe 00 00 00 00
  @5760 nz=6 b14=00 00 00 00 00 00 00 00 00 00 00 ff fe 00 00 00 00 00 00 00 00 00 00 00 00 00 00 ff fe 00 00 00 00 00 00 00 00 00 00 00 00 00 00 ff fe 00 00 00 00 00 00
  @5762 nz=6 b14=00 00 00 00 00 00 00 00 00 ff fe 00 00 00 00 00 00 00 00 00 00 00 00 00 00 ff fe 00 00 00 00 00 00 00 00 00 00 00 00 00 00 ff fe 00 00 00 00 00 00 00 00
  @5764 nz=6 b14=00 00 00 00 00 00 00 ff fe 00 00 00 00 00 00 00 00 00 00 00 00 00 00 ff fe 00 00 00 00 00 00 00 00 00 00 00 00 00 00 ff fe 00 00 00 00 00 00 00 00 00 00
  @5766 nz=6 b14=00 00 00 00 00 ff fe 00 00 00 00 00 00 00 00 00 00 00 00 00 00 ff fe 00 00 00 00 00 00 00 00 00 00 00 00 00 00 ff fe 00 00 00 00 00 00 00 00 00 00 00 00
  @5768 nz=6 b14=00 00 00 ff fe 00 00 00 00 00 00 00 00 00 00 00 00 00 00 ff fe 00 00 00 00 00 00 00 00 00 00 00 00 00 00 ff fe 00 00 00 00 00 00 00 00 00 00 00 00 00 00
  @5770 nz=8 b14=00 ff fe 00 00 00 00 00 00 00 00 00 00 00 00 00 00 ff fe 00 00 00 00 00 00 00 00 00 00 00 00 00 00 ff fe 00 00 00 00 00 00 00 00 00 00 00 00 00 00 ff fe
  @5772 nz=6 b14=ff 00 00 00 00 00 00 00 00 00 00 00 00 00 00 ff fe 00 00 00 00 00 00 00 00 00 00 00 00 00 00 ff fe 00 00 00 00 00 00 00 00 00 00 00 00 00 00 ff fe 00 00
  @5774 nz=6 b14=00 00 00 00 00 00 00 00 00 00 00 00 00 ff fe 00 00 00 00 00 00 00 00 00 00 00 00 00 00 ff fe 00 00 00 00 00 00 00 00 00 00 00 00 00 00 ff fe 00 00 00 00
  @5776 nz=6 b14=00 00 00 00 00 00 00 00 00 00 00 ff fe 00 00 00 00 00 00 00 00 00 00 00 00 00 00 ff fe 00 00 00 00 00 00 00 00 00 00 00 00 00 00 ff fe 00 00 00 00 00 00
  @5778 nz=6 b14=00 00 00 00 00 00 00 00 00 ff fe 00 00 00 00 00 00 00 00 00 00 00 00 00 00 ff fe 00 00 00 00 00 00 00 00 00 00 00 00 00 00 ff fe 00 00 00 00 00 00 00 00
  @5780 nz=6 b14=00 00 00 00 00 00 00 ff fe 00 00 00 00 00 00 00 00 00 00 00 00 00 00 ff fe 00 00 00 00 00 00 00 00 00 00 00 00 00 00 ff fe 00 00 00 00 00 00 00 00 00 00
  @5782 nz=6 b14=00 00 00 00 00 ff fe 00 00 00 00 00 00 00 00 00 00 00 00 00 00 ff fe 00 00 00 00 00 00 00 00 00 00 00 00 00 00 ff fe 00 00 00 00 00 00 00 00 00 00 00 00
  @5784 nz=6 b14=00 00 00 ff fe 00 00 00 00 00 00 00 00 00 00 00 00 00 00 ff fe 00 00 00 00 00 00 00 00 00 00 00 00 00 00 ff fe 00 00 00 00 00 00 00 00 00 00 00 00 00 00
  @5786 nz=8 b14=00 ff fe 00 00 00 00 00 00 00 00 00 00 00 00 00 00 ff fe 00 00 00 00 00 00 00 00 00 00 00 00 00 00 ff fe 00 00 00 00 00 00 00 00 00 00 00 00 00 00 ff fe
  @5788 nz=6 b14=ff 00 00 00 00 00 00 00 00 00 00 00 00 00 00 ff fe 00 00 00 00 00 00 00 00 00 00 00 00 00 00 ff fe 00 00 00 00 00 00 00 00 00 00 00 00 00 00 ff fe 00 00
  @5790 nz=6 b14=00 00 00 00 00 00 00 00 00 00 00 00 00 ff fe 00 00 00 00 00 00 00 00 00 00 00 00 00 00 ff fe 00 00 00 00 00 00 00 00 00 00 00 00 00 00 ff fe 00 00 00 00
  @5792 nz=6 b14=00 00 00 00 00 00 00 00 00 00 00 ff fe 00 00 00 00 00 00 00 00 00 00 00 00 00 00 ff fe 00 00 00 00 00 00 00 00 00 00 00 00 00 00 ff fe 00 00 00 00 00 00
  @5794 nz=6 b14=00 00 00 00 00 00 00 00 00 ff fe 00 00 00 00 00 00 00 00 00 00 00 00 00 00 ff fe 00 00 00 00 00 00 00 00 00 00 00 00 00 00 ff fe 00 00 00 00 00 00 00 00
  @5796 nz=6 b14=00 00 00 00 00 00 00 ff fe 00 00 00 00 00 00 00 00 00 00 00 00 00 00 ff fe 00 00 00 00 00 00 00 00 00 00 00 00 00 00 ff fe 00 00 00 00 00 00 00 00 00 00
  @5798 nz=6 b14=00 00 00 00 00 ff fe 00 00 00 00 00 00 00 00 00 00 00 00 00 00 ff fe 00 00 00 00 00 00 00 00 00 00 00 00 00 00 ff fe 00 00 00 00 00 00 00 00 00 00 00 00
  @5800 nz=6 b14=00 00 00 ff fe 00 00 00 00 00 00 00 00 00 00 00 00 00 00 ff fe 00 00 00 00 00 00 00 00 00 00 00 00 00 00 ff fe 00 00 00 00 00 00 00 00 00 00 00 00 00 00
  @5802 nz=8 b14=00 ff fe 00 00 00 00 00 00 00 00 00 00 00 00 00 00 ff fe 00 00 00 00 00 00 00 00 00 00 00 00 00 00 ff fe 00 00 00 00 00 00 00 00 00 00 00 00 00 00 ff fe
  @5804 nz=6 b14=ff 00 00 00 00 00 00 00 00 00 00 00 00 00 00 ff fe 00 00 00 00 00 00 00 00 00 00 00 00 00 00 ff fe 00 00 00 00 00 00 00 00 00 00 00 00 00 00 ff fe 00 00
  @5806 nz=6 b14=00 00 00 00 00 00 00 00 00 00 00 00 00 ff fe 00 00 00 00 00 00 00 00 00 00 00 00 00 00 ff fe 00 00 00 00 00 00 00 00 00 00 00 00 00 00 ff fe 00 00 00 00
  @5808 nz=6 b14=00 00 00 00 00 00 00 00 00 00 00 ff fe 00 00 00 00 00 00 00 00 00 00 00 00 00 00 ff fe 00 00 00 00 00 00 00 00 00 00 00 00 00 00 ff fe 00 00 00 00 00 00
  @5810 nz=6 b14=00 00 00 00 00 00 00 00 00 ff fe 00 00 00 00 00 00 00 00 00 00 00 00 00 00 ff fe 00 00 00 00 00 00 00 00 00 00 00 00 00 00 ff fe 00 00 00 00 00 00 00 00
  @5812 nz=6 b14=00 00 00 00 00 00 00 ff fe 00 00 00 00 00 00 00 00 00 00 00 00 00 00 ff fe 00 00 00 00 00 00 00 00 00 00 00 00 00 00 ff fe 00 00 00 00 00 00 00 00 00 00
  @5814 nz=6 b14=00 00 00 00 00 ff fe 00 00 00 00 00 00 00 00 00 00 00 00 00 00 ff fe 00 00 00 00 00 00 00 00 00 00 00 00 00 00 ff fe 00 00 00 00 00 00 00 00 00 00 00 00
  @5816 nz=6 b14=00 00 00 ff fe 00 00 00 00 00 00 00 00 00 00 00 00 00 00 ff fe 00 00 00 00 00 00 00 00 00 00 00 00 00 00 ff fe 00 00 00 00 00 00 00 00 00 00 00 00 00 00
  @5818 nz=8 b14=00 ff fe 00 00 00 00 00 00 00 00 00 00 00 00 00 00 ff fe 00 00 00 00 00 00 00 00 00 00 00 00 00 00 ff fe 00 00 00 00 00 00 00 00 00 00 00 00 00 00 ff fe
  @5820 nz=6 b14=ff 00 00 00 00 00 00 00 00 00 00 00 00 00 00 ff fe 00 00 00 00 00 00 00 00 00 00 00 00 00 00 ff fe 00 00 00 00 00 00 00 00 00 00 00 00 00 00 ff fe 00 00
  @5822 nz=6 b14=00 00 00 00 00 00 00 00 00 00 00 00 00 ff fe 00 00 00 00 00 00 00 00 00 00 00 00 00 00 ff fe 00 00 00 00 00 00 00 00 00 00 00 00 00 00 ff fe 00 00 00 00
  @5824 nz=6 b14=00 00 00 00 00 00 00 00 00 00 00 ff fe 00 00 00 00 00 00 00 00 00 00 00 00 00 00 ff fe 00 00 00 00 00 00 00 00 00 00 00 00 00 00 ff fe 00 00 00 00 00 00
  @5826 nz=6 b14=00 00 00 00 00 00 00 00 00 ff fe 00 00 00 00 00 00 00 00 00 00 00 00 00 00 ff fe 00 00 00 00 00 00 00 00 00 00 00 00 00 00 ff fe 00 00 00 00 00 00 00 00
  @5828 nz=6 b14=00 00 00 00 00 00 00 ff fe 00 00 00 00 00 00 00 00 00 00 00 00 00 00 ff fe 00 00 00 00 00 00 00 00 00 00 00 00 00 00 ff fe 00 00 00 00 00 00 00 00 00 00
  @5830 nz=6 b14=00 00 00 00 00 ff fe 00 00 00 00 00 00 00 00 00 00 00 00 00 00 ff fe 00 00 00 00 00 00 00 00 00 00 00 00 00 00 ff fe 00 00 00 00 00 00 00 00 00 00 00 00
  @5832 nz=6 b14=00 00 00 ff fe 00 00 00 00 00 00 00 00 00 00 00 00 00 00 ff fe 00 00 00 00 00 00 00 00 00 00 00 00 00 00 ff fe 00 00 00 00 00 00 00 00 00 00 00 00 00 00
  @5834 nz=8 b14=00 ff fe 00 00 00 00 00 00 00 00 00 00 00 00 00 00 ff fe 00 00 00 00 00 00 00 00 00 00 00 00 00 00 ff fe 00 00 00 00 00 00 00 00 00 00 00 00 00 00 ff fe
  @5836 nz=6 b14=ff 00 00 00 00 00 00 00 00 00 00 00 00 00 00 ff fe 00 00 00 00 00 00 00 00 00 00 00 00 00 00 ff fe 00 00 00 00 00 00 00 00 00 00 00 00 00 00 ff fe 00 00
  @5838 nz=6 b14=00 00 00 00 00 00 00 00 00 00 00 00 00 ff fe 00 00 00 00 00 00 00 00 00 00 00 00 00 00 ff fe 00 00 00 00 00 00 00 00 00 00 00 00 00 00 ff fe 00 00 00 00
  @5840 nz=6 b14=00 00 00 00 00 00 00 00 00 00 00 ff fe 00 00 00 00 00 00 00 00 00 00 00 00 00 00 ff fe 00 00 00 00 00 00 00 00 00 00 00 00 00 00 ff fe 00 00 00 00 00 00
  @5842 nz=6 b14=00 00 00 00 00 00 00 00 00 ff fe 00 00 00 00 00 00 00 00 00 00 00 00 00 00 ff fe 00 00 00 00 00 00 00 00 00 00 00 00 00 00 ff fe 00 00 00 00 00 00 00 00
  @5844 nz=6 b14=00 00 00 00 00 00 00 ff fe 00 00 00 00 00 00 00 00 00 00 00 00 00 00 ff fe 00 00 00 00 00 00 00 00 00 00 00 00 00 00 ff fe 00 00 00 00 00 00 00 00 00 00
  @5846 nz=6 b14=00 00 00 00 00 ff fe 00 00 00 00 00 00 00 00 00 00 00 00 00 00 ff fe 00 00 00 00 00 00 00 00 00 00 00 00 00 00 ff fe 00 00 00 00 00 00 00 00 00 00 00 00
  @5848 nz=6 b14=00 00 00 ff fe 00 00 00 00 00 00 00 00 00 00 00 00 00 00 ff fe 00 00 00 00 00 00 00 00 00 00 00 00 00 00 ff fe 00 00 00 00 00 00 00 00 00 00 00 00 00 00
  @5850 nz=8 b14=00 ff fe 00 00 00 00 00 00 00 00 00 00 00 00 00 00 ff fe 00 00 00 00 00 00 00 00 00 00 00 00 00 00 ff fe 00 00 00 00 00 00 00 00 00 00 00 00 00 00 ff fe
  @5852 nz=6 b14=ff 00 00 00 00 00 00 00 00 00 00 00 00 00 00 ff fe 00 00 00 00 00 00 00 00 00 00 00 00 00 00 ff fe 00 00 00 00 00 00 00 00 00 00 00 00 00 00 ff fe 00 00
  @5854 nz=6 b14=00 00 00 00 00 00 00 00 00 00 00 00 00 ff fe 00 00 00 00 00 00 00 00 00 00 00 00 00 00 ff fe 00 00 00 00 00 00 00 00 00 00 00 00 00 00 ff fe 00 00 00 00
  @5856 nz=6 b14=00 00 00 00 00 00 00 00 00 00 00 ff fe 00 00 00 00 00 00 00 00 00 00 00 00 00 00 ff fe 00 00 00 00 00 00 00 00 00 00 00 00 00 00 ff fe 00 00 00 00 00 00
  @5858 nz=6 b14=00 00 00 00 00 00 00 00 00 ff fe 00 00 00 00 00 00 00 00 00 00 00 00 00 00 ff fe 00 00 00 00 00 00 00 00 00 00 00 00 00 00 ff fe 00 00 00 00 00 00 00 00
  @5860 nz=6 b14=00 00 00 00 00 00 00 ff fe 00 00 00 00 00 00 00 00 00 00 00 00 00 00 ff fe 00 00 00 00 00 00 00 00 00 00 00 00 00 00 ff fe 00 00 00 00 00 00 00 00 00 00
  @5862 nz=6 b14=00 00 00 00 00 ff fe 00 00 00 00 00 00 00 00 00 00 00 00 00 00 ff fe 00 00 00 00 00 00 00 00 00 00 00 00 00 00 ff fe 00 00 00 00 00 00 00 00 00 00 00 00
  @5864 nz=6 b14=00 00 00 ff fe 00 00 00 00 00 00 00 00 00 00 00 00 00 00 ff fe 00 00 00 00 00 00 00 00 00 00 00 00 00 00 ff fe 00 00 00 00 00 00 00 00 00 00 00 00 00 00
  @5866 nz=8 b14=00 ff fe 00 00 00 00 00 00 00 00 00 00 00 00 00 00 ff fe 00 00 00 00 00 00 00 00 00 00 00 00 00 00 ff fe 00 00 00 00 00 00 00 00 00 00 00 00 00 00 ff fe
  @5868 nz=6 b14=ff 00 00 00 00 00 00 00 00 00 00 00 00 00 00 ff fe 00 00 00 00 00 00 00 00 00 00 00 00 00 00 ff fe 00 00 00 00 00 00 00 00 00 00 00 00 00 00 ff fe 00 00
  @5870 nz=6 b14=00 00 00 00 00 00 00 00 00 00 00 00 00 ff fe 00 00 00 00 00 00 00 00 00 00 00 00 00 00 ff fe 00 00 00 00 00 00 00 00 00 00 00 00 00 00 ff fe 00 00 00 00
  @5872 nz=6 b14=00 00 00 00 00 00 00 00 00 00 00 ff fe 00 00 00 00 00 00 00 00 00 00 00 00 00 00 ff fe 00 00 00 00 00 00 00 00 00 00 00 00 00 00 ff fe 00 00 00 00 00 00
  @5874 nz=6 b14=00 00 00 00 00 00 00 00 00 ff fe 00 00 00 00 00 00 00 00 00 00 00 00 00 00 ff fe 00 00 00 00 00 00 00 00 00 00 00 00 00 00 ff fe 00 00 00 00 00 00 00 00
  @5876 nz=6 b14=00 00 00 00 00 00 00 ff fe 00 00 00 00 00 00 00 00 00 00 00 00 00 00 ff fe 00 00 00 00 00 00 00 00 00 00 00 00 00 00 ff fe 00 00 00 00 00 00 00 00 00 00
  @5878 nz=6 b14=00 00 00 00 00 ff fe 00 00 00 00 00 00 00 00 00 00 00 00 00 00 ff fe 00 00 00 00 00 00 00 00 00 00 00 00 00 00 ff fe 00 00 00 00 00 00 00 00 00 00 00 00
  @5880 nz=6 b14=00 00 00 ff fe 00 00 00 00 00 00 00 00 00 00 00 00 00 00 ff fe 00 00 00 00 00 00 00 00 00 00 00 00 00 00 ff fe 00 00 00 00 00 00 00 00 00 00 00 00 00 00
  @5882 nz=8 b14=00 ff fe 00 00 00 00 00 00 00 00 00 00 00 00 00 00 ff fe 00 00 00 00 00 00 00 00 00 00 00 00 00 00 ff fe 00 00 00 00 00 00 00 00 00 00 00 00 00 00 ff fe
  @5884 nz=6 b14=ff 00 00 00 00 00 00 00 00 00 00 00 00 00 00 ff fe 00 00 00 00 00 00 00 00 00 00 00 00 00 00 ff fe 00 00 00 00 00 00 00 00 00 00 00 00 00 00 ff fe 00 00
  @5886 nz=6 b14=00 00 00 00 00 00 00 00 00 00 00 00 00 ff fe 00 00 00 00 00 00 00 00 00 00 00 00 00 00 ff fe 00 00 00 00 00 00 00 00 00 00 00 00 00 00 ff fe 00 00 00 00
  @5888 nz=6 b14=00 00 00 00 00 00 00 00 00 00 00 ff fe 00 00 00 00 00 00 00 00 00 00 00 00 00 00 ff fe 00 00 00 00 00 00 00 00 00 00 00 00 00 00 ff fe 00 00 00 00 00 00
  @5890 nz=6 b14=00 00 00 00 00 00 00 00 00 ff fe 00 00 00 00 00 00 00 00 00 00 00 00 00 00 ff fe 00 00 00 00 00 00 00 00 00 00 00 00 00 00 ff fe 00 00 00 00 00 00 00 00
  @5892 nz=6 b14=00 00 00 00 00 00 00 ff fe 00 00 00 00 00 00 00 00 00 00 00 00 00 00 ff fe 00 00 00 00 00 00 00 00 00 00 00 00 00 00 ff fe 00 00 00 00 00 00 00 00 00 00
  @5894 nz=6 b14=00 00 00 00 00 ff fe 00 00 00 00 00 00 00 00 00 00 00 00 00 00 ff fe 00 00 00 00 00 00 00 00 00 00 00 00 00 00 ff fe 00 00 00 00 00 00 00 00 00 00 00 00
  @5896 nz=6 b14=00 00 00 ff fe 00 00 00 00 00 00 00 00 00 00 00 00 00 00 ff fe 00 00 00 00 00 00 00 00 00 00 00 00 00 00 ff fe 00 00 00 00 00 00 00 00 00 00 00 00 00 00
  @5898 nz=8 b14=00 ff fe 00 00 00 00 00 00 00 00 00 00 00 00 00 00 ff fe 00 00 00 00 00 00 00 00 00 00 00 00 00 00 ff fe 00 00 00 00 00 00 00 00 00 00 00 00 00 00 ff fe
  @5900 nz=6 b14=ff 00 00 00 00 00 00 00 00 00 00 00 00 00 00 ff fe 00 00 00 00 00 00 00 00 00 00 00 00 00 00 ff fe 00 00 00 00 00 00 00 00 00 00 00 00 00 00 ff fe 00 00
  @5902 nz=6 b14=00 00 00 00 00 00 00 00 00 00 00 00 00 ff fe 00 00 00 00 00 00 00 00 00 00 00 00 00 00 ff fe 00 00 00 00 00 00 00 00 00 00 00 00 00 00 ff fe 00 00 00 00
  @5904 nz=6 b14=00 00 00 00 00 00 00 00 00 00 00 ff fe 00 00 00 00 00 00 00 00 00 00 00 00 00 00 ff fe 00 00 00 00 00 00 00 00 00 00 00 00 00 00 ff fe 00 00 00 00 00 00
  @5906 nz=6 b14=00 00 00 00 00 00 00 00 00 ff fe 00 00 00 00 00 00 00 00 00 00 00 00 00 00 ff fe 00 00 00 00 00 00 00 00 00 00 00 00 00 00 ff fe 00 00 00 00 00 00 00 00
  @5908 nz=6 b14=00 00 00 00 00 00 00 ff fe 00 00 00 00 00 00 00 00 00 00 00 00 00 00 ff fe 00 00 00 00 00 00 00 00 00 00 00 00 00 00 ff fe 00 00 00 00 00 00 00 00 00 00
  @5910 nz=6 b14=00 00 00 00 00 ff fe 00 00 00 00 00 00 00 00 00 00 00 00 00 00 ff fe 00 00 00 00 00 00 00 00 00 00 00 00 00 00 ff fe 00 00 00 00 00 00 00 00 00 00 00 00
  @5912 nz=6 b14=00 00 00 ff fe 00 00 00 00 00 00 00 00 00 00 00 00 00 00 ff fe 00 00 00 00 00 00 00 00 00 00 00 00 00 00 ff fe 00 00 00 00 00 00 00 00 00 00 00 00 00 00
  @5914 nz=8 b14=00 ff fe 00 00 00 00 00 00 00 00 00 00 00 00 00 00 ff fe 00 00 00 00 00 00 00 00 00 00 00 00 00 00 ff fe 00 00 00 00 00 00 00 00 00 00 00 00 00 00 ff fe
  @5916 nz=6 b14=ff 00 00 00 00 00 00 00 00 00 00 00 00 00 00 ff fe 00 00 00 00 00 00 00 00 00 00 00 00 00 00 ff fe 00 00 00 00 00 00 00 00 00 00 00 00 00 00 ff fe 00 00
  @5918 nz=6 b14=00 00 00 00 00 00 00 00 00 00 00 00 00 ff fe 00 00 00 00 00 00 00 00 00 00 00 00 00 00 ff fe 00 00 00 00 00 00 00 00 00 00 00 00 00 00 ff fe 00 00 00 00
  @5920 nz=6 b14=00 00 00 00 00 00 00 00 00 00 00 ff fe 00 00 00 00 00 00 00 00 00 00 00 00 00 00 ff fe 00 00 00 00 00 00 00 00 00 00 00 00 00 00 ff fe 00 00 00 00 00 00
  @5922 nz=6 b14=00 00 00 00 00 00 00 00 00 ff fe 00 00 00 00 00 00 00 00 00 00 00 00 00 00 ff fe 00 00 00 00 00 00 00 00 00 00 00 00 00 00 ff fe 00 00 00 00 00 00 00 00
  @5924 nz=6 b14=00 00 00 00 00 00 00 ff fe 00 00 00 00 00 00 00 00 00 00 00 00 00 00 ff fe 00 00 00 00 00 00 00 00 00 00 00 00 00 00 ff fe 00 00 00 00 00 00 00 00 00 00
  @5926 nz=6 b14=00 00 00 00 00 ff fe 00 00 00 00 00 00 00 00 00 00 00 00 00 00 ff fe 00 00 00 00 00 00 00 00 00 00 00 00 00 00 ff fe 00 00 00 00 00 00 00 00 00 00 00 00
  @5928 nz=6 b14=00 00 00 ff fe 00 00 00 00 00 00 00 00 00 00 00 00 00 00 ff fe 00 00 00 00 00 00 00 00 00 00 00 00 00 00 ff fe 00 00 00 00 00 00 00 00 00 00 00 00 00 00
  @5930 nz=8 b14=00 ff fe 00 00 00 00 00 00 00 00 00 00 00 00 00 00 ff fe 00 00 00 00 00 00 00 00 00 00 00 00 00 00 ff fe 00 00 00 00 00 00 00 00 00 00 00 00 00 00 ff fe
  @5932 nz=6 b14=ff 00 00 00 00 00 00 00 00 00 00 00 00 00 00 ff fe 00 00 00 00 00 00 00 00 00 00 00 00 00 00 ff fe 00 00 00 00 00 00 00 00 00 00 00 00 00 00 ff fe 00 00
  @5934 nz=6 b14=00 00 00 00 00 00 00 00 00 00 00 00 00 ff fe 00 00 00 00 00 00 00 00 00 00 00 00 00 00 ff fe 00 00 00 00 00 00 00 00 00 00 00 00 00 00 ff fe 00 00 00 00
  @5936 nz=6 b14=00 00 00 00 00 00 00 00 00 00 00 ff fe 00 00 00 00 00 00 00 00 00 00 00 00 00 00 ff fe 00 00 00 00 00 00 00 00 00 00 00 00 00 00 ff fe 00 00 00 00 00 00
  @5938 nz=6 b14=00 00 00 00 00 00 00 00 00 ff fe 00 00 00 00 00 00 00 00 00 00 00 00 00 00 ff fe 00 00 00 00 00 00 00 00 00 00 00 00 00 00 ff fe 00 00 00 00 00 00 00 00
  @5940 nz=6 b14=00 00 00 00 00 00 00 ff fe 00 00 00 00 00 00 00 00 00 00 00 00 00 00 ff fe 00 00 00 00 00 00 00 00 00 00 00 00 00 00 ff fe 00 00 00 00 00 00 00 00 00 00
  @5942 nz=6 b14=00 00 00 00 00 ff fe 00 00 00 00 00 00 00 00 00 00 00 00 00 00 ff fe 00 00 00 00 00 00 00 00 00 00 00 00 00 00 ff fe 00 00 00 00 00 00 00 00 00 00 00 00
  @5944 nz=6 b14=00 00 00 ff fe 00 00 00 00 00 00 00 00 00 00 00 00 00 00 ff fe 00 00 00 00 00 00 00 00 00 00 00 00 00 00 ff fe 00 00 00 00 00 00 00 00 00 00 00 00 00 00
  @5946 nz=8 b14=00 ff fe 00 00 00 00 00 00 00 00 00 00 00 00 00 00 ff fe 00 00 00 00 00 00 00 00 00 00 00 00 00 00 ff fe 00 00 00 00 00 00 00 00 00 00 00 00 00 00 ff fe
  @5948 nz=6 b14=ff 00 00 00 00 00 00 00 00 00 00 00 00 00 00 ff fe 00 00 00 00 00 00 00 00 00 00 00 00 00 00 ff fe 00 00 00 00 00 00 00 00 00 00 00 00 00 00 ff fe 00 00
  @5950 nz=6 b14=00 00 00 00 00 00 00 00 00 00 00 00 00 ff fe 00 00 00 00 00 00 00 00 00 00 00 00 00 00 ff fe 00 00 00 00 00 00 00 00 00 00 00 00 00 00 ff fe 00 00 00 00
  @5952 nz=6 b14=00 00 00 00 00 00 00 00 00 00 00 ff fe 00 00 00 00 00 00 00 00 00 00 00 00 00 00 ff fe 00 00 00 00 00 00 00 00 00 00 00 00 00 00 ff fe 00 00 00 00 00 00
  @5954 nz=6 b14=00 00 00 00 00 00 00 00 00 ff fe 00 00 00 00 00 00 00 00 00 00 00 00 00 00 ff fe 00 00 00 00 00 00 00 00 00 00 00 00 00 00 ff fe 00 00 00 00 00 00 00 00
  @5956 nz=6 b14=00 00 00 00 00 00 00 ff fe 00 00 00 00 00 00 00 00 00 00 00 00 00 00 ff fe 00 00 00 00 00 00 00 00 00 00 00 00 00 00 ff fe 00 00 00 00 00 00 00 00 00 00
  @5958 nz=6 b14=00 00 00 00 00 ff fe 00 00 00 00 00 00 00 00 00 00 00 00 00 00 ff fe 00 00 00 00 00 00 00 00 00 00 00 00 00 00 ff fe 00 00 00 00 00 00 00 00 00 00 00 00
  @5960 nz=6 b14=00 00 00 ff fe 00 00 00 00 00 00 00 00 00 00 00 00 00 00 ff fe 00 00 00 00 00 00 00 00 00 00 00 00 00 00 ff fe 00 00 00 00 00 00 00 00 00 00 00 00 00 00
  @5962 nz=8 b14=00 ff fe 00 00 00 00 00 00 00 00 00 00 00 00 00 00 ff fe 00 00 00 00 00 00 00 00 00 00 00 00 00 00 ff fe 00 00 00 00 00 00 00 00 00 00 00 00 00 00 ff fe
  @5964 nz=6 b14=ff 00 00 00 00 00 00 00 00 00 00 00 00 00 00 ff fe 00 00 00 00 00 00 00 00 00 00 00 00 00 00 ff fe 00 00 00 00 00 00 00 00 00 00 00 00 00 00 ff fe 00 00
  @5966 nz=6 b14=00 00 00 00 00 00 00 00 00 00 00 00 00 ff fe 00 00 00 00 00 00 00 00 00 00 00 00 00 00 ff fe 00 00 00 00 00 00 00 00 00 00 00 00 00 00 ff fe 00 00 00 00
  @5968 nz=6 b14=00 00 00 00 00 00 00 00 00 00 00 ff fe 00 00 00 00 00 00 00 00 00 00 00 00 00 00 ff fe 00 00 00 00 00 00 00 00 00 00 00 00 00 00 ff fe 00 00 00 00 00 00
  @5970 nz=6 b14=00 00 00 00 00 00 00 00 00 ff fe 00 00 00 00 00 00 00 00 00 00 00 00 00 00 ff fe 00 00 00 00 00 00 00 00 00 00 00 00 00 00 ff fe 00 00 00 00 00 00 00 00
  @5972 nz=6 b14=00 00 00 00 00 00 00 ff fe 00 00 00 00 00 00 00 00 00 00 00 00 00 00 ff fe 00 00 00 00 00 00 00 00 00 00 00 00 00 00 ff fe 00 00 00 00 00 00 00 00 00 00
  @5974 nz=6 b14=00 00 00 00 00 ff fe 00 00 00 00 00 00 00 00 00 00 00 00 00 00 ff fe 00 00 00 00 00 00 00 00 00 00 00 00 00 00 ff fe 00 00 00 00 00 00 00 00 00 00 00 00
  @5976 nz=6 b14=00 00 00 ff fe 00 00 00 00 00 00 00 00 00 00 00 00 00 00 ff fe 00 00 00 00 00 00 00 00 00 00 00 00 00 00 ff fe 00 00 00 00 00 00 00 00 00 00 00 00 00 00
  @5978 nz=8 b14=00 ff fe 00 00 00 00 00 00 00 00 00 00 00 00 00 00 ff fe 00 00 00 00 00 00 00 00 00 00 00 00 00 00 ff fe 00 00 00 00 00 00 00 00 00 00 00 00 00 00 ff fe
  @5980 nz=6 b14=ff 00 00 00 00 00 00 00 00 00 00 00 00 00 00 ff fe 00 00 00 00 00 00 00 00 00 00 00 00 00 00 ff fe 00 00 00 00 00 00 00 00 00 00 00 00 00 00 ff fe 00 00
  @5982 nz=6 b14=00 00 00 00 00 00 00 00 00 00 00 00 00 ff fe 00 00 00 00 00 00 00 00 00 00 00 00 00 00 ff fe 00 00 00 00 00 00 00 00 00 00 00 00 00 00 ff fe 00 00 00 00
  @5984 nz=6 b14=00 00 00 00 00 00 00 00 00 00 00 ff fe 00 00 00 00 00 00 00 00 00 00 00 00 00 00 ff fe 00 00 00 00 00 00 00 00 00 00 00 00 00 00 ff fe 00 00 00 00 00 00
  @5986 nz=6 b14=00 00 00 00 00 00 00 00 00 ff fe 00 00 00 00 00 00 00 00 00 00 00 00 00 00 ff fe 00 00 00 00 00 00 00 00 00 00 00 00 00 00 ff fe 00 00 00 00 00 00 00 00
  @5988 nz=6 b14=00 00 00 00 00 00 00 ff fe 00 00 00 00 00 00 00 00 00 00 00 00 00 00 ff fe 00 00 00 00 00 00 00 00 00 00 00 00 00 00 ff fe 00 00 00 00 00 00 00 00 00 00
  @5990 nz=6 b14=00 00 00 00 00 ff fe 00 00 00 00 00 00 00 00 00 00 00 00 00 00 ff fe 00 00 00 00 00 00 00 00 00 00 00 00 00 00 ff fe 00 00 00 00 00 00 00 00 00 00 00 00
  @5992 nz=6 b14=00 00 00 ff fe 00 00 00 00 00 00 00 00 00 00 00 00 00 00 ff fe 00 00 00 00 00 00 00 00 00 00 00 00 00 00 ff fe 00 00 00 00 00 00 00 00 00 00 00 00 00 00
  @5994 nz=8 b14=00 ff fe 00 00 00 00 00 00 00 00 00 00 00 00 00 00 ff fe 00 00 00 00 00 00 00 00 00 00 00 00 00 00 ff fe 00 00 00 00 00 00 00 00 00 00 00 00 00 00 ff fe
  @5996 nz=6 b14=ff 00 00 00 00 00 00 00 00 00 00 00 00 00 00 ff fe 00 00 00 00 00 00 00 00 00 00 00 00 00 00 ff fe 00 00 00 00 00 00 00 00 00 00 00 00 00 00 ff fe 00 00
  @5998 nz=6 b14=00 00 00 00 00 00 00 00 00 00 00 00 00 ff fe 00 00 00 00 00 00 00 00 00 00 00 00 00 00 ff fe 00 00 00 00 00 00 00 00 00 00 00 00 00 00 ff fe 00 00 00 00
  @6000 nz=6 b14=00 00 00 00 00 00 00 00 00 00 00 ff fe 00 00 00 00 00 00 00 00 00 00 00 00 00 00 ff fe 00 00 00 00 00 00 00 00 00 00 00 00 00 00 ff fe 00 00 00 00 00 00
  @6002 nz=6 b14=00 00 00 00 00 00 00 00 00 ff fe 00 00 00 00 00 00 00 00 00 00 00 00 00 00 ff fe 00 00 00 00 00 00 00 00 00 00 00 00 00 00 ff fe 00 00 00 00 00 00 00 00
  @6004 nz=6 b14=00 00 00 00 00 00 00 ff fe 00 00 00 00 00 00 00 00 00 00 00 00 00 00 ff fe 00 00 00 00 00 00 00 00 00 00 00 00 00 00 ff fe 00 00 00 00 00 00 00 00 00 00
  @6006 nz=6 b14=00 00 00 00 00 ff fe 00 00 00 00 00 00 00 00 00 00 00 00 00 00 ff fe 00 00 00 00 00 00 00 00 00 00 00 00 00 00 ff fe 00 00 00 00 00 00 00 00 00 00 00 00
  @6008 nz=6 b14=00 00 00 ff fe 00 00 00 00 00 00 00 00 00 00 00 00 00 00 ff fe 00 00 00 00 00 00 00 00 00 00 00 00 00 00 ff fe 00 00 00 00 00 00 00 00 00 00 00 00 00 00
  @6010 nz=8 b14=00 ff fe 00 00 00 00 00 00 00 00 00 00 00 00 00 00 ff fe 00 00 00 00 00 00 00 00 00 00 00 00 00 00 ff fe 00 00 00 00 00 00 00 00 00 00 00 00 00 00 ff fe
  @6012 nz=6 b14=ff 00 00 00 00 00 00 00 00 00 00 00 00 00 00 ff fe 00 00 00 00 00 00 00 00 00 00 00 00 00 00 ff fe 00 00 00 00 00 00 00 00 00 00 00 00 00 00 ff fe 00 00
  @6014 nz=6 b14=00 00 00 00 00 00 00 00 00 00 00 00 00 ff fe 00 00 00 00 00 00 00 00 00 00 00 00 00 00 ff fe 00 00 00 00 00 00 00 00 00 00 00 00 00 00 ff fe 00 00 00 00
  @6016 nz=6 b14=00 00 00 00 00 00 00 00 00 00 00 ff fe 00 00 00 00 00 00 00 00 00 00 00 00 00 00 ff fe 00 00 00 00 00 00 00 00 00 00 00 00 00 00 ff fe 00 00 00 00 00 00
  @6018 nz=6 b14=00 00 00 00 00 00 00 00 00 ff fe 00 00 00 00 00 00 00 00 00 00 00 00 00 00 ff fe 00 00 00 00 00 00 00 00 00 00 00 00 00 00 ff fe 00 00 00 00 00 00 00 00
  @6020 nz=6 b14=00 00 00 00 00 00 00 ff fe 00 00 00 00 00 00 00 00 00 00 00 00 00 00 ff fe 00 00 00 00 00 00 00 00 00 00 00 00 00 00 ff fe 00 00 00 00 00 00 00 00 00 00
  @6022 nz=6 b14=00 00 00 00 00 ff fe 00 00 00 00 00 00 00 00 00 00 00 00 00 00 ff fe 00 00 00 00 00 00 00 00 00 00 00 00 00 00 ff fe 00 00 00 00 00 00 00 00 00 00 00 00
  @6024 nz=6 b14=00 00 00 ff fe 00 00 00 00 00 00 00 00 00 00 00 00 00 00 ff fe 00 00 00 00 00 00 00 00 00 00 00 00 00 00 ff fe 00 00 00 00 00 00 00 00 00 00 00 00 00 00
  @6026 nz=8 b14=00 ff fe 00 00 00 00 00 00 00 00 00 00 00 00 00 00 ff fe 00 00 00 00 00 00 00 00 00 00 00 00 00 00 ff fe 00 00 00 00 00 00 00 00 00 00 00 00 00 00 ff fe
  @6028 nz=6 b14=ff 00 00 00 00 00 00 00 00 00 00 00 00 00 00 ff fe 00 00 00 00 00 00 00 00 00 00 00 00 00 00 ff fe 00 00 00 00 00 00 00 00 00 00 00 00 00 00 ff fe 00 00
  @6030 nz=6 b14=00 00 00 00 00 00 00 00 00 00 00 00 00 ff fe 00 00 00 00 00 00 00 00 00 00 00 00 00 00 ff fe 00 00 00 00 00 00 00 00 00 00 00 00 00 00 ff fe 00 00 00 00
  @6032 nz=6 b14=00 00 00 00 00 00 00 00 00 00 00 ff fe 00 00 00 00 00 00 00 00 00 00 00 00 00 00 ff fe 00 00 00 00 00 00 00 00 00 00 00 00 00 00 ff fe 00 00 00 00 00 00
  @6034 nz=6 b14=00 00 00 00 00 00 00 00 00 ff fe 00 00 00 00 00 00 00 00 00 00 00 00 00 00 ff fe 00 00 00 00 00 00 00 00 00 00 00 00 00 00 ff fe 00 00 00 00 00 00 00 00
  @6036 nz=6 b14=00 00 00 00 00 00 00 ff fe 00 00 00 00 00 00 00 00 00 00 00 00 00 00 ff fe 00 00 00 00 00 00 00 00 00 00 00 00 00 00 ff fe 00 00 00 00 00 00 00 00 00 00
  @6038 nz=6 b14=00 00 00 00 00 ff fe 00 00 00 00 00 00 00 00 00 00 00 00 00 00 ff fe 00 00 00 00 00 00 00 00 00 00 00 00 00 00 ff fe 00 00 00 00 00 00 00 00 00 00 00 00
  @6040 nz=6 b14=00 00 00 ff fe 00 00 00 00 00 00 00 00 00 00 00 00 00 00 ff fe 00 00 00 00 00 00 00 00 00 00 00 00 00 00 ff fe 00 00 00 00 00 00 00 00 00 00 00 00 00 00
  @6042 nz=8 b14=00 ff fe 00 00 00 00 00 00 00 00 00 00 00 00 00 00 ff fe 00 00 00 00 00 00 00 00 00 00 00 00 00 00 ff fe 00 00 00 00 00 00 00 00 00 00 00 00 00 00 ff fe
  @6044 nz=6 b14=ff 00 00 00 00 00 00 00 00 00 00 00 00 00 00 ff fe 00 00 00 00 00 00 00 00 00 00 00 00 00 00 ff fe 00 00 00 00 00 00 00 00 00 00 00 00 00 00 ff fe 00 00
  @6046 nz=6 b14=00 00 00 00 00 00 00 00 00 00 00 00 00 ff fe 00 00 00 00 00 00 00 00 00 00 00 00 00 00 ff fe 00 00 00 00 00 00 00 00 00 00 00 00 00 00 ff fe 00 00 00 00
  @6048 nz=6 b14=00 00 00 00 00 00 00 00 00 00 00 ff fe 00 00 00 00 00 00 00 00 00 00 00 00 00 00 ff fe 00 00 00 00 00 00 00 00 00 00 00 00 00 00 ff fe 00 00 00 00 00 00
  @6050 nz=6 b14=00 00 00 00 00 00 00 00 00 ff fe 00 00 00 00 00 00 00 00 00 00 00 00 00 00 ff fe 00 00 00 00 00 00 00 00 00 00 00 00 00 00 ff fe 00 00 00 00 00 00 00 00
  @6052 nz=6 b14=00 00 00 00 00 00 00 ff fe 00 00 00 00 00 00 00 00 00 00 00 00 00 00 ff fe 00 00 00 00 00 00 00 00 00 00 00 00 00 00 ff fe 00 00 00 00 00 00 00 00 00 00
  @6054 nz=6 b14=00 00 00 00 00 ff fe 00 00 00 00 00 00 00 00 00 00 00 00 00 00 ff fe 00 00 00 00 00 00 00 00 00 00 00 00 00 00 ff fe 00 00 00 00 00 00 00 00 00 00 00 00
  @6056 nz=6 b14=00 00 00 ff fe 00 00 00 00 00 00 00 00 00 00 00 00 00 00 ff fe 00 00 00 00 00 00 00 00 00 00 00 00 00 00 ff fe 00 00 00 00 00 00 00 00 00 00 00 00 00 00
  @6058 nz=8 b14=00 ff fe 00 00 00 00 00 00 00 00 00 00 00 00 00 00 ff fe 00 00 00 00 00 00 00 00 00 00 00 00 00 00 ff fe 00 00 00 00 00 00 00 00 00 00 00 00 00 00 ff fe
  @6060 nz=6 b14=ff 00 00 00 00 00 00 00 00 00 00 00 00 00 00 ff fe 00 00 00 00 00 00 00 00 00 00 00 00 00 00 ff fe 00 00 00 00 00 00 00 00 00 00 00 00 00 00 ff fe 00 00
  @6062 nz=6 b14=00 00 00 00 00 00 00 00 00 00 00 00 00 ff fe 00 00 00 00 00 00 00 00 00 00 00 00 00 00 ff fe 00 00 00 00 00 00 00 00 00 00 00 00 00 00 ff fe 00 00 00 00
  @6064 nz=6 b14=00 00 00 00 00 00 00 00 00 00 00 ff fe 00 00 00 00 00 00 00 00 00 00 00 00 00 00 ff fe 00 00 00 00 00 00 00 00 00 00 00 00 00 00 ff fe 00 00 00 00 00 00
  @6066 nz=6 b14=00 00 00 00 00 00 00 00 00 ff fe 00 00 00 00 00 00 00 00 00 00 00 00 00 00 ff fe 00 00 00 00 00 00 00 00 00 00 00 00 00 00 ff fe 00 00 00 00 00 00 00 00
  @6068 nz=6 b14=00 00 00 00 00 00 00 ff fe 00 00 00 00 00 00 00 00 00 00 00 00 00 00 ff fe 00 00 00 00 00 00 00 00 00 00 00 00 00 00 ff fe 00 00 00 00 00 00 00 00 00 00
  @6070 nz=6 b14=00 00 00 00 00 ff fe 00 00 00 00 00 00 00 00 00 00 00 00 00 00 ff fe 00 00 00 00 00 00 00 00 00 00 00 00 00 00 ff fe 00 00 00 00 00 00 00 00 00 00 00 00
  @6072 nz=6 b14=00 00 00 ff fe 00 00 00 00 00 00 00 00 00 00 00 00 00 00 ff fe 00 00 00 00 00 00 00 00 00 00 00 00 00 00 ff fe 00 00 00 00 00 00 00 00 00 00 00 00 00 00
  @6074 nz=8 b14=00 ff fe 00 00 00 00 00 00 00 00 00 00 00 00 00 00 ff fe 00 00 00 00 00 00 00 00 00 00 00 00 00 00 ff fe 00 00 00 00 00 00 00 00 00 00 00 00 00 00 ff fe
  @6076 nz=6 b14=ff 00 00 00 00 00 00 00 00 00 00 00 00 00 00 ff fe 00 00 00 00 00 00 00 00 00 00 00 00 00 00 ff fe 00 00 00 00 00 00 00 00 00 00 00 00 00 00 ff fe 00 00
  @6078 nz=6 b14=00 00 00 00 00 00 00 00 00 00 00 00 00 ff fe 00 00 00 00 00 00 00 00 00 00 00 00 00 00 ff fe 00 00 00 00 00 00 00 00 00 00 00 00 00 00 ff fe 00 00 00 00
  @6080 nz=6 b14=00 00 00 00 00 00 00 00 00 00 00 ff fe 00 00 00 00 00 00 00 00 00 00 00 00 00 00 ff fe 00 00 00 00 00 00 00 00 00 00 00 00 00 00 ff fe 00 00 00 00 00 00
  @6082 nz=6 b14=00 00 00 00 00 00 00 00 00 ff fe 00 00 00 00 00 00 00 00 00 00 00 00 00 00 ff fe 00 00 00 00 00 00 00 00 00 00 00 00 00 00 ff fe 00 00 00 00 00 00 00 00
  @6084 nz=6 b14=00 00 00 00 00 00 00 ff fe 00 00 00 00 00 00 00 00 00 00 00 00 00 00 ff fe 00 00 00 00 00 00 00 00 00 00 00 00 00 00 ff fe 00 00 00 00 00 00 00 00 00 00
  @6086 nz=6 b14=00 00 00 00 00 ff fe 00 00 00 00 00 00 00 00 00 00 00 00 00 00 ff fe 00 00 00 00 00 00 00 00 00 00 00 00 00 00 ff fe 00 00 00 00 00 00 00 00 00 00 00 00
  @6088 nz=6 b14=00 00 00 ff fe 00 00 00 00 00 00 00 00 00 00 00 00 00 00 ff fe 00 00 00 00 00 00 00 00 00 00 00 00 00 00 ff fe 00 00 00 00 00 00 00 00 00 00 00 00 00 00
  @6090 nz=8 b14=00 ff fe 00 00 00 00 00 00 00 00 00 00 00 00 00 00 ff fe 00 00 00 00 00 00 00 00 00 00 00 00 00 00 ff fe 00 00 00 00 00 00 00 00 00 00 00 00 00 00 ff fe
  @6092 nz=6 b14=ff 00 00 00 00 00 00 00 00 00 00 00 00 00 00 ff fe 00 00 00 00 00 00 00 00 00 00 00 00 00 00 ff fe 00 00 00 00 00 00 00 00 00 00 00 00 00 00 ff fe 00 00
  @6094 nz=6 b14=00 00 00 00 00 00 00 00 00 00 00 00 00 ff fe 00 00 00 00 00 00 00 00 00 00 00 00 00 00 ff fe 00 00 00 00 00 00 00 00 00 00 00 00 00 00 ff fe 00 00 00 00
  @6096 nz=6 b14=00 00 00 00 00 00 00 00 00 00 00 ff fe 00 00 00 00 00 00 00 00 00 00 00 00 00 00 ff fe 00 00 00 00 00 00 00 00 00 00 00 00 00 00 ff fe 00 00 00 00 00 00
  @6098 nz=6 b14=00 00 00 00 00 00 00 00 00 ff fe 00 00 00 00 00 00 00 00 00 00 00 00 00 00 ff fe 00 00 00 00 00 00 00 00 00 00 00 00 00 00 ff fe 00 00 00 00 00 00 00 00
  @6100 nz=6 b14=00 00 00 00 00 00 00 ff fe 00 00 00 00 00 00 00 00 00 00 00 00 00 00 ff fe 00 00 00 00 00 00 00 00 00 00 00 00 00 00 ff fe 00 00 00 00 00 00 00 00 00 00
  @6102 nz=6 b14=00 00 00 00 00 ff fe 00 00 00 00 00 00 00 00 00 00 00 00 00 00 ff fe 00 00 00 00 00 00 00 00 00 00 00 00 00 00 ff fe 00 00 00 00 00 00 00 00 00 00 00 00
  @6104 nz=6 b14=00 00 00 ff fe 00 00 00 00 00 00 00 00 00 00 00 00 00 00 ff fe 00 00 00 00 00 00 00 00 00 00 00 00 00 00 ff fe 00 00 00 00 00 00 00 00 00 00 00 00 00 00
  @6106 nz=8 b14=00 ff fe 00 00 00 00 00 00 00 00 00 00 00 00 00 00 ff fe 00 00 00 00 00 00 00 00 00 00 00 00 00 00 ff fe 00 00 00 00 00 00 00 00 00 00 00 00 00 00 ff fe
  @6108 nz=6 b14=ff 00 00 00 00 00 00 00 00 00 00 00 00 00 00 ff fe 00 00 00 00 00 00 00 00 00 00 00 00 00 00 ff fe 00 00 00 00 00 00 00 00 00 00 00 00 00 00 ff fe 00 00
  @6110 nz=6 b14=00 00 00 00 00 00 00 00 00 00 00 00 00 ff fe 00 00 00 00 00 00 00 00 00 00 00 00 00 00 ff fe 00 00 00 00 00 00 00 00 00 00 00 00 00 00 ff fe 00 00 00 00
  @6112 nz=6 b14=00 00 00 00 00 00 00 00 00 00 00 ff fe 00 00 00 00 00 00 00 00 00 00 00 00 00 00 ff fe 00 00 00 00 00 00 00 00 00 00 00 00 00 00 ff fe 00 00 00 00 00 00
  @6114 nz=6 b14=00 00 00 00 00 00 00 00 00 ff fe 00 00 00 00 00 00 00 00 00 00 00 00 00 00 ff fe 00 00 00 00 00 00 00 00 00 00 00 00 00 00 ff fe 00 00 00 00 00 00 00 00
  @6116 nz=6 b14=00 00 00 00 00 00 00 ff fe 00 00 00 00 00 00 00 00 00 00 00 00 00 00 ff fe 00 00 00 00 00 00 00 00 00 00 00 00 00 00 ff fe 00 00 00 00 00 00 00 00 00 00
  @6118 nz=6 b14=00 00 00 00 00 ff fe 00 00 00 00 00 00 00 00 00 00 00 00 00 00 ff fe 00 00 00 00 00 00 00 00 00 00 00 00 00 00 ff fe 00 00 00 00 00 00 00 00 00 00 00 00
  @6120 nz=6 b14=00 00 00 ff fe 00 00 00 00 00 00 00 00 00 00 00 00 00 00 ff fe 00 00 00 00 00 00 00 00 00 00 00 00 00 00 ff fe 00 00 00 00 00 00 00 00 00 00 00 00 00 00
  @6122 nz=8 b14=00 ff fe 00 00 00 00 00 00 00 00 00 00 00 00 00 00 ff fe 00 00 00 00 00 00 00 00 00 00 00 00 00 00 ff fe 00 00 00 00 00 00 00 00 00 00 00 00 00 00 ff fe
  @6124 nz=6 b14=ff 00 00 00 00 00 00 00 00 00 00 00 00 00 00 ff fe 00 00 00 00 00 00 00 00 00 00 00 00 00 00 ff fe 00 00 00 00 00 00 00 00 00 00 00 00 00 00 ff fe 00 00
  @6126 nz=6 b14=00 00 00 00 00 00 00 00 00 00 00 00 00 ff fe 00 00 00 00 00 00 00 00 00 00 00 00 00 00 ff fe 00 00 00 00 00 00 00 00 00 00 00 00 00 00 ff fe 00 00 00 00
  @6128 nz=6 b14=00 00 00 00 00 00 00 00 00 00 00 ff fe 00 00 00 00 00 00 00 00 00 00 00 00 00 00 ff fe 00 00 00 00 00 00 00 00 00 00 00 00 00 00 ff fe 00 00 00 00 00 00
  @6130 nz=6 b14=00 00 00 00 00 00 00 00 00 ff fe 00 00 00 00 00 00 00 00 00 00 00 00 00 00 ff fe 00 00 00 00 00 00 00 00 00 00 00 00 00 00 ff fe 00 00 00 00 00 00 00 00
  @6132 nz=6 b14=00 00 00 00 00 00 00 ff fe 00 00 00 00 00 00 00 00 00 00 00 00 00 00 ff fe 00 00 00 00 00 00 00 00 00 00 00 00 00 00 ff fe 00 00 00 00 00 00 00 00 00 00
  @6134 nz=6 b14=00 00 00 00 00 ff fe 00 00 00 00 00 00 00 00 00 00 00 00 00 00 ff fe 00 00 00 00 00 00 00 00 00 00 00 00 00 00 ff fe 00 00 00 00 00 00 00 00 00 00 00 00
  @6136 nz=6 b14=00 00 00 ff fe 00 00 00 00 00 00 00 00 00 00 00 00 00 00 ff fe 00 00 00 00 00 00 00 00 00 00 00 00 00 00 ff fe 00 00 00 00 00 00 00 00 00 00 00 00 00 00
  @6138 nz=8 b14=00 ff fe 00 00 00 00 00 00 00 00 00 00 00 00 00 00 ff fe 00 00 00 00 00 00 00 00 00 00 00 00 00 00 ff fe 00 00 00 00 00 00 00 00 00 00 00 00 00 00 ff fe
  @6140 nz=6 b14=ff 00 00 00 00 00 00 00 00 00 00 00 00 00 00 ff fe 00 00 00 00 00 00 00 00 00 00 00 00 00 00 ff fe 00 00 00 00 00 00 00 00 00 00 00 00 00 00 ff fe 00 00
  @6142 nz=6 b14=00 00 00 00 00 00 00 00 00 00 00 00 00 ff fe 00 00 00 00 00 00 00 00 00 00 00 00 00 00 ff fe 00 00 00 00 00 00 00 00 00 00 00 00 00 00 ff fe 00 00 00 00
  @6144 nz=6 b14=00 00 00 00 00 00 00 00 00 00 00 ff fe 00 00 00 00 00 00 00 00 00 00 00 00 00 00 ff fe 00 00 00 00 00 00 00 00 00 00 00 00 00 00 ff fe 00 00 00 00 00 00
  @6146 nz=6 b14=00 00 00 00 00 00 00 00 00 ff fe 00 00 00 00 00 00 00 00 00 00 00 00 00 00 ff fe 00 00 00 00 00 00 00 00 00 00 00 00 00 00 ff fe 00 00 00 00 00 00 00 00
  @6148 nz=6 b14=00 00 00 00 00 00 00 ff fe 00 00 00 00 00 00 00 00 00 00 00 00 00 00 ff fe 00 00 00 00 00 00 00 00 00 00 00 00 00 00 ff fe 00 00 00 00 00 00 00 00 00 00
  @6150 nz=6 b14=00 00 00 00 00 ff fe 00 00 00 00 00 00 00 00 00 00 00 00 00 00 ff fe 00 00 00 00 00 00 00 00 00 00 00 00 00 00 ff fe 00 00 00 00 00 00 00 00 00 00 00 00
  @6152 nz=6 b14=00 00 00 ff fe 00 00 00 00 00 00 00 00 00 00 00 00 00 00 ff fe 00 00 00 00 00 00 00 00 00 00 00 00 00 00 ff fe 00 00 00 00 00 00 00 00 00 00 00 00 00 00
  @6154 nz=8 b14=00 ff fe 00 00 00 00 00 00 00 00 00 00 00 00 00 00 ff fe 00 00 00 00 00 00 00 00 00 00 00 00 00 00 ff fe 00 00 00 00 00 00 00 00 00 00 00 00 00 00 ff fe
  @6156 nz=6 b14=ff 00 00 00 00 00 00 00 00 00 00 00 00 00 00 ff fe 00 00 00 00 00 00 00 00 00 00 00 00 00 00 ff fe 00 00 00 00 00 00 00 00 00 00 00 00 00 00 ff fe 00 00
  @6158 nz=6 b14=00 00 00 00 00 00 00 00 00 00 00 00 00 ff fe 00 00 00 00 00 00 00 00 00 00 00 00 00 00 ff fe 00 00 00 00 00 00 00 00 00 00 00 00 00 00 ff fe 00 00 00 00
  @6160 nz=6 b14=00 00 00 00 00 00 00 00 00 00 00 ff fe 00 00 00 00 00 00 00 00 00 00 00 00 00 00 ff fe 00 00 00 00 00 00 00 00 00 00 00 00 00 00 ff fe 00 00 00 00 00 00
  @6162 nz=6 b14=00 00 00 00 00 00 00 00 00 ff fe 00 00 00 00 00 00 00 00 00 00 00 00 00 00 ff fe 00 00 00 00 00 00 00 00 00 00 00 00 00 00 ff fe 00 00 00 00 00 00 00 00
  @6164 nz=6 b14=00 00 00 00 00 00 00 ff fe 00 00 00 00 00 00 00 00 00 00 00 00 00 00 ff fe 00 00 00 00 00 00 00 00 00 00 00 00 00 00 ff fe 00 00 00 00 00 00 00 00 00 00
  @6166 nz=6 b14=00 00 00 00 00 ff fe 00 00 00 00 00 00 00 00 00 00 00 00 00 00 ff fe 00 00 00 00 00 00 00 00 00 00 00 00 00 00 ff fe 00 00 00 00 00 00 00 00 00 00 00 00
  @6168 nz=6 b14=00 00 00 ff fe 00 00 00 00 00 00 00 00 00 00 00 00 00 00 ff fe 00 00 00 00 00 00 00 00 00 00 00 00 00 00 ff fe 00 00 00 00 00 00 00 00 00 00 00 00 00 00
  @6170 nz=8 b14=00 ff fe 00 00 00 00 00 00 00 00 00 00 00 00 00 00 ff fe 00 00 00 00 00 00 00 00 00 00 00 00 00 00 ff fe 00 00 00 00 00 00 00 00 00 00 00 00 00 00 ff fe
  @6172 nz=6 b14=ff 00 00 00 00 00 00 00 00 00 00 00 00 00 00 ff fe 00 00 00 00 00 00 00 00 00 00 00 00 00 00 ff fe 00 00 00 00 00 00 00 00 00 00 00 00 00 00 ff fe 00 00
  @6174 nz=6 b14=00 00 00 00 00 00 00 00 00 00 00 00 00 ff fe 00 00 00 00 00 00 00 00 00 00 00 00 00 00 ff fe 00 00 00 00 00 00 00 00 00 00 00 00 00 00 ff fe 00 00 00 00
  @6176 nz=6 b14=00 00 00 00 00 00 00 00 00 00 00 ff fe 00 00 00 00 00 00 00 00 00 00 00 00 00 00 ff fe 00 00 00 00 00 00 00 00 00 00 00 00 00 00 ff fe 00 00 00 00 00 00
  @6178 nz=6 b14=00 00 00 00 00 00 00 00 00 ff fe 00 00 00 00 00 00 00 00 00 00 00 00 00 00 ff fe 00 00 00 00 00 00 00 00 00 00 00 00 00 00 ff fe 00 00 00 00 00 00 00 00
  @6180 nz=6 b14=00 00 00 00 00 00 00 ff fe 00 00 00 00 00 00 00 00 00 00 00 00 00 00 ff fe 00 00 00 00 00 00 00 00 00 00 00 00 00 00 ff fe 00 00 00 00 00 00 00 00 00 00
  @6182 nz=6 b14=00 00 00 00 00 ff fe 00 00 00 00 00 00 00 00 00 00 00 00 00 00 ff fe 00 00 00 00 00 00 00 00 00 00 00 00 00 00 ff fe 00 00 00 00 00 00 00 00 00 00 00 00
  @6184 nz=6 b14=00 00 00 ff fe 00 00 00 00 00 00 00 00 00 00 00 00 00 00 ff fe 00 00 00 00 00 00 00 00 00 00 00 00 00 00 ff fe 00 00 00 00 00 00 00 00 00 00 00 00 00 00
  @6186 nz=8 b14=00 ff fe 00 00 00 00 00 00 00 00 00 00 00 00 00 00 ff fe 00 00 00 00 00 00 00 00 00 00 00 00 00 00 ff fe 00 00 00 00 00 00 00 00 00 00 00 00 00 00 ff fe
  @6188 nz=6 b14=ff 00 00 00 00 00 00 00 00 00 00 00 00 00 00 ff fe 00 00 00 00 00 00 00 00 00 00 00 00 00 00 ff fe 00 00 00 00 00 00 00 00 00 00 00 00 00 00 ff fe 00 00
  @6190 nz=6 b14=00 00 00 00 00 00 00 00 00 00 00 00 00 ff fe 00 00 00 00 00 00 00 00 00 00 00 00 00 00 ff fe 00 00 00 00 00 00 00 00 00 00 00 00 00 00 ff fe 00 00 00 00
  @6192 nz=6 b14=00 00 00 00 00 00 00 00 00 00 00 ff fe 00 00 00 00 00 00 00 00 00 00 00 00 00 00 ff fe 00 00 00 00 00 00 00 00 00 00 00 00 00 00 ff fe 00 00 00 00 00 00
  @6194 nz=6 b14=00 00 00 00 00 00 00 00 00 ff fe 00 00 00 00 00 00 00 00 00 00 00 00 00 00 ff fe 00 00 00 00 00 00 00 00 00 00 00 00 00 00 ff fe 00 00 00 00 00 00 00 00
  @6196 nz=6 b14=00 00 00 00 00 00 00 ff fe 00 00 00 00 00 00 00 00 00 00 00 00 00 00 ff fe 00 00 00 00 00 00 00 00 00 00 00 00 00 00 ff fe 00 00 00 00 00 00 00 00 00 00
  @6198 nz=6 b14=00 00 00 00 00 ff fe 00 00 00 00 00 00 00 00 00 00 00 00 00 00 ff fe 00 00 00 00 00 00 00 00 00 00 00 00 00 00 ff fe 00 00 00 00 00 00 00 00 00 00 00 00
  @6200 nz=6 b14=00 00 00 ff fe 00 00 00 00 00 00 00 00 00 00 00 00 00 00 ff fe 00 00 00 00 00 00 00 00 00 00 00 00 00 00 ff fe 00 00 00 00 00 00 00 00 00 00 00 00 00 00
  @6202 nz=8 b14=00 ff fe 00 00 00 00 00 00 00 00 00 00 00 00 00 00 ff fe 00 00 00 00 00 00 00 00 00 00 00 00 00 00 ff fe 00 00 00 00 00 00 00 00 00 00 00 00 00 00 ff fe
  @6204 nz=6 b14=ff 00 00 00 00 00 00 00 00 00 00 00 00 00 00 ff fe 00 00 00 00 00 00 00 00 00 00 00 00 00 00 ff fe 00 00 00 00 00 00 00 00 00 00 00 00 00 00 ff fe 00 00
  @6206 nz=6 b14=00 00 00 00 00 00 00 00 00 00 00 00 00 ff fe 00 00 00 00 00 00 00 00 00 00 00 00 00 00 ff fe 00 00 00 00 00 00 00 00 00 00 00 00 00 00 ff fe 00 00 00 00
  @6208 nz=6 b14=00 00 00 00 00 00 00 00 00 00 00 ff fe 00 00 00 00 00 00 00 00 00 00 00 00 00 00 ff fe 00 00 00 00 00 00 00 00 00 00 00 00 00 00 ff fe 00 00 00 00 00 00
  @6210 nz=6 b14=00 00 00 00 00 00 00 00 00 ff fe 00 00 00 00 00 00 00 00 00 00 00 00 00 00 ff fe 00 00 00 00 00 00 00 00 00 00 00 00 00 00 ff fe 00 00 00 00 00 00 00 00
  @6212 nz=6 b14=00 00 00 00 00 00 00 ff fe 00 00 00 00 00 00 00 00 00 00 00 00 00 00 ff fe 00 00 00 00 00 00 00 00 00 00 00 00 00 00 ff fe 00 00 00 00 00 00 00 00 00 00
  @6214 nz=6 b14=00 00 00 00 00 ff fe 00 00 00 00 00 00 00 00 00 00 00 00 00 00 ff fe 00 00 00 00 00 00 00 00 00 00 00 00 00 00 ff fe 00 00 00 00 00 00 00 00 00 00 00 00
  @6216 nz=6 b14=00 00 00 ff fe 00 00 00 00 00 00 00 00 00 00 00 00 00 00 ff fe 00 00 00 00 00 00 00 00 00 00 00 00 00 00 ff fe 00 00 00 00 00 00 00 00 00 00 00 00 00 00
  @6218 nz=8 b14=00 ff fe 00 00 00 00 00 00 00 00 00 00 00 00 00 00 ff fe 00 00 00 00 00 00 00 00 00 00 00 00 00 00 ff fe 00 00 00 00 00 00 00 00 00 00 00 00 00 00 ff fe
  @6220 nz=6 b14=ff 00 00 00 00 00 00 00 00 00 00 00 00 00 00 ff fe 00 00 00 00 00 00 00 00 00 00 00 00 00 00 ff fe 00 00 00 00 00 00 00 00 00 00 00 00 00 00 ff fe 00 00
  @6222 nz=6 b14=00 00 00 00 00 00 00 00 00 00 00 00 00 ff fe 00 00 00 00 00 00 00 00 00 00 00 00 00 00 ff fe 00 00 00 00 00 00 00 00 00 00 00 00 00 00 ff fe 00 00 00 00
  @6224 nz=6 b14=00 00 00 00 00 00 00 00 00 00 00 ff fe 00 00 00 00 00 00 00 00 00 00 00 00 00 00 ff fe 00 00 00 00 00 00 00 00 00 00 00 00 00 00 ff fe 00 00 00 00 00 00
  @6226 nz=6 b14=00 00 00 00 00 00 00 00 00 ff fe 00 00 00 00 00 00 00 00 00 00 00 00 00 00 ff fe 00 00 00 00 00 00 00 00 00 00 00 00 00 00 ff fe 00 00 00 00 00 00 00 00
  @6228 nz=6 b14=00 00 00 00 00 00 00 ff fe 00 00 00 00 00 00 00 00 00 00 00 00 00 00 ff fe 00 00 00 00 00 00 00 00 00 00 00 00 00 00 ff fe 00 00 00 00 00 00 00 00 00 00
  @6230 nz=6 b14=00 00 00 00 00 ff fe 00 00 00 00 00 00 00 00 00 00 00 00 00 00 ff fe 00 00 00 00 00 00 00 00 00 00 00 00 00 00 ff fe 00 00 00 00 00 00 00 00 00 00 00 00
  @6232 nz=6 b14=00 00 00 ff fe 00 00 00 00 00 00 00 00 00 00 00 00 00 00 ff fe 00 00 00 00 00 00 00 00 00 00 00 00 00 00 ff fe 00 00 00 00 00 00 00 00 00 00 00 00 00 00
  @6234 nz=8 b14=00 ff fe 00 00 00 00 00 00 00 00 00 00 00 00 00 00 ff fe 00 00 00 00 00 00 00 00 00 00 00 00 00 00 ff fe 00 00 00 00 00 00 00 00 00 00 00 00 00 00 ff fe
  @6236 nz=6 b14=ff 00 00 00 00 00 00 00 00 00 00 00 00 00 00 ff fe 00 00 00 00 00 00 00 00 00 00 00 00 00 00 ff fe 00 00 00 00 00 00 00 00 00 00 00 00 00 00 ff fe 00 00
  @6238 nz=6 b14=00 00 00 00 00 00 00 00 00 00 00 00 00 ff fe 00 00 00 00 00 00 00 00 00 00 00 00 00 00 ff fe 00 00 00 00 00 00 00 00 00 00 00 00 00 00 ff fe 00 00 00 00
  @6240 nz=6 b14=00 00 00 00 00 00 00 00 00 00 00 ff fe 00 00 00 00 00 00 00 00 00 00 00 00 00 00 ff fe 00 00 00 00 00 00 00 00 00 00 00 00 00 00 ff fe 00 00 00 00 00 00
  @6242 nz=6 b14=00 00 00 00 00 00 00 00 00 ff fe 00 00 00 00 00 00 00 00 00 00 00 00 00 00 ff fe 00 00 00 00 00 00 00 00 00 00 00 00 00 00 ff fe 00 00 00 00 00 00 00 00
  @6244 nz=6 b14=00 00 00 00 00 00 00 ff fe 00 00 00 00 00 00 00 00 00 00 00 00 00 00 ff fe 00 00 00 00 00 00 00 00 00 00 00 00 00 00 ff fe 00 00 00 00 00 00 00 00 00 00
  @6246 nz=6 b14=00 00 00 00 00 ff fe 00 00 00 00 00 00 00 00 00 00 00 00 00 00 ff fe 00 00 00 00 00 00 00 00 00 00 00 00 00 00 ff fe 00 00 00 00 00 00 00 00 00 00 00 00
  @6248 nz=6 b14=00 00 00 ff fe 00 00 00 00 00 00 00 00 00 00 00 00 00 00 ff fe 00 00 00 00 00 00 00 00 00 00 00 00 00 00 ff fe 00 00 00 00 00 00 00 00 00 00 00 00 00 00
  @6250 nz=8 b14=00 ff fe 00 00 00 00 00 00 00 00 00 00 00 00 00 00 ff fe 00 00 00 00 00 00 00 00 00 00 00 00 00 00 ff fe 00 00 00 00 00 00 00 00 00 00 00 00 00 00 ff fe
  @6252 nz=6 b14=ff 00 00 00 00 00 00 00 00 00 00 00 00 00 00 ff fe 00 00 00 00 00 00 00 00 00 00 00 00 00 00 ff fe 00 00 00 00 00 00 00 00 00 00 00 00 00 00 ff fe 00 00
  @6254 nz=6 b14=00 00 00 00 00 00 00 00 00 00 00 00 00 ff fe 00 00 00 00 00 00 00 00 00 00 00 00 00 00 ff fe 00 00 00 00 00 00 00 00 00 00 00 00 00 00 ff fe 00 00 00 00
  @6256 nz=6 b14=00 00 00 00 00 00 00 00 00 00 00 ff fe 00 00 00 00 00 00 00 00 00 00 00 00 00 00 ff fe 00 00 00 00 00 00 00 00 00 00 00 00 00 00 ff fe 00 00 00 00 00 00
  @6258 nz=6 b14=00 00 00 00 00 00 00 00 00 ff fe 00 00 00 00 00 00 00 00 00 00 00 00 00 00 ff fe 00 00 00 00 00 00 00 00 00 00 00 00 00 00 ff fe 00 00 00 00 00 00 00 00
  @6260 nz=6 b14=00 00 00 00 00 00 00 ff fe 00 00 00 00 00 00 00 00 00 00 00 00 00 00 ff fe 00 00 00 00 00 00 00 00 00 00 00 00 00 00 ff fe 00 00 00 00 00 00 00 00 00 00
  @6262 nz=6 b14=00 00 00 00 00 ff fe 00 00 00 00 00 00 00 00 00 00 00 00 00 00 ff fe 00 00 00 00 00 00 00 00 00 00 00 00 00 00 ff fe 00 00 00 00 00 00 00 00 00 00 00 00
  @6264 nz=6 b14=00 00 00 ff fe 00 00 00 00 00 00 00 00 00 00 00 00 00 00 ff fe 00 00 00 00 00 00 00 00 00 00 00 00 00 00 ff fe 00 00 00 00 00 00 00 00 00 00 00 00 00 00
  @6266 nz=8 b14=00 ff fe 00 00 00 00 00 00 00 00 00 00 00 00 00 00 ff fe 00 00 00 00 00 00 00 00 00 00 00 00 00 00 ff fe 00 00 00 00 00 00 00 00 00 00 00 00 00 00 ff fe
  @6268 nz=6 b14=ff 00 00 00 00 00 00 00 00 00 00 00 00 00 00 ff fe 00 00 00 00 00 00 00 00 00 00 00 00 00 00 ff fe 00 00 00 00 00 00 00 00 00 00 00 00 00 00 ff fe 00 00
  @6270 nz=6 b14=00 00 00 00 00 00 00 00 00 00 00 00 00 ff fe 00 00 00 00 00 00 00 00 00 00 00 00 00 00 ff fe 00 00 00 00 00 00 00 00 00 00 00 00 00 00 ff fe 00 00 00 00
  @6272 nz=6 b14=00 00 00 00 00 00 00 00 00 00 00 ff fe 00 00 00 00 00 00 00 00 00 00 00 00 00 00 ff fe 00 00 00 00 00 00 00 00 00 00 00 00 00 00 ff fe 00 00 00 00 00 00
  @6274 nz=6 b14=00 00 00 00 00 00 00 00 00 ff fe 00 00 00 00 00 00 00 00 00 00 00 00 00 00 ff fe 00 00 00 00 00 00 00 00 00 00 00 00 00 00 ff fe 00 00 00 00 00 00 00 00
  @6276 nz=6 b14=00 00 00 00 00 00 00 ff fe 00 00 00 00 00 00 00 00 00 00 00 00 00 00 ff fe 00 00 00 00 00 00 00 00 00 00 00 00 00 00 ff fe 00 00 00 00 00 00 00 00 00 00
  @6278 nz=6 b14=00 00 00 00 00 ff fe 00 00 00 00 00 00 00 00 00 00 00 00 00 00 ff fe 00 00 00 00 00 00 00 00 00 00 00 00 00 00 ff fe 00 00 00 00 00 00 00 00 00 00 00 00
  @6280 nz=6 b14=00 00 00 ff fe 00 00 00 00 00 00 00 00 00 00 00 00 00 00 ff fe 00 00 00 00 00 00 00 00 00 00 00 00 00 00 ff fe 00 00 00 00 00 00 00 00 00 00 00 00 00 00
  @6282 nz=8 b14=00 ff fe 00 00 00 00 00 00 00 00 00 00 00 00 00 00 ff fe 00 00 00 00 00 00 00 00 00 00 00 00 00 00 ff fe 00 00 00 00 00 00 00 00 00 00 00 00 00 00 ff fe
  @6284 nz=6 b14=ff 00 00 00 00 00 00 00 00 00 00 00 00 00 00 ff fe 00 00 00 00 00 00 00 00 00 00 00 00 00 00 ff fe 00 00 00 00 00 00 00 00 00 00 00 00 00 00 ff fe 00 00
  @6286 nz=6 b14=00 00 00 00 00 00 00 00 00 00 00 00 00 ff fe 00 00 00 00 00 00 00 00 00 00 00 00 00 00 ff fe 00 00 00 00 00 00 00 00 00 00 00 00 00 00 ff fe 00 00 00 00
  @6288 nz=6 b14=00 00 00 00 00 00 00 00 00 00 00 ff fe 00 00 00 00 00 00 00 00 00 00 00 00 00 00 ff fe 00 00 00 00 00 00 00 00 00 00 00 00 00 00 ff fe 00 00 00 00 00 00
  @6290 nz=6 b14=00 00 00 00 00 00 00 00 00 ff fe 00 00 00 00 00 00 00 00 00 00 00 00 00 00 ff fe 00 00 00 00 00 00 00 00 00 00 00 00 00 00 ff fe 00 00 00 00 00 00 00 00
  @6292 nz=6 b14=00 00 00 00 00 00 00 ff fe 00 00 00 00 00 00 00 00 00 00 00 00 00 00 ff fe 00 00 00 00 00 00 00 00 00 00 00 00 00 00 ff fe 00 00 00 00 00 00 00 00 00 00
  @6294 nz=6 b14=00 00 00 00 00 ff fe 00 00 00 00 00 00 00 00 00 00 00 00 00 00 ff fe 00 00 00 00 00 00 00 00 00 00 00 00 00 00 ff fe 00 00 00 00 00 00 00 00 00 00 00 00
  @6296 nz=6 b14=00 00 00 ff fe 00 00 00 00 00 00 00 00 00 00 00 00 00 00 ff fe 00 00 00 00 00 00 00 00 00 00 00 00 00 00 ff fe 00 00 00 00 00 00 00 00 00 00 00 00 00 00
  @6298 nz=8 b14=00 ff fe 00 00 00 00 00 00 00 00 00 00 00 00 00 00 ff fe 00 00 00 00 00 00 00 00 00 00 00 00 00 00 ff fe 00 00 00 00 00 00 00 00 00 00 00 00 00 00 ff fe
  @6300 nz=6 b14=ff 00 00 00 00 00 00 00 00 00 00 00 00 00 00 ff fe 00 00 00 00 00 00 00 00 00 00 00 00 00 00 ff fe 00 00 00 00 00 00 00 00 00 00 00 00 00 00 ff fe 00 00
  @6302 nz=6 b14=00 00 00 00 00 00 00 00 00 00 00 00 00 ff fe 00 00 00 00 00 00 00 00 00 00 00 00 00 00 ff fe 00 00 00 00 00 00 00 00 00 00 00 00 00 00 ff fe 00 00 00 00
  @6304 nz=6 b14=00 00 00 00 00 00 00 00 00 00 00 ff fe 00 00 00 00 00 00 00 00 00 00 00 00 00 00 ff fe 00 00 00 00 00 00 00 00 00 00 00 00 00 00 ff fe 00 00 00 00 00 00
  @6306 nz=6 b14=00 00 00 00 00 00 00 00 00 ff fe 00 00 00 00 00 00 00 00 00 00 00 00 00 00 ff fe 00 00 00 00 00 00 00 00 00 00 00 00 00 00 ff fe 00 00 00 00 00 00 00 00
  @6308 nz=6 b14=00 00 00 00 00 00 00 ff fe 00 00 00 00 00 00 00 00 00 00 00 00 00 00 ff fe 00 00 00 00 00 00 00 00 00 00 00 00 00 00 ff fe 00 00 00 00 00 00 00 00 00 00
  @6310 nz=6 b14=00 00 00 00 00 ff fe 00 00 00 00 00 00 00 00 00 00 00 00 00 00 ff fe 00 00 00 00 00 00 00 00 00 00 00 00 00 00 ff fe 00 00 00 00 00 00 00 00 00 00 00 00
  @6312 nz=6 b14=00 00 00 ff fe 00 00 00 00 00 00 00 00 00 00 00 00 00 00 ff fe 00 00 00 00 00 00 00 00 00 00 00 00 00 00 ff fe 00 00 00 00 00 00 00 00 00 00 00 00 00 00
  @6314 nz=8 b14=00 ff fe 00 00 00 00 00 00 00 00 00 00 00 00 00 00 ff fe 00 00 00 00 00 00 00 00 00 00 00 00 00 00 ff fe 00 00 00 00 00 00 00 00 00 00 00 00 00 00 ff fe
  @6316 nz=6 b14=ff 00 00 00 00 00 00 00 00 00 00 00 00 00 00 ff fe 00 00 00 00 00 00 00 00 00 00 00 00 00 00 ff fe 00 00 00 00 00 00 00 00 00 00 00 00 00 00 ff fe 00 00
  @6318 nz=6 b14=00 00 00 00 00 00 00 00 00 00 00 00 00 ff fe 00 00 00 00 00 00 00 00 00 00 00 00 00 00 ff fe 00 00 00 00 00 00 00 00 00 00 00 00 00 00 ff fe 00 00 00 00
  @6320 nz=6 b14=00 00 00 00 00 00 00 00 00 00 00 ff fe 00 00 00 00 00 00 00 00 00 00 00 00 00 00 ff fe 00 00 00 00 00 00 00 00 00 00 00 00 00 00 ff fe 00 00 00 00 00 00
  @6322 nz=6 b14=00 00 00 00 00 00 00 00 00 ff fe 00 00 00 00 00 00 00 00 00 00 00 00 00 00 ff fe 00 00 00 00 00 00 00 00 00 00 00 00 00 00 ff fe 00 00 00 00 00 00 00 00
  @6324 nz=6 b14=00 00 00 00 00 00 00 ff fe 00 00 00 00 00 00 00 00 00 00 00 00 00 00 ff fe 00 00 00 00 00 00 00 00 00 00 00 00 00 00 ff fe 00 00 00 00 00 00 00 00 00 00
  @6326 nz=6 b14=00 00 00 00 00 ff fe 00 00 00 00 00 00 00 00 00 00 00 00 00 00 ff fe 00 00 00 00 00 00 00 00 00 00 00 00 00 00 ff fe 00 00 00 00 00 00 00 00 00 00 00 00
  @6328 nz=6 b14=00 00 00 ff fe 00 00 00 00 00 00 00 00 00 00 00 00 00 00 ff fe 00 00 00 00 00 00 00 00 00 00 00 00 00 00 ff fe 00 00 00 00 00 00 00 00 00 00 00 00 00 00
  @6330 nz=8 b14=00 ff fe 00 00 00 00 00 00 00 00 00 00 00 00 00 00 ff fe 00 00 00 00 00 00 00 00 00 00 00 00 00 00 ff fe 00 00 00 00 00 00 00 00 00 00 00 00 00 00 ff fe
  @6332 nz=6 b14=ff 00 00 00 00 00 00 00 00 00 00 00 00 00 00 ff fe 00 00 00 00 00 00 00 00 00 00 00 00 00 00 ff fe 00 00 00 00 00 00 00 00 00 00 00 00 00 00 ff fe 00 00
  @6334 nz=6 b14=00 00 00 00 00 00 00 00 00 00 00 00 00 ff fe 00 00 00 00 00 00 00 00 00 00 00 00 00 00 ff fe 00 00 00 00 00 00 00 00 00 00 00 00 00 00 ff fe 00 00 00 00
  @6336 nz=6 b14=00 00 00 00 00 00 00 00 00 00 00 ff fe 00 00 00 00 00 00 00 00 00 00 00 00 00 00 ff fe 00 00 00 00 00 00 00 00 00 00 00 00 00 00 ff fe 00 00 00 00 00 00
  @6338 nz=6 b14=00 00 00 00 00 00 00 00 00 ff fe 00 00 00 00 00 00 00 00 00 00 00 00 00 00 ff fe 00 00 00 00 00 00 00 00 00 00 00 00 00 00 ff fe 00 00 00 00 00 00 00 00
  @6340 nz=6 b14=00 00 00 00 00 00 00 ff fe 00 00 00 00 00 00 00 00 00 00 00 00 00 00 ff fe 00 00 00 00 00 00 00 00 00 00 00 00 00 00 ff fe 00 00 00 00 00 00 00 00 00 00
  @6342 nz=6 b14=00 00 00 00 00 ff fe 00 00 00 00 00 00 00 00 00 00 00 00 00 00 ff fe 00 00 00 00 00 00 00 00 00 00 00 00 00 00 ff fe 00 00 00 00 00 00 00 00 00 00 00 00
  @6344 nz=6 b14=00 00 00 ff fe 00 00 00 00 00 00 00 00 00 00 00 00 00 00 ff fe 00 00 00 00 00 00 00 00 00 00 00 00 00 00 ff fe 00 00 00 00 00 00 00 00 00 00 00 00 00 00
  @6346 nz=8 b14=00 ff fe 00 00 00 00 00 00 00 00 00 00 00 00 00 00 ff fe 00 00 00 00 00 00 00 00 00 00 00 00 00 00 ff fe 00 00 00 00 00 00 00 00 00 00 00 00 00 00 ff fe
  @6348 nz=6 b14=ff 00 00 00 00 00 00 00 00 00 00 00 00 00 00 ff fe 00 00 00 00 00 00 00 00 00 00 00 00 00 00 ff fe 00 00 00 00 00 00 00 00 00 00 00 00 00 00 ff fe 00 00
  @6350 nz=6 b14=00 00 00 00 00 00 00 00 00 00 00 00 00 ff fe 00 00 00 00 00 00 00 00 00 00 00 00 00 00 ff fe 00 00 00 00 00 00 00 00 00 00 00 00 00 00 ff fe 00 00 00 00
  @6352 nz=6 b14=00 00 00 00 00 00 00 00 00 00 00 ff fe 00 00 00 00 00 00 00 00 00 00 00 00 00 00 ff fe 00 00 00 00 00 00 00 00 00 00 00 00 00 00 ff fe 00 00 00 00 00 00
  @6354 nz=6 b14=00 00 00 00 00 00 00 00 00 ff fe 00 00 00 00 00 00 00 00 00 00 00 00 00 00 ff fe 00 00 00 00 00 00 00 00 00 00 00 00 00 00 ff fe 00 00 00 00 00 00 00 00
  @6356 nz=6 b14=00 00 00 00 00 00 00 ff fe 00 00 00 00 00 00 00 00 00 00 00 00 00 00 ff fe 00 00 00 00 00 00 00 00 00 00 00 00 00 00 ff fe 00 00 00 00 00 00 00 00 00 00
  @6358 nz=6 b14=00 00 00 00 00 ff fe 00 00 00 00 00 00 00 00 00 00 00 00 00 00 ff fe 00 00 00 00 00 00 00 00 00 00 00 00 00 00 ff fe 00 00 00 00 00 00 00 00 00 00 00 00
  @6360 nz=6 b14=00 00 00 ff fe 00 00 00 00 00 00 00 00 00 00 00 00 00 00 ff fe 00 00 00 00 00 00 00 00 00 00 00 00 00 00 ff fe 00 00 00 00 00 00 00 00 00 00 00 00 00 00
  @6362 nz=8 b14=00 ff fe 00 00 00 00 00 00 00 00 00 00 00 00 00 00 ff fe 00 00 00 00 00 00 00 00 00 00 00 00 00 00 ff fe 00 00 00 00 00 00 00 00 00 00 00 00 00 00 ff fe
  @6364 nz=6 b14=ff 00 00 00 00 00 00 00 00 00 00 00 00 00 00 ff fe 00 00 00 00 00 00 00 00 00 00 00 00 00 00 ff fe 00 00 00 00 00 00 00 00 00 00 00 00 00 00 ff fe 00 00
  @6366 nz=6 b14=00 00 00 00 00 00 00 00 00 00 00 00 00 ff fe 00 00 00 00 00 00 00 00 00 00 00 00 00 00 ff fe 00 00 00 00 00 00 00 00 00 00 00 00 00 00 ff fe 00 00 00 00
  @6368 nz=6 b14=00 00 00 00 00 00 00 00 00 00 00 ff fe 00 00 00 00 00 00 00 00 00 00 00 00 00 00 ff fe 00 00 00 00 00 00 00 00 00 00 00 00 00 00 ff fe 00 00 00 00 00 00
  @6370 nz=6 b14=00 00 00 00 00 00 00 00 00 ff fe 00 00 00 00 00 00 00 00 00 00 00 00 00 00 ff fe 00 00 00 00 00 00 00 00 00 00 00 00 00 00 ff fe 00 00 00 00 00 00 00 00
  @6372 nz=6 b14=00 00 00 00 00 00 00 ff fe 00 00 00 00 00 00 00 00 00 00 00 00 00 00 ff fe 00 00 00 00 00 00 00 00 00 00 00 00 00 00 ff fe 00 00 00 00 00 00 00 00 00 00
  @6374 nz=6 b14=00 00 00 00 00 ff fe 00 00 00 00 00 00 00 00 00 00 00 00 00 00 ff fe 00 00 00 00 00 00 00 00 00 00 00 00 00 00 ff fe 00 00 00 00 00 00 00 00 00 00 00 00
  @6376 nz=6 b14=00 00 00 ff fe 00 00 00 00 00 00 00 00 00 00 00 00 00 00 ff fe 00 00 00 00 00 00 00 00 00 00 00 00 00 00 ff fe 00 00 00 00 00 00 00 00 00 00 00 00 00 00
  @6378 nz=8 b14=00 ff fe 00 00 00 00 00 00 00 00 00 00 00 00 00 00 ff fe 00 00 00 00 00 00 00 00 00 00 00 00 00 00 ff fe 00 00 00 00 00 00 00 00 00 00 00 00 00 00 ff fe
  @6380 nz=6 b14=ff 00 00 00 00 00 00 00 00 00 00 00 00 00 00 ff fe 00 00 00 00 00 00 00 00 00 00 00 00 00 00 ff fe 00 00 00 00 00 00 00 00 00 00 00 00 00 00 ff fe 00 00
  @6382 nz=6 b14=00 00 00 00 00 00 00 00 00 00 00 00 00 ff fe 00 00 00 00 00 00 00 00 00 00 00 00 00 00 ff fe 00 00 00 00 00 00 00 00 00 00 00 00 00 00 ff fe 00 00 00 00
  @6384 nz=6 b14=00 00 00 00 00 00 00 00 00 00 00 ff fe 00 00 00 00 00 00 00 00 00 00 00 00 00 00 ff fe 00 00 00 00 00 00 00 00 00 00 00 00 00 00 ff fe 00 00 00 00 00 00
  @6386 nz=6 b14=00 00 00 00 00 00 00 00 00 ff fe 00 00 00 00 00 00 00 00 00 00 00 00 00 00 ff fe 00 00 00 00 00 00 00 00 00 00 00 00 00 00 ff fe 00 00 00 00 00 00 00 00
  @6388 nz=6 b14=00 00 00 00 00 00 00 ff fe 00 00 00 00 00 00 00 00 00 00 00 00 00 00 ff fe 00 00 00 00 00 00 00 00 00 00 00 00 00 00 ff fe 00 00 00 00 00 00 00 00 00 00
  @6390 nz=6 b14=00 00 00 00 00 ff fe 00 00 00 00 00 00 00 00 00 00 00 00 00 00 ff fe 00 00 00 00 00 00 00 00 00 00 00 00 00 00 ff fe 00 00 00 00 00 00 00 00 00 00 00 00
  @6392 nz=6 b14=00 00 00 ff fe 00 00 00 00 00 00 00 00 00 00 00 00 00 00 ff fe 00 00 00 00 00 00 00 00 00 00 00 00 00 00 ff fe 00 00 00 00 00 00 00 00 00 00 00 00 00 00
  @6394 nz=8 b14=00 ff fe 00 00 00 00 00 00 00 00 00 00 00 00 00 00 ff fe 00 00 00 00 00 00 00 00 00 00 00 00 00 00 ff fe 00 00 00 00 00 00 00 00 00 00 00 00 00 00 ff fe
  @6396 nz=6 b14=ff 00 00 00 00 00 00 00 00 00 00 00 00 00 00 ff fe 00 00 00 00 00 00 00 00 00 00 00 00 00 00 ff fe 00 00 00 00 00 00 00 00 00 00 00 00 00 00 ff fe 00 00
  @6398 nz=6 b14=00 00 00 00 00 00 00 00 00 00 00 00 00 ff fe 00 00 00 00 00 00 00 00 00 00 00 00 00 00 ff fe 00 00 00 00 00 00 00 00 00 00 00 00 00 00 ff fe 00 00 00 00
  @6400 nz=6 b14=00 00 00 00 00 00 00 00 00 00 00 ff fe 00 00 00 00 00 00 00 00 00 00 00 00 00 00 ff fe 00 00 00 00 00 00 00 00 00 00 00 00 00 00 ff fe 00 00 00 00 00 00
  @6402 nz=6 b14=00 00 00 00 00 00 00 00 00 ff fe 00 00 00 00 00 00 00 00 00 00 00 00 00 00 ff fe 00 00 00 00 00 00 00 00 00 00 00 00 00 00 ff fe 00 00 00 00 00 00 00 00
  @6404 nz=6 b14=00 00 00 00 00 00 00 ff fe 00 00 00 00 00 00 00 00 00 00 00 00 00 00 ff fe 00 00 00 00 00 00 00 00 00 00 00 00 00 00 ff fe 00 00 00 00 00 00 00 00 00 00
  @6406 nz=6 b14=00 00 00 00 00 ff fe 00 00 00 00 00 00 00 00 00 00 00 00 00 00 ff fe 00 00 00 00 00 00 00 00 00 00 00 00 00 00 ff fe 00 00 00 00 00 00 00 00 00 00 00 00
  @6408 nz=6 b14=00 00 00 ff fe 00 00 00 00 00 00 00 00 00 00 00 00 00 00 ff fe 00 00 00 00 00 00 00 00 00 00 00 00 00 00 ff fe 00 00 00 00 00 00 00 00 00 00 00 00 00 00
  @6410 nz=8 b14=00 ff fe 00 00 00 00 00 00 00 00 00 00 00 00 00 00 ff fe 00 00 00 00 00 00 00 00 00 00 00 00 00 00 ff fe 00 00 00 00 00 00 00 00 00 00 00 00 00 00 ff fe
  @6412 nz=6 b14=ff 00 00 00 00 00 00 00 00 00 00 00 00 00 00 ff fe 00 00 00 00 00 00 00 00 00 00 00 00 00 00 ff fe 00 00 00 00 00 00 00 00 00 00 00 00 00 00 ff fe 00 00
  @6414 nz=6 b14=00 00 00 00 00 00 00 00 00 00 00 00 00 ff fe 00 00 00 00 00 00 00 00 00 00 00 00 00 00 ff fe 00 00 00 00 00 00 00 00 00 00 00 00 00 00 ff fe 00 00 00 00
  @6416 nz=6 b14=00 00 00 00 00 00 00 00 00 00 00 ff fe 00 00 00 00 00 00 00 00 00 00 00 00 00 00 ff fe 00 00 00 00 00 00 00 00 00 00 00 00 00 00 ff fe 00 00 00 00 00 00
  @6418 nz=6 b14=00 00 00 00 00 00 00 00 00 ff fe 00 00 00 00 00 00 00 00 00 00 00 00 00 00 ff fe 00 00 00 00 00 00 00 00 00 00 00 00 00 00 ff fe 00 00 00 00 00 00 00 00
  @6420 nz=6 b14=00 00 00 00 00 00 00 ff fe 00 00 00 00 00 00 00 00 00 00 00 00 00 00 ff fe 00 00 00 00 00 00 00 00 00 00 00 00 00 00 ff fe 00 00 00 00 00 00 00 00 00 00
  @6422 nz=6 b14=00 00 00 00 00 ff fe 00 00 00 00 00 00 00 00 00 00 00 00 00 00 ff fe 00 00 00 00 00 00 00 00 00 00 00 00 00 00 ff fe 00 00 00 00 00 00 00 00 00 00 00 00
  @6424 nz=6 b14=00 00 00 ff fe 00 00 00 00 00 00 00 00 00 00 00 00 00 00 ff fe 00 00 00 00 00 00 00 00 00 00 00 00 00 00 ff fe 00 00 00 00 00 00 00 00 00 00 00 00 00 00
  @6426 nz=8 b14=00 ff fe 00 00 00 00 00 00 00 00 00 00 00 00 00 00 ff fe 00 00 00 00 00 00 00 00 00 00 00 00 00 00 ff fe 00 00 00 00 00 00 00 00 00 00 00 00 00 00 ff fe
  @6428 nz=6 b14=ff 00 00 00 00 00 00 00 00 00 00 00 00 00 00 ff fe 00 00 00 00 00 00 00 00 00 00 00 00 00 00 ff fe 00 00 00 00 00 00 00 00 00 00 00 00 00 00 ff fe 00 00
  @6430 nz=6 b14=00 00 00 00 00 00 00 00 00 00 00 00 00 ff fe 00 00 00 00 00 00 00 00 00 00 00 00 00 00 ff fe 00 00 00 00 00 00 00 00 00 00 00 00 00 00 ff fe 00 00 00 00
  @6432 nz=6 b14=00 00 00 00 00 00 00 00 00 00 00 ff fe 00 00 00 00 00 00 00 00 00 00 00 00 00 00 ff fe 00 00 00 00 00 00 00 00 00 00 00 00 00 00 ff fe 00 00 00 00 00 00
  @6434 nz=6 b14=00 00 00 00 00 00 00 00 00 ff fe 00 00 00 00 00 00 00 00 00 00 00 00 00 00 ff fe 00 00 00 00 00 00 00 00 00 00 00 00 00 00 ff fe 00 00 00 00 00 00 00 00
  @6436 nz=6 b14=00 00 00 00 00 00 00 ff fe 00 00 00 00 00 00 00 00 00 00 00 00 00 00 ff fe 00 00 00 00 00 00 00 00 00 00 00 00 00 00 ff fe 00 00 00 00 00 00 00 00 00 00
  @6438 nz=6 b14=00 00 00 00 00 ff fe 00 00 00 00 00 00 00 00 00 00 00 00 00 00 ff fe 00 00 00 00 00 00 00 00 00 00 00 00 00 00 ff fe 00 00 00 00 00 00 00 00 00 00 00 00
  @6440 nz=6 b14=00 00 00 ff fe 00 00 00 00 00 00 00 00 00 00 00 00 00 00 ff fe 00 00 00 00 00 00 00 00 00 00 00 00 00 00 ff fe 00 00 00 00 00 00 00 00 00 00 00 00 00 00
  @6442 nz=8 b14=00 ff fe 00 00 00 00 00 00 00 00 00 00 00 00 00 00 ff fe 00 00 00 00 00 00 00 00 00 00 00 00 00 00 ff fe 00 00 00 00 00 00 00 00 00 00 00 00 00 00 ff fe
  @6444 nz=6 b14=ff 00 00 00 00 00 00 00 00 00 00 00 00 00 00 ff fe 00 00 00 00 00 00 00 00 00 00 00 00 00 00 ff fe 00 00 00 00 00 00 00 00 00 00 00 00 00 00 ff fe 00 00
  @6446 nz=6 b14=00 00 00 00 00 00 00 00 00 00 00 00 00 ff fe 00 00 00 00 00 00 00 00 00 00 00 00 00 00 ff fe 00 00 00 00 00 00 00 00 00 00 00 00 00 00 ff fe 00 00 00 00
  @6448 nz=6 b14=00 00 00 00 00 00 00 00 00 00 00 ff fe 00 00 00 00 00 00 00 00 00 00 00 00 00 00 ff fe 00 00 00 00 00 00 00 00 00 00 00 00 00 00 ff fe 00 00 00 00 00 00
  @6450 nz=6 b14=00 00 00 00 00 00 00 00 00 ff fe 00 00 00 00 00 00 00 00 00 00 00 00 00 00 ff fe 00 00 00 00 00 00 00 00 00 00 00 00 00 00 ff fe 00 00 00 00 00 00 00 00
  @6452 nz=6 b14=00 00 00 00 00 00 00 ff fe 00 00 00 00 00 00 00 00 00 00 00 00 00 00 ff fe 00 00 00 00 00 00 00 00 00 00 00 00 00 00 ff fe 00 00 00 00 00 00 00 00 00 00
  @6454 nz=6 b14=00 00 00 00 00 ff fe 00 00 00 00 00 00 00 00 00 00 00 00 00 00 ff fe 00 00 00 00 00 00 00 00 00 00 00 00 00 00 ff fe 00 00 00 00 00 00 00 00 00 00 00 00
  @6456 nz=6 b14=00 00 00 ff fe 00 00 00 00 00 00 00 00 00 00 00 00 00 00 ff fe 00 00 00 00 00 00 00 00 00 00 00 00 00 00 ff fe 00 00 00 00 00 00 00 00 00 00 00 00 00 00
  @6458 nz=8 b14=00 ff fe 00 00 00 00 00 00 00 00 00 00 00 00 00 00 ff fe 00 00 00 00 00 00 00 00 00 00 00 00 00 00 ff fe 00 00 00 00 00 00 00 00 00 00 00 00 00 00 ff fe
  @6460 nz=6 b14=ff 00 00 00 00 00 00 00 00 00 00 00 00 00 00 ff fe 00 00 00 00 00 00 00 00 00 00 00 00 00 00 ff fe 00 00 00 00 00 00 00 00 00 00 00 00 00 00 ff fe 00 00
  @6462 nz=6 b14=00 00 00 00 00 00 00 00 00 00 00 00 00 ff fe 00 00 00 00 00 00 00 00 00 00 00 00 00 00 ff fe 00 00 00 00 00 00 00 00 00 00 00 00 00 00 ff fe 00 00 00 00
  @6464 nz=6 b14=00 00 00 00 00 00 00 00 00 00 00 ff fe 00 00 00 00 00 00 00 00 00 00 00 00 00 00 ff fe 00 00 00 00 00 00 00 00 00 00 00 00 00 00 ff fe 00 00 00 00 00 00
  @6466 nz=6 b14=00 00 00 00 00 00 00 00 00 ff fe 00 00 00 00 00 00 00 00 00 00 00 00 00 00 ff fe 00 00 00 00 00 00 00 00 00 00 00 00 00 00 ff fe 00 00 00 00 00 00 00 00
  @6468 nz=6 b14=00 00 00 00 00 00 00 ff fe 00 00 00 00 00 00 00 00 00 00 00 00 00 00 ff fe 00 00 00 00 00 00 00 00 00 00 00 00 00 00 ff fe 00 00 00 00 00 00 00 00 00 00
  @6470 nz=6 b14=00 00 00 00 00 ff fe 00 00 00 00 00 00 00 00 00 00 00 00 00 00 ff fe 00 00 00 00 00 00 00 00 00 00 00 00 00 00 ff fe 00 00 00 00 00 00 00 00 00 00 00 00
  @6472 nz=6 b14=00 00 00 ff fe 00 00 00 00 00 00 00 00 00 00 00 00 00 00 ff fe 00 00 00 00 00 00 00 00 00 00 00 00 00 00 ff fe 00 00 00 00 00 00 00 00 00 00 00 00 00 00
  @6474 nz=8 b14=00 ff fe 00 00 00 00 00 00 00 00 00 00 00 00 00 00 ff fe 00 00 00 00 00 00 00 00 00 00 00 00 00 00 ff fe 00 00 00 00 00 00 00 00 00 00 00 00 00 00 ff fe
  @6476 nz=6 b14=ff 00 00 00 00 00 00 00 00 00 00 00 00 00 00 ff fe 00 00 00 00 00 00 00 00 00 00 00 00 00 00 ff fe 00 00 00 00 00 00 00 00 00 00 00 00 00 00 ff fe 00 00
  @6478 nz=6 b14=00 00 00 00 00 00 00 00 00 00 00 00 00 ff fe 00 00 00 00 00 00 00 00 00 00 00 00 00 00 ff fe 00 00 00 00 00 00 00 00 00 00 00 00 00 00 ff fe 00 00 00 00
  @6480 nz=6 b14=00 00 00 00 00 00 00 00 00 00 00 ff fe 00 00 00 00 00 00 00 00 00 00 00 00 00 00 ff fe 00 00 00 00 00 00 00 00 00 00 00 00 00 00 ff fe 00 00 00 00 00 00
  @6482 nz=6 b14=00 00 00 00 00 00 00 00 00 ff fe 00 00 00 00 00 00 00 00 00 00 00 00 00 00 ff fe 00 00 00 00 00 00 00 00 00 00 00 00 00 00 ff fe 00 00 00 00 00 00 00 00
  @6484 nz=6 b14=00 00 00 00 00 00 00 ff fe 00 00 00 00 00 00 00 00 00 00 00 00 00 00 ff fe 00 00 00 00 00 00 00 00 00 00 00 00 00 00 ff fe 00 00 00 00 00 00 00 00 00 00
  @6486 nz=6 b14=00 00 00 00 00 ff fe 00 00 00 00 00 00 00 00 00 00 00 00 00 00 ff fe 00 00 00 00 00 00 00 00 00 00 00 00 00 00 ff fe 00 00 00 00 00 00 00 00 00 00 00 00
  @6488 nz=6 b14=00 00 00 ff fe 00 00 00 00 00 00 00 00 00 00 00 00 00 00 ff fe 00 00 00 00 00 00 00 00 00 00 00 00 00 00 ff fe 00 00 00 00 00 00 00 00 00 00 00 00 00 00
  @6490 nz=8 b14=00 ff fe 00 00 00 00 00 00 00 00 00 00 00 00 00 00 ff fe 00 00 00 00 00 00 00 00 00 00 00 00 00 00 ff fe 00 00 00 00 00 00 00 00 00 00 00 00 00 00 ff fe
  @6492 nz=6 b14=ff 00 00 00 00 00 00 00 00 00 00 00 00 00 00 ff fe 00 00 00 00 00 00 00 00 00 00 00 00 00 00 ff fe 00 00 00 00 00 00 00 00 00 00 00 00 00 00 ff fe 00 00
  @6494 nz=6 b14=00 00 00 00 00 00 00 00 00 00 00 00 00 ff fe 00 00 00 00 00 00 00 00 00 00 00 00 00 00 ff fe 00 00 00 00 00 00 00 00 00 00 00 00 00 00 ff fe 00 00 00 00
  @6496 nz=6 b14=00 00 00 00 00 00 00 00 00 00 00 ff fe 00 00 00 00 00 00 00 00 00 00 00 00 00 00 ff fe 00 00 00 00 00 00 00 00 00 00 00 00 00 00 ff fe 00 00 00 00 00 00
  @6498 nz=6 b14=00 00 00 00 00 00 00 00 00 ff fe 00 00 00 00 00 00 00 00 00 00 00 00 00 00 ff fe 00 00 00 00 00 00 00 00 00 00 00 00 00 00 ff fe 00 00 00 00 00 00 00 00
  @6500 nz=6 b14=00 00 00 00 00 00 00 ff fe 00 00 00 00 00 00 00 00 00 00 00 00 00 00 ff fe 00 00 00 00 00 00 00 00 00 00 00 00 00 00 ff fe 00 00 00 00 00 00 00 00 00 00
  @6502 nz=6 b14=00 00 00 00 00 ff fe 00 00 00 00 00 00 00 00 00 00 00 00 00 00 ff fe 00 00 00 00 00 00 00 00 00 00 00 00 00 00 ff fe 00 00 00 00 00 00 00 00 00 00 00 00
  @6504 nz=6 b14=00 00 00 ff fe 00 00 00 00 00 00 00 00 00 00 00 00 00 00 ff fe 00 00 00 00 00 00 00 00 00 00 00 00 00 00 ff fe 00 00 00 00 00 00 00 00 00 00 00 00 00 00
  @6506 nz=8 b14=00 ff fe 00 00 00 00 00 00 00 00 00 00 00 00 00 00 ff fe 00 00 00 00 00 00 00 00 00 00 00 00 00 00 ff fe 00 00 00 00 00 00 00 00 00 00 00 00 00 00 ff fe
  @6508 nz=6 b14=ff 00 00 00 00 00 00 00 00 00 00 00 00 00 00 ff fe 00 00 00 00 00 00 00 00 00 00 00 00 00 00 ff fe 00 00 00 00 00 00 00 00 00 00 00 00 00 00 ff fe 00 00
  @6510 nz=6 b14=00 00 00 00 00 00 00 00 00 00 00 00 00 ff fe 00 00 00 00 00 00 00 00 00 00 00 00 00 00 ff fe 00 00 00 00 00 00 00 00 00 00 00 00 00 00 ff fe 00 00 00 00
  @6512 nz=6 b14=00 00 00 00 00 00 00 00 00 00 00 ff fe 00 00 00 00 00 00 00 00 00 00 00 00 00 00 ff fe 00 00 00 00 00 00 00 00 00 00 00 00 00 00 ff fe 00 00 00 00 00 00
  @6514 nz=6 b14=00 00 00 00 00 00 00 00 00 ff fe 00 00 00 00 00 00 00 00 00 00 00 00 00 00 ff fe 00 00 00 00 00 00 00 00 00 00 00 00 00 00 ff fe 00 00 00 00 00 00 00 00
  @6516 nz=6 b14=00 00 00 00 00 00 00 ff fe 00 00 00 00 00 00 00 00 00 00 00 00 00 00 ff fe 00 00 00 00 00 00 00 00 00 00 00 00 00 00 ff fe 00 00 00 00 00 00 00 00 00 00
  @6518 nz=6 b14=00 00 00 00 00 ff fe 00 00 00 00 00 00 00 00 00 00 00 00 00 00 ff fe 00 00 00 00 00 00 00 00 00 00 00 00 00 00 ff fe 00 00 00 00 00 00 00 00 00 00 00 00
  @6520 nz=6 b14=00 00 00 ff fe 00 00 00 00 00 00 00 00 00 00 00 00 00 00 ff fe 00 00 00 00 00 00 00 00 00 00 00 00 00 00 ff fe 00 00 00 00 00 00 00 00 00 00 00 00 00 00
  @6522 nz=8 b14=00 ff fe 00 00 00 00 00 00 00 00 00 00 00 00 00 00 ff fe 00 00 00 00 00 00 00 00 00 00 00 00 00 00 ff fe 00 00 00 00 00 00 00 00 00 00 00 00 00 00 ff fe
  @6524 nz=6 b14=ff 00 00 00 00 00 00 00 00 00 00 00 00 00 00 ff fe 00 00 00 00 00 00 00 00 00 00 00 00 00 00 ff fe 00 00 00 00 00 00 00 00 00 00 00 00 00 00 ff fe 00 00
  @6526 nz=6 b14=00 00 00 00 00 00 00 00 00 00 00 00 00 ff fe 00 00 00 00 00 00 00 00 00 00 00 00 00 00 ff fe 00 00 00 00 00 00 00 00 00 00 00 00 00 00 ff fe 00 00 00 00
  @6528 nz=6 b14=00 00 00 00 00 00 00 00 00 00 00 ff fe 00 00 00 00 00 00 00 00 00 00 00 00 00 00 ff fe 00 00 00 00 00 00 00 00 00 00 00 00 00 00 ff fe 00 00 00 00 00 00
  @6530 nz=6 b14=00 00 00 00 00 00 00 00 00 ff fe 00 00 00 00 00 00 00 00 00 00 00 00 00 00 ff fe 00 00 00 00 00 00 00 00 00 00 00 00 00 00 ff fe 00 00 00 00 00 00 00 00
  @6532 nz=6 b14=00 00 00 00 00 00 00 ff fe 00 00 00 00 00 00 00 00 00 00 00 00 00 00 ff fe 00 00 00 00 00 00 00 00 00 00 00 00 00 00 ff fe 00 00 00 00 00 00 00 00 00 00
  @6534 nz=6 b14=00 00 00 00 00 ff fe 00 00 00 00 00 00 00 00 00 00 00 00 00 00 ff fe 00 00 00 00 00 00 00 00 00 00 00 00 00 00 ff fe 00 00 00 00 00 00 00 00 00 00 00 00
  @6536 nz=6 b14=00 00 00 ff fe 00 00 00 00 00 00 00 00 00 00 00 00 00 00 ff fe 00 00 00 00 00 00 00 00 00 00 00 00 00 00 ff fe 00 00 00 00 00 00 00 00 00 00 00 00 00 00
  @6538 nz=8 b14=00 ff fe 00 00 00 00 00 00 00 00 00 00 00 00 00 00 ff fe 00 00 00 00 00 00 00 00 00 00 00 00 00 00 ff fe 00 00 00 00 00 00 00 00 00 00 00 00 00 00 ff fe
  @6540 nz=6 b14=ff 00 00 00 00 00 00 00 00 00 00 00 00 00 00 ff fe 00 00 00 00 00 00 00 00 00 00 00 00 00 00 ff fe 00 00 00 00 00 00 00 00 00 00 00 00 00 00 ff fe 00 00
  @6542 nz=6 b14=00 00 00 00 00 00 00 00 00 00 00 00 00 ff fe 00 00 00 00 00 00 00 00 00 00 00 00 00 00 ff fe 00 00 00 00 00 00 00 00 00 00 00 00 00 00 ff fe 00 00 00 00
  @6544 nz=6 b14=00 00 00 00 00 00 00 00 00 00 00 ff fe 00 00 00 00 00 00 00 00 00 00 00 00 00 00 ff fe 00 00 00 00 00 00 00 00 00 00 00 00 00 00 ff fe 00 00 00 00 00 00
  @6546 nz=6 b14=00 00 00 00 00 00 00 00 00 ff fe 00 00 00 00 00 00 00 00 00 00 00 00 00 00 ff fe 00 00 00 00 00 00 00 00 00 00 00 00 00 00 ff fe 00 00 00 00 00 00 00 00
  @6548 nz=6 b14=00 00 00 00 00 00 00 ff fe 00 00 00 00 00 00 00 00 00 00 00 00 00 00 ff fe 00 00 00 00 00 00 00 00 00 00 00 00 00 00 ff fe 00 00 00 00 00 00 00 00 00 00
  @6550 nz=6 b14=00 00 00 00 00 ff fe 00 00 00 00 00 00 00 00 00 00 00 00 00 00 ff fe 00 00 00 00 00 00 00 00 00 00 00 00 00 00 ff fe 00 00 00 00 00 00 00 00 00 00 00 00
  @6552 nz=6 b14=00 00 00 ff fe 00 00 00 00 00 00 00 00 00 00 00 00 00 00 ff fe 00 00 00 00 00 00 00 00 00 00 00 00 00 00 ff fe 00 00 00 00 00 00 00 00 00 00 00 00 00 00
  @6554 nz=8 b14=00 ff fe 00 00 00 00 00 00 00 00 00 00 00 00 00 00 ff fe 00 00 00 00 00 00 00 00 00 00 00 00 00 00 ff fe 00 00 00 00 00 00 00 00 00 00 00 00 00 00 ff fe
  @6556 nz=6 b14=ff 00 00 00 00 00 00 00 00 00 00 00 00 00 00 ff fe 00 00 00 00 00 00 00 00 00 00 00 00 00 00 ff fe 00 00 00 00 00 00 00 00 00 00 00 00 00 00 ff fe 00 00
  @6558 nz=6 b14=00 00 00 00 00 00 00 00 00 00 00 00 00 ff fe 00 00 00 00 00 00 00 00 00 00 00 00 00 00 ff fe 00 00 00 00 00 00 00 00 00 00 00 00 00 00 ff fe 00 00 00 00
  @6560 nz=6 b14=00 00 00 00 00 00 00 00 00 00 00 ff fe 00 00 00 00 00 00 00 00 00 00 00 00 00 00 ff fe 00 00 00 00 00 00 00 00 00 00 00 00 00 00 ff fe 00 00 00 00 00 00
  @6562 nz=6 b14=00 00 00 00 00 00 00 00 00 ff fe 00 00 00 00 00 00 00 00 00 00 00 00 00 00 ff fe 00 00 00 00 00 00 00 00 00 00 00 00 00 00 ff fe 00 00 00 00 00 00 00 00
  @6564 nz=6 b14=00 00 00 00 00 00 00 ff fe 00 00 00 00 00 00 00 00 00 00 00 00 00 00 ff fe 00 00 00 00 00 00 00 00 00 00 00 00 00 00 ff fe 00 00 00 00 00 00 00 00 00 00
  @6566 nz=6 b14=00 00 00 00 00 ff fe 00 00 00 00 00 00 00 00 00 00 00 00 00 00 ff fe 00 00 00 00 00 00 00 00 00 00 00 00 00 00 ff fe 00 00 00 00 00 00 00 00 00 00 00 00
  @6568 nz=6 b14=00 00 00 ff fe 00 00 00 00 00 00 00 00 00 00 00 00 00 00 ff fe 00 00 00 00 00 00 00 00 00 00 00 00 00 00 ff fe 00 00 00 00 00 00 00 00 00 00 00 00 00 00
  @6570 nz=8 b14=00 ff fe 00 00 00 00 00 00 00 00 00 00 00 00 00 00 ff fe 00 00 00 00 00 00 00 00 00 00 00 00 00 00 ff fe 00 00 00 00 00 00 00 00 00 00 00 00 00 00 ff fe
  @6572 nz=6 b14=ff 00 00 00 00 00 00 00 00 00 00 00 00 00 00 ff fe 00 00 00 00 00 00 00 00 00 00 00 00 00 00 ff fe 00 00 00 00 00 00 00 00 00 00 00 00 00 00 ff fe 00 00
  @6574 nz=6 b14=00 00 00 00 00 00 00 00 00 00 00 00 00 ff fe 00 00 00 00 00 00 00 00 00 00 00 00 00 00 ff fe 00 00 00 00 00 00 00 00 00 00 00 00 00 00 ff fe 00 00 00 00
  @6576 nz=6 b14=00 00 00 00 00 00 00 00 00 00 00 ff fe 00 00 00 00 00 00 00 00 00 00 00 00 00 00 ff fe 00 00 00 00 00 00 00 00 00 00 00 00 00 00 ff fe 00 00 00 00 00 00
  @6578 nz=6 b14=00 00 00 00 00 00 00 00 00 ff fe 00 00 00 00 00 00 00 00 00 00 00 00 00 00 ff fe 00 00 00 00 00 00 00 00 00 00 00 00 00 00 ff fe 00 00 00 00 00 00 00 00
  @6580 nz=6 b14=00 00 00 00 00 00 00 ff fe 00 00 00 00 00 00 00 00 00 00 00 00 00 00 ff fe 00 00 00 00 00 00 00 00 00 00 00 00 00 00 ff fe 00 00 00 00 00 00 00 00 00 00
  @6582 nz=6 b14=00 00 00 00 00 ff fe 00 00 00 00 00 00 00 00 00 00 00 00 00 00 ff fe 00 00 00 00 00 00 00 00 00 00 00 00 00 00 ff fe 00 00 00 00 00 00 00 00 00 00 00 00
  @6584 nz=6 b14=00 00 00 ff fe 00 00 00 00 00 00 00 00 00 00 00 00 00 00 ff fe 00 00 00 00 00 00 00 00 00 00 00 00 00 00 ff fe 00 00 00 00 00 00 00 00 00 00 00 00 00 00
  @6586 nz=8 b14=00 ff fe 00 00 00 00 00 00 00 00 00 00 00 00 00 00 ff fe 00 00 00 00 00 00 00 00 00 00 00 00 00 00 ff fe 00 00 00 00 00 00 00 00 00 00 00 00 00 00 ff fe
  @6588 nz=6 b14=ff 00 00 00 00 00 00 00 00 00 00 00 00 00 00 ff fe 00 00 00 00 00 00 00 00 00 00 00 00 00 00 ff fe 00 00 00 00 00 00 00 00 00 00 00 00 00 00 ff fe 00 00
  @6590 nz=6 b14=00 00 00 00 00 00 00 00 00 00 00 00 00 ff fe 00 00 00 00 00 00 00 00 00 00 00 00 00 00 ff fe 00 00 00 00 00 00 00 00 00 00 00 00 00 00 ff fe 00 00 00 00
  @6592 nz=6 b14=00 00 00 00 00 00 00 00 00 00 00 ff fe 00 00 00 00 00 00 00 00 00 00 00 00 00 00 ff fe 00 00 00 00 00 00 00 00 00 00 00 00 00 00 ff fe 00 00 00 00 00 00
  @6594 nz=6 b14=00 00 00 00 00 00 00 00 00 ff fe 00 00 00 00 00 00 00 00 00 00 00 00 00 00 ff fe 00 00 00 00 00 00 00 00 00 00 00 00 00 00 ff fe 00 00 00 00 00 00 00 00
  @6596 nz=6 b14=00 00 00 00 00 00 00 ff fe 00 00 00 00 00 00 00 00 00 00 00 00 00 00 ff fe 00 00 00 00 00 00 00 00 00 00 00 00 00 00 ff fe 00 00 00 00 00 00 00 00 00 00
  @6598 nz=6 b14=00 00 00 00 00 ff fe 00 00 00 00 00 00 00 00 00 00 00 00 00 00 ff fe 00 00 00 00 00 00 00 00 00 00 00 00 00 00 ff fe 00 00 00 00 00 00 00 00 00 00 00 00
  @6600 nz=6 b14=00 00 00 ff fe 00 00 00 00 00 00 00 00 00 00 00 00 00 00 ff fe 00 00 00 00 00 00 00 00 00 00 00 00 00 00 ff fe 00 00 00 00 00 00 00 00 00 00 00 00 00 00
  @6602 nz=8 b14=00 ff fe 00 00 00 00 00 00 00 00 00 00 00 00 00 00 ff fe 00 00 00 00 00 00 00 00 00 00 00 00 00 00 ff fe 00 00 00 00 00 00 00 00 00 00 00 00 00 00 ff fe
  @6604 nz=6 b14=ff 00 00 00 00 00 00 00 00 00 00 00 00 00 00 ff fe 00 00 00 00 00 00 00 00 00 00 00 00 00 00 ff fe 00 00 00 00 00 00 00 00 00 00 00 00 00 00 ff fe 00 00
  @6606 nz=6 b14=00 00 00 00 00 00 00 00 00 00 00 00 00 ff fe 00 00 00 00 00 00 00 00 00 00 00 00 00 00 ff fe 00 00 00 00 00 00 00 00 00 00 00 00 00 00 ff fe 00 00 00 00
  @6608 nz=6 b14=00 00 00 00 00 00 00 00 00 00 00 ff fe 00 00 00 00 00 00 00 00 00 00 00 00 00 00 ff fe 00 00 00 00 00 00 00 00 00 00 00 00 00 00 ff fe 00 00 00 00 00 00
  @6610 nz=6 b14=00 00 00 00 00 00 00 00 00 ff fe 00 00 00 00 00 00 00 00 00 00 00 00 00 00 ff fe 00 00 00 00 00 00 00 00 00 00 00 00 00 00 ff fe 00 00 00 00 00 00 00 00
  @6612 nz=6 b14=00 00 00 00 00 00 00 ff fe 00 00 00 00 00 00 00 00 00 00 00 00 00 00 ff fe 00 00 00 00 00 00 00 00 00 00 00 00 00 00 ff fe 00 00 00 00 00 00 00 00 00 00
  @6614 nz=6 b14=00 00 00 00 00 ff fe 00 00 00 00 00 00 00 00 00 00 00 00 00 00 ff fe 00 00 00 00 00 00 00 00 00 00 00 00 00 00 ff fe 00 00 00 00 00 00 00 00 00 00 00 00
  @6616 nz=6 b14=00 00 00 ff fe 00 00 00 00 00 00 00 00 00 00 00 00 00 00 ff fe 00 00 00 00 00 00 00 00 00 00 00 00 00 00 ff fe 00 00 00 00 00 00 00 00 00 00 00 00 00 00
  @6618 nz=8 b14=00 ff fe 00 00 00 00 00 00 00 00 00 00 00 00 00 00 ff fe 00 00 00 00 00 00 00 00 00 00 00 00 00 00 ff fe 00 00 00 00 00 00 00 00 00 00 00 00 00 00 ff fe
  @6620 nz=6 b14=ff 00 00 00 00 00 00 00 00 00 00 00 00 00 00 ff fe 00 00 00 00 00 00 00 00 00 00 00 00 00 00 ff fe 00 00 00 00 00 00 00 00 00 00 00 00 00 00 ff fe 00 00
  @6622 nz=6 b14=00 00 00 00 00 00 00 00 00 00 00 00 00 ff fe 00 00 00 00 00 00 00 00 00 00 00 00 00 00 ff fe 00 00 00 00 00 00 00 00 00 00 00 00 00 00 ff fe 00 00 00 00
  @6624 nz=6 b14=00 00 00 00 00 00 00 00 00 00 00 ff fe 00 00 00 00 00 00 00 00 00 00 00 00 00 00 ff fe 00 00 00 00 00 00 00 00 00 00 00 00 00 00 ff fe 00 00 00 00 00 00
  @6626 nz=6 b14=00 00 00 00 00 00 00 00 00 ff fe 00 00 00 00 00 00 00 00 00 00 00 00 00 00 ff fe 00 00 00 00 00 00 00 00 00 00 00 00 00 00 ff fe 00 00 00 00 00 00 00 00
  @6628 nz=6 b14=00 00 00 00 00 00 00 ff fe 00 00 00 00 00 00 00 00 00 00 00 00 00 00 ff fe 00 00 00 00 00 00 00 00 00 00 00 00 00 00 ff fe 00 00 00 00 00 00 00 00 00 00
  @6630 nz=6 b14=00 00 00 00 00 ff fe 00 00 00 00 00 00 00 00 00 00 00 00 00 00 ff fe 00 00 00 00 00 00 00 00 00 00 00 00 00 00 ff fe 00 00 00 00 00 00 00 00 00 00 00 00
  @6632 nz=6 b14=00 00 00 ff fe 00 00 00 00 00 00 00 00 00 00 00 00 00 00 ff fe 00 00 00 00 00 00 00 00 00 00 00 00 00 00 ff fe 00 00 00 00 00 00 00 00 00 00 00 00 00 00
  @6634 nz=8 b14=00 ff fe 00 00 00 00 00 00 00 00 00 00 00 00 00 00 ff fe 00 00 00 00 00 00 00 00 00 00 00 00 00 00 ff fe 00 00 00 00 00 00 00 00 00 00 00 00 00 00 ff fe
  @6636 nz=6 b14=ff 00 00 00 00 00 00 00 00 00 00 00 00 00 00 ff fe 00 00 00 00 00 00 00 00 00 00 00 00 00 00 ff fe 00 00 00 00 00 00 00 00 00 00 00 00 00 00 ff fe 00 00
  @6638 nz=6 b14=00 00 00 00 00 00 00 00 00 00 00 00 00 ff fe 00 00 00 00 00 00 00 00 00 00 00 00 00 00 ff fe 00 00 00 00 00 00 00 00 00 00 00 00 00 00 ff fe 00 00 00 00
  @6640 nz=6 b14=00 00 00 00 00 00 00 00 00 00 00 ff fe 00 00 00 00 00 00 00 00 00 00 00 00 00 00 ff fe 00 00 00 00 00 00 00 00 00 00 00 00 00 00 ff fe 00 00 00 00 00 00
  @6642 nz=6 b14=00 00 00 00 00 00 00 00 00 ff fe 00 00 00 00 00 00 00 00 00 00 00 00 00 00 ff fe 00 00 00 00 00 00 00 00 00 00 00 00 00 00 ff fe 00 00 00 00 00 00 00 00
  @6644 nz=6 b14=00 00 00 00 00 00 00 ff fe 00 00 00 00 00 00 00 00 00 00 00 00 00 00 ff fe 00 00 00 00 00 00 00 00 00 00 00 00 00 00 ff fe 00 00 00 00 00 00 00 00 00 00
  @6646 nz=6 b14=00 00 00 00 00 ff fe 00 00 00 00 00 00 00 00 00 00 00 00 00 00 ff fe 00 00 00 00 00 00 00 00 00 00 00 00 00 00 ff fe 00 00 00 00 00 00 00 00 00 00 00 00
  @6648 nz=6 b14=00 00 00 ff fe 00 00 00 00 00 00 00 00 00 00 00 00 00 00 ff fe 00 00 00 00 00 00 00 00 00 00 00 00 00 00 ff fe 00 00 00 00 00 00 00 00 00 00 00 00 00 00
  @6650 nz=8 b14=00 ff fe 00 00 00 00 00 00 00 00 00 00 00 00 00 00 ff fe 00 00 00 00 00 00 00 00 00 00 00 00 00 00 ff fe 00 00 00 00 00 00 00 00 00 00 00 00 00 00 ff fe
  @6652 nz=6 b14=ff 00 00 00 00 00 00 00 00 00 00 00 00 00 00 ff fe 00 00 00 00 00 00 00 00 00 00 00 00 00 00 ff fe 00 00 00 00 00 00 00 00 00 00 00 00 00 00 ff fe 00 00
  @6654 nz=6 b14=00 00 00 00 00 00 00 00 00 00 00 00 00 ff fe 00 00 00 00 00 00 00 00 00 00 00 00 00 00 ff fe 00 00 00 00 00 00 00 00 00 00 00 00 00 00 ff fe 00 00 00 00
  @6656 nz=6 b14=00 00 00 00 00 00 00 00 00 00 00 ff fe 00 00 00 00 00 00 00 00 00 00 00 00 00 00 ff fe 00 00 00 00 00 00 00 00 00 00 00 00 00 00 ff fe 00 00 00 00 00 00
  @6658 nz=6 b14=00 00 00 00 00 00 00 00 00 ff fe 00 00 00 00 00 00 00 00 00 00 00 00 00 00 ff fe 00 00 00 00 00 00 00 00 00 00 00 00 00 00 ff fe 00 00 00 00 00 00 00 00
  @6660 nz=6 b14=00 00 00 00 00 00 00 ff fe 00 00 00 00 00 00 00 00 00 00 00 00 00 00 ff fe 00 00 00 00 00 00 00 00 00 00 00 00 00 00 ff fe 00 00 00 00 00 00 00 00 00 00
  @6662 nz=6 b14=00 00 00 00 00 ff fe 00 00 00 00 00 00 00 00 00 00 00 00 00 00 ff fe 00 00 00 00 00 00 00 00 00 00 00 00 00 00 ff fe 00 00 00 00 00 00 00 00 00 00 00 00
  @6664 nz=6 b14=00 00 00 ff fe 00 00 00 00 00 00 00 00 00 00 00 00 00 00 ff fe 00 00 00 00 00 00 00 00 00 00 00 00 00 00 ff fe 00 00 00 00 00 00 00 00 00 00 00 00 00 00
  @6666 nz=8 b14=00 ff fe 00 00 00 00 00 00 00 00 00 00 00 00 00 00 ff fe 00 00 00 00 00 00 00 00 00 00 00 00 00 00 ff fe 00 00 00 00 00 00 00 00 00 00 00 00 00 00 ff fe
  @6668 nz=6 b14=ff 00 00 00 00 00 00 00 00 00 00 00 00 00 00 ff fe 00 00 00 00 00 00 00 00 00 00 00 00 00 00 ff fe 00 00 00 00 00 00 00 00 00 00 00 00 00 00 ff fe 00 00
  @6670 nz=6 b14=00 00 00 00 00 00 00 00 00 00 00 00 00 ff fe 00 00 00 00 00 00 00 00 00 00 00 00 00 00 ff fe 00 00 00 00 00 00 00 00 00 00 00 00 00 00 ff fe 00 00 00 00
  @6672 nz=6 b14=00 00 00 00 00 00 00 00 00 00 00 ff fe 00 00 00 00 00 00 00 00 00 00 00 00 00 00 ff fe 00 00 00 00 00 00 00 00 00 00 00 00 00 00 ff fe 00 00 00 00 00 00
  @6674 nz=6 b14=00 00 00 00 00 00 00 00 00 ff fe 00 00 00 00 00 00 00 00 00 00 00 00 00 00 ff fe 00 00 00 00 00 00 00 00 00 00 00 00 00 00 ff fe 00 00 00 00 00 00 00 00
  @6676 nz=6 b14=00 00 00 00 00 00 00 ff fe 00 00 00 00 00 00 00 00 00 00 00 00 00 00 ff fe 00 00 00 00 00 00 00 00 00 00 00 00 00 00 ff fe 00 00 00 00 00 00 00 00 00 00
  @6678 nz=6 b14=00 00 00 00 00 ff fe 00 00 00 00 00 00 00 00 00 00 00 00 00 00 ff fe 00 00 00 00 00 00 00 00 00 00 00 00 00 00 ff fe 00 00 00 00 00 00 00 00 00 00 00 00
  @6680 nz=6 b14=00 00 00 ff fe 00 00 00 00 00 00 00 00 00 00 00 00 00 00 ff fe 00 00 00 00 00 00 00 00 00 00 00 00 00 00 ff fe 00 00 00 00 00 00 00 00 00 00 00 00 00 00
  @6682 nz=8 b14=00 ff fe 00 00 00 00 00 00 00 00 00 00 00 00 00 00 ff fe 00 00 00 00 00 00 00 00 00 00 00 00 00 00 ff fe 00 00 00 00 00 00 00 00 00 00 00 00 00 00 ff fe
  @6684 nz=6 b14=ff 00 00 00 00 00 00 00 00 00 00 00 00 00 00 ff fe 00 00 00 00 00 00 00 00 00 00 00 00 00 00 ff fe 00 00 00 00 00 00 00 00 00 00 00 00 00 00 ff fe 00 00
  @6686 nz=6 b14=00 00 00 00 00 00 00 00 00 00 00 00 00 ff fe 00 00 00 00 00 00 00 00 00 00 00 00 00 00 ff fe 00 00 00 00 00 00 00 00 00 00 00 00 00 00 ff fe 00 00 00 00
  @6688 nz=6 b14=00 00 00 00 00 00 00 00 00 00 00 ff fe 00 00 00 00 00 00 00 00 00 00 00 00 00 00 ff fe 00 00 00 00 00 00 00 00 00 00 00 00 00 00 ff fe 00 00 00 00 00 00
  @6690 nz=6 b14=00 00 00 00 00 00 00 00 00 ff fe 00 00 00 00 00 00 00 00 00 00 00 00 00 00 ff fe 00 00 00 00 00 00 00 00 00 00 00 00 00 00 ff fe 00 00 00 00 00 00 00 00
  @6692 nz=6 b14=00 00 00 00 00 00 00 ff fe 00 00 00 00 00 00 00 00 00 00 00 00 00 00 ff fe 00 00 00 00 00 00 00 00 00 00 00 00 00 00 ff fe 00 00 00 00 00 00 00 00 00 00
  @6694 nz=6 b14=00 00 00 00 00 ff fe 00 00 00 00 00 00 00 00 00 00 00 00 00 00 ff fe 00 00 00 00 00 00 00 00 00 00 00 00 00 00 ff fe 00 00 00 00 00 00 00 00 00 00 00 00
  @6696 nz=6 b14=00 00 00 ff fe 00 00 00 00 00 00 00 00 00 00 00 00 00 00 ff fe 00 00 00 00 00 00 00 00 00 00 00 00 00 00 ff fe 00 00 00 00 00 00 00 00 00 00 00 00 00 00
  @6698 nz=8 b14=00 ff fe 00 00 00 00 00 00 00 00 00 00 00 00 00 00 ff fe 00 00 00 00 00 00 00 00 00 00 00 00 00 00 ff fe 00 00 00 00 00 00 00 00 00 00 00 00 00 00 ff fe
  @6700 nz=6 b14=ff 00 00 00 00 00 00 00 00 00 00 00 00 00 00 ff fe 00 00 00 00 00 00 00 00 00 00 00 00 00 00 ff fe 00 00 00 00 00 00 00 00 00 00 00 00 00 00 ff fe 00 00
  @6702 nz=6 b14=00 00 00 00 00 00 00 00 00 00 00 00 00 ff fe 00 00 00 00 00 00 00 00 00 00 00 00 00 00 ff fe 00 00 00 00 00 00 00 00 00 00 00 00 00 00 ff fe 00 00 00 00
  @6704 nz=6 b14=00 00 00 00 00 00 00 00 00 00 00 ff fe 00 00 00 00 00 00 00 00 00 00 00 00 00 00 ff fe 00 00 00 00 00 00 00 00 00 00 00 00 00 00 ff fe 00 00 00 00 00 00
  @6706 nz=6 b14=00 00 00 00 00 00 00 00 00 ff fe 00 00 00 00 00 00 00 00 00 00 00 00 00 00 ff fe 00 00 00 00 00 00 00 00 00 00 00 00 00 00 ff fe 00 00 00 00 00 00 00 00
  @6708 nz=6 b14=00 00 00 00 00 00 00 ff fe 00 00 00 00 00 00 00 00 00 00 00 00 00 00 ff fe 00 00 00 00 00 00 00 00 00 00 00 00 00 00 ff fe 00 00 00 00 00 00 00 00 00 00
  @6710 nz=6 b14=00 00 00 00 00 ff fe 00 00 00 00 00 00 00 00 00 00 00 00 00 00 ff fe 00 00 00 00 00 00 00 00 00 00 00 00 00 00 ff fe 00 00 00 00 00 00 00 00 00 00 00 00
  @6712 nz=6 b14=00 00 00 ff fe 00 00 00 00 00 00 00 00 00 00 00 00 00 00 ff fe 00 00 00 00 00 00 00 00 00 00 00 00 00 00 ff fe 00 00 00 00 00 00 00 00 00 00 00 00 00 00
  @6714 nz=8 b14=00 ff fe 00 00 00 00 00 00 00 00 00 00 00 00 00 00 ff fe 00 00 00 00 00 00 00 00 00 00 00 00 00 00 ff fe 00 00 00 00 00 00 00 00 00 00 00 00 00 00 ff fe
  @6716 nz=6 b14=ff 00 00 00 00 00 00 00 00 00 00 00 00 00 00 ff fe 00 00 00 00 00 00 00 00 00 00 00 00 00 00 ff fe 00 00 00 00 00 00 00 00 00 00 00 00 00 00 ff fe 00 00
  @6718 nz=6 b14=00 00 00 00 00 00 00 00 00 00 00 00 00 ff fe 00 00 00 00 00 00 00 00 00 00 00 00 00 00 ff fe 00 00 00 00 00 00 00 00 00 00 00 00 00 00 ff fe 00 00 00 00
  @6720 nz=6 b14=00 00 00 00 00 00 00 00 00 00 00 ff fe 00 00 00 00 00 00 00 00 00 00 00 00 00 00 ff fe 00 00 00 00 00 00 00 00 00 00 00 00 00 00 ff fe 00 00 00 00 00 00
  @6722 nz=6 b14=00 00 00 00 00 00 00 00 00 ff fe 00 00 00 00 00 00 00 00 00 00 00 00 00 00 ff fe 00 00 00 00 00 00 00 00 00 00 00 00 00 00 ff fe 00 00 00 00 00 00 00 00
  @6724 nz=6 b14=00 00 00 00 00 00 00 ff fe 00 00 00 00 00 00 00 00 00 00 00 00 00 00 ff fe 00 00 00 00 00 00 00 00 00 00 00 00 00 00 ff fe 00 00 00 00 00 00 00 00 00 00
  @6726 nz=6 b14=00 00 00 00 00 ff fe 00 00 00 00 00 00 00 00 00 00 00 00 00 00 ff fe 00 00 00 00 00 00 00 00 00 00 00 00 00 00 ff fe 00 00 00 00 00 00 00 00 00 00 00 00
  @6728 nz=6 b14=00 00 00 ff fe 00 00 00 00 00 00 00 00 00 00 00 00 00 00 ff fe 00 00 00 00 00 00 00 00 00 00 00 00 00 00 ff fe 00 00 00 00 00 00 00 00 00 00 00 00 00 00
  @6730 nz=8 b14=00 ff fe 00 00 00 00 00 00 00 00 00 00 00 00 00 00 ff fe 00 00 00 00 00 00 00 00 00 00 00 00 00 00 ff fe 00 00 00 00 00 00 00 00 00 00 00 00 00 00 ff fe
  @6732 nz=6 b14=ff 00 00 00 00 00 00 00 00 00 00 00 00 00 00 ff fe 00 00 00 00 00 00 00 00 00 00 00 00 00 00 ff fe 00 00 00 00 00 00 00 00 00 00 00 00 00 00 ff fe 00 00
  @6734 nz=6 b14=00 00 00 00 00 00 00 00 00 00 00 00 00 ff fe 00 00 00 00 00 00 00 00 00 00 00 00 00 00 ff fe 00 00 00 00 00 00 00 00 00 00 00 00 00 00 ff fe 00 00 00 00
  @6736 nz=6 b14=00 00 00 00 00 00 00 00 00 00 00 ff fe 00 00 00 00 00 00 00 00 00 00 00 00 00 00 ff fe 00 00 00 00 00 00 00 00 00 00 00 00 00 00 ff fe 00 00 00 00 00 00
  @6738 nz=6 b14=00 00 00 00 00 00 00 00 00 ff fe 00 00 00 00 00 00 00 00 00 00 00 00 00 00 ff fe 00 00 00 00 00 00 00 00 00 00 00 00 00 00 ff fe 00 00 00 00 00 00 00 00
  @6740 nz=6 b14=00 00 00 00 00 00 00 ff fe 00 00 00 00 00 00 00 00 00 00 00 00 00 00 ff fe 00 00 00 00 00 00 00 00 00 00 00 00 00 00 ff fe 00 00 00 00 00 00 00 00 00 00
  @6742 nz=6 b14=00 00 00 00 00 ff fe 00 00 00 00 00 00 00 00 00 00 00 00 00 00 ff fe 00 00 00 00 00 00 00 00 00 00 00 00 00 00 ff fe 00 00 00 00 00 00 00 00 00 00 00 00
  @6744 nz=6 b14=00 00 00 ff fe 00 00 00 00 00 00 00 00 00 00 00 00 00 00 ff fe 00 00 00 00 00 00 00 00 00 00 00 00 00 00 ff fe 00 00 00 00 00 00 00 00 00 00 00 00 00 00
  @6746 nz=8 b14=00 ff fe 00 00 00 00 00 00 00 00 00 00 00 00 00 00 ff fe 00 00 00 00 00 00 00 00 00 00 00 00 00 00 ff fe 00 00 00 00 00 00 00 00 00 00 00 00 00 00 ff fe
  @6748 nz=6 b14=ff 00 00 00 00 00 00 00 00 00 00 00 00 00 00 ff fe 00 00 00 00 00 00 00 00 00 00 00 00 00 00 ff fe 00 00 00 00 00 00 00 00 00 00 00 00 00 00 ff fe 00 00
  @6750 nz=6 b14=00 00 00 00 00 00 00 00 00 00 00 00 00 ff fe 00 00 00 00 00 00 00 00 00 00 00 00 00 00 ff fe 00 00 00 00 00 00 00 00 00 00 00 00 00 00 ff fe 00 00 00 00
  @6752 nz=6 b14=00 00 00 00 00 00 00 00 00 00 00 ff fe 00 00 00 00 00 00 00 00 00 00 00 00 00 00 ff fe 00 00 00 00 00 00 00 00 00 00 00 00 00 00 ff fe 00 00 00 00 00 00
  @6754 nz=6 b14=00 00 00 00 00 00 00 00 00 ff fe 00 00 00 00 00 00 00 00 00 00 00 00 00 00 ff fe 00 00 00 00 00 00 00 00 00 00 00 00 00 00 ff fe 00 00 00 00 00 00 00 00
  @6756 nz=6 b14=00 00 00 00 00 00 00 ff fe 00 00 00 00 00 00 00 00 00 00 00 00 00 00 ff fe 00 00 00 00 00 00 00 00 00 00 00 00 00 00 ff fe 00 00 00 00 00 00 00 00 00 00
  @6758 nz=6 b14=00 00 00 00 00 ff fe 00 00 00 00 00 00 00 00 00 00 00 00 00 00 ff fe 00 00 00 00 00 00 00 00 00 00 00 00 00 00 ff fe 00 00 00 00 00 00 00 00 00 00 00 00
  @6760 nz=6 b14=00 00 00 ff fe 00 00 00 00 00 00 00 00 00 00 00 00 00 00 ff fe 00 00 00 00 00 00 00 00 00 00 00 00 00 00 ff fe 00 00 00 00 00 00 00 00 00 00 00 00 00 00
  @6762 nz=8 b14=00 ff fe 00 00 00 00 00 00 00 00 00 00 00 00 00 00 ff fe 00 00 00 00 00 00 00 00 00 00 00 00 00 00 ff fe 00 00 00 00 00 00 00 00 00 00 00 00 00 00 ff fe
  @6764 nz=6 b14=ff 00 00 00 00 00 00 00 00 00 00 00 00 00 00 ff fe 00 00 00 00 00 00 00 00 00 00 00 00 00 00 ff fe 00 00 00 00 00 00 00 00 00 00 00 00 00 00 ff fe 00 00
  @6766 nz=6 b14=00 00 00 00 00 00 00 00 00 00 00 00 00 ff fe 00 00 00 00 00 00 00 00 00 00 00 00 00 00 ff fe 00 00 00 00 00 00 00 00 00 00 00 00 00 00 ff fe 00 00 00 00
  @6768 nz=6 b14=00 00 00 00 00 00 00 00 00 00 00 ff fe 00 00 00 00 00 00 00 00 00 00 00 00 00 00 ff fe 00 00 00 00 00 00 00 00 00 00 00 00 00 00 ff fe 00 00 00 00 00 00
  @6770 nz=6 b14=00 00 00 00 00 00 00 00 00 ff fe 00 00 00 00 00 00 00 00 00 00 00 00 00 00 ff fe 00 00 00 00 00 00 00 00 00 00 00 00 00 00 ff fe 00 00 00 00 00 00 00 00
  @6772 nz=6 b14=00 00 00 00 00 00 00 ff fe 00 00 00 00 00 00 00 00 00 00 00 00 00 00 ff fe 00 00 00 00 00 00 00 00 00 00 00 00 00 00 ff fe 00 00 00 00 00 00 00 00 00 00
  @6774 nz=6 b14=00 00 00 00 00 ff fe 00 00 00 00 00 00 00 00 00 00 00 00 00 00 ff fe 00 00 00 00 00 00 00 00 00 00 00 00 00 00 ff fe 00 00 00 00 00 00 00 00 00 00 00 00
  @6776 nz=6 b14=00 00 00 ff fe 00 00 00 00 00 00 00 00 00 00 00 00 00 00 ff fe 00 00 00 00 00 00 00 00 00 00 00 00 00 00 ff fe 00 00 00 00 00 00 00 00 00 00 00 00 00 00
  @6778 nz=8 b14=00 ff fe 00 00 00 00 00 00 00 00 00 00 00 00 00 00 ff fe 00 00 00 00 00 00 00 00 00 00 00 00 00 00 ff fe 00 00 00 00 00 00 00 00 00 00 00 00 00 00 ff fe
  @6780 nz=6 b14=ff 00 00 00 00 00 00 00 00 00 00 00 00 00 00 ff fe 00 00 00 00 00 00 00 00 00 00 00 00 00 00 ff fe 00 00 00 00 00 00 00 00 00 00 00 00 00 00 ff fe 00 00
  @6782 nz=6 b14=00 00 00 00 00 00 00 00 00 00 00 00 00 ff fe 00 00 00 00 00 00 00 00 00 00 00 00 00 00 ff fe 00 00 00 00 00 00 00 00 00 00 00 00 00 00 ff fe 00 00 00 00
  @6784 nz=6 b14=00 00 00 00 00 00 00 00 00 00 00 ff fe 00 00 00 00 00 00 00 00 00 00 00 00 00 00 ff fe 00 00 00 00 00 00 00 00 00 00 00 00 00 00 ff fe 00 00 00 00 00 00
  @6786 nz=6 b14=00 00 00 00 00 00 00 00 00 ff fe 00 00 00 00 00 00 00 00 00 00 00 00 00 00 ff fe 00 00 00 00 00 00 00 00 00 00 00 00 00 00 ff fe 00 00 00 00 00 00 00 00
  @6788 nz=6 b14=00 00 00 00 00 00 00 ff fe 00 00 00 00 00 00 00 00 00 00 00 00 00 00 ff fe 00 00 00 00 00 00 00 00 00 00 00 00 00 00 ff fe 00 00 00 00 00 00 00 00 00 00
  @6790 nz=6 b14=00 00 00 00 00 ff fe 00 00 00 00 00 00 00 00 00 00 00 00 00 00 ff fe 00 00 00 00 00 00 00 00 00 00 00 00 00 00 ff fe 00 00 00 00 00 00 00 00 00 00 00 00
  @6792 nz=6 b14=00 00 00 ff fe 00 00 00 00 00 00 00 00 00 00 00 00 00 00 ff fe 00 00 00 00 00 00 00 00 00 00 00 00 00 00 ff fe 00 00 00 00 00 00 00 00 00 00 00 00 00 00
  @6794 nz=8 b14=00 ff fe 00 00 00 00 00 00 00 00 00 00 00 00 00 00 ff fe 00 00 00 00 00 00 00 00 00 00 00 00 00 00 ff fe 00 00 00 00 00 00 00 00 00 00 00 00 00 00 ff fe
  @6796 nz=6 b14=ff 00 00 00 00 00 00 00 00 00 00 00 00 00 00 ff fe 00 00 00 00 00 00 00 00 00 00 00 00 00 00 ff fe 00 00 00 00 00 00 00 00 00 00 00 00 00 00 ff fe 00 00
  @6798 nz=6 b14=00 00 00 00 00 00 00 00 00 00 00 00 00 ff fe 00 00 00 00 00 00 00 00 00 00 00 00 00 00 ff fe 00 00 00 00 00 00 00 00 00 00 00 00 00 00 ff fe 00 00 00 00
  @6800 nz=6 b14=00 00 00 00 00 00 00 00 00 00 00 ff fe 00 00 00 00 00 00 00 00 00 00 00 00 00 00 ff fe 00 00 00 00 00 00 00 00 00 00 00 00 00 00 ff fe 00 00 00 00 00 00
  @6802 nz=6 b14=00 00 00 00 00 00 00 00 00 ff fe 00 00 00 00 00 00 00 00 00 00 00 00 00 00 ff fe 00 00 00 00 00 00 00 00 00 00 00 00 00 00 ff fe 00 00 00 00 00 00 00 00
  @6804 nz=6 b14=00 00 00 00 00 00 00 ff fe 00 00 00 00 00 00 00 00 00 00 00 00 00 00 ff fe 00 00 00 00 00 00 00 00 00 00 00 00 00 00 ff fe 00 00 00 00 00 00 00 00 00 00
  @6806 nz=6 b14=00 00 00 00 00 ff fe 00 00 00 00 00 00 00 00 00 00 00 00 00 00 ff fe 00 00 00 00 00 00 00 00 00 00 00 00 00 00 ff fe 00 00 00 00 00 00 00 00 00 00 00 00
  @6808 nz=6 b14=00 00 00 ff fe 00 00 00 00 00 00 00 00 00 00 00 00 00 00 ff fe 00 00 00 00 00 00 00 00 00 00 00 00 00 00 ff fe 00 00 00 00 00 00 00 00 00 00 00 00 00 00
  @6810 nz=8 b14=00 ff fe 00 00 00 00 00 00 00 00 00 00 00 00 00 00 ff fe 00 00 00 00 00 00 00 00 00 00 00 00 00 00 ff fe 00 00 00 00 00 00 00 00 00 00 00 00 00 00 ff fe
  @6812 nz=6 b14=ff 00 00 00 00 00 00 00 00 00 00 00 00 00 00 ff fe 00 00 00 00 00 00 00 00 00 00 00 00 00 00 ff fe 00 00 00 00 00 00 00 00 00 00 00 00 00 00 ff fe 00 00
  @6814 nz=6 b14=00 00 00 00 00 00 00 00 00 00 00 00 00 ff fe 00 00 00 00 00 00 00 00 00 00 00 00 00 00 ff fe 00 00 00 00 00 00 00 00 00 00 00 00 00 00 ff fe 00 00 00 00
  @6816 nz=6 b14=00 00 00 00 00 00 00 00 00 00 00 ff fe 00 00 00 00 00 00 00 00 00 00 00 00 00 00 ff fe 00 00 00 00 00 00 00 00 00 00 00 00 00 00 ff fe 00 00 00 00 00 00
  @6818 nz=6 b14=00 00 00 00 00 00 00 00 00 ff fe 00 00 00 00 00 00 00 00 00 00 00 00 00 00 ff fe 00 00 00 00 00 00 00 00 00 00 00 00 00 00 ff fe 00 00 00 00 00 00 00 00
  @6820 nz=6 b14=00 00 00 00 00 00 00 ff fe 00 00 00 00 00 00 00 00 00 00 00 00 00 00 ff fe 00 00 00 00 00 00 00 00 00 00 00 00 00 00 ff fe 00 00 00 00 00 00 00 00 00 00
  @6822 nz=6 b14=00 00 00 00 00 ff fe 00 00 00 00 00 00 00 00 00 00 00 00 00 00 ff fe 00 00 00 00 00 00 00 00 00 00 00 00 00 00 ff fe 00 00 00 00 00 00 00 00 00 00 00 00
  @6824 nz=6 b14=00 00 00 ff fe 00 00 00 00 00 00 00 00 00 00 00 00 00 00 ff fe 00 00 00 00 00 00 00 00 00 00 00 00 00 00 ff fe 00 00 00 00 00 00 00 00 00 00 00 00 00 00
  @6826 nz=8 b14=00 ff fe 00 00 00 00 00 00 00 00 00 00 00 00 00 00 ff fe 00 00 00 00 00 00 00 00 00 00 00 00 00 00 ff fe 00 00 00 00 00 00 00 00 00 00 00 00 00 00 ff fe
  @6828 nz=6 b14=ff 00 00 00 00 00 00 00 00 00 00 00 00 00 00 ff fe 00 00 00 00 00 00 00 00 00 00 00 00 00 00 ff fe 00 00 00 00 00 00 00 00 00 00 00 00 00 00 ff fe 00 00
  @6830 nz=6 b14=00 00 00 00 00 00 00 00 00 00 00 00 00 ff fe 00 00 00 00 00 00 00 00 00 00 00 00 00 00 ff fe 00 00 00 00 00 00 00 00 00 00 00 00 00 00 ff fe 00 00 00 00
  @6832 nz=6 b14=00 00 00 00 00 00 00 00 00 00 00 ff fe 00 00 00 00 00 00 00 00 00 00 00 00 00 00 ff fe 00 00 00 00 00 00 00 00 00 00 00 00 00 00 ff fe 00 00 00 00 00 00
  @6834 nz=6 b14=00 00 00 00 00 00 00 00 00 ff fe 00 00 00 00 00 00 00 00 00 00 00 00 00 00 ff fe 00 00 00 00 00 00 00 00 00 00 00 00 00 00 ff fe 00 00 00 00 00 00 00 00
  @6836 nz=6 b14=00 00 00 00 00 00 00 ff fe 00 00 00 00 00 00 00 00 00 00 00 00 00 00 ff fe 00 00 00 00 00 00 00 00 00 00 00 00 00 00 ff fe 00 00 00 00 00 00 00 00 00 00
  @6838 nz=6 b14=00 00 00 00 00 ff fe 00 00 00 00 00 00 00 00 00 00 00 00 00 00 ff fe 00 00 00 00 00 00 00 00 00 00 00 00 00 00 ff fe 00 00 00 00 00 00 00 00 00 00 00 00
  @6840 nz=6 b14=00 00 00 ff fe 00 00 00 00 00 00 00 00 00 00 00 00 00 00 ff fe 00 00 00 00 00 00 00 00 00 00 00 00 00 00 ff fe 00 00 00 00 00 00 00 00 00 00 00 00 00 00
  @6842 nz=8 b14=00 ff fe 00 00 00 00 00 00 00 00 00 00 00 00 00 00 ff fe 00 00 00 00 00 00 00 00 00 00 00 00 00 00 ff fe 00 00 00 00 00 00 00 00 00 00 00 00 00 00 ff fe
  @6844 nz=6 b14=ff 00 00 00 00 00 00 00 00 00 00 00 00 00 00 ff fe 00 00 00 00 00 00 00 00 00 00 00 00 00 00 ff fe 00 00 00 00 00 00 00 00 00 00 00 00 00 00 ff fe 00 00
  @6846 nz=6 b14=00 00 00 00 00 00 00 00 00 00 00 00 00 ff fe 00 00 00 00 00 00 00 00 00 00 00 00 00 00 ff fe 00 00 00 00 00 00 00 00 00 00 00 00 00 00 ff fe 00 00 00 00
  @6848 nz=6 b14=00 00 00 00 00 00 00 00 00 00 00 ff fe 00 00 00 00 00 00 00 00 00 00 00 00 00 00 ff fe 00 00 00 00 00 00 00 00 00 00 00 00 00 00 ff fe 00 00 00 00 00 00
  @6850 nz=6 b14=00 00 00 00 00 00 00 00 00 ff fe 00 00 00 00 00 00 00 00 00 00 00 00 00 00 ff fe 00 00 00 00 00 00 00 00 00 00 00 00 00 00 ff fe 00 00 00 00 00 00 00 00
  @6852 nz=6 b14=00 00 00 00 00 00 00 ff fe 00 00 00 00 00 00 00 00 00 00 00 00 00 00 ff fe 00 00 00 00 00 00 00 00 00 00 00 00 00 00 ff fe 00 00 00 00 00 00 00 00 00 00
  @6854 nz=6 b14=00 00 00 00 00 ff fe 00 00 00 00 00 00 00 00 00 00 00 00 00 00 ff fe 00 00 00 00 00 00 00 00 00 00 00 00 00 00 ff fe 00 00 00 00 00 00 00 00 00 00 00 00
  @6856 nz=6 b14=00 00 00 ff fe 00 00 00 00 00 00 00 00 00 00 00 00 00 00 ff fe 00 00 00 00 00 00 00 00 00 00 00 00 00 00 ff fe 00 00 00 00 00 00 00 00 00 00 00 00 00 00
  @6858 nz=8 b14=00 ff fe 00 00 00 00 00 00 00 00 00 00 00 00 00 00 ff fe 00 00 00 00 00 00 00 00 00 00 00 00 00 00 ff fe 00 00 00 00 00 00 00 00 00 00 00 00 00 00 ff fe
  @6860 nz=6 b14=ff 00 00 00 00 00 00 00 00 00 00 00 00 00 00 ff fe 00 00 00 00 00 00 00 00 00 00 00 00 00 00 ff fe 00 00 00 00 00 00 00 00 00 00 00 00 00 00 ff fe 00 00
  @6862 nz=6 b14=00 00 00 00 00 00 00 00 00 00 00 00 00 ff fe 00 00 00 00 00 00 00 00 00 00 00 00 00 00 ff fe 00 00 00 00 00 00 00 00 00 00 00 00 00 00 ff fe 00 00 00 00
  @6864 nz=6 b14=00 00 00 00 00 00 00 00 00 00 00 ff fe 00 00 00 00 00 00 00 00 00 00 00 00 00 00 ff fe 00 00 00 00 00 00 00 00 00 00 00 00 00 00 ff fe 00 00 00 00 00 00
  @6866 nz=6 b14=00 00 00 00 00 00 00 00 00 ff fe 00 00 00 00 00 00 00 00 00 00 00 00 00 00 ff fe 00 00 00 00 00 00 00 00 00 00 00 00 00 00 ff fe 00 00 00 00 00 00 00 00
  @6868 nz=6 b14=00 00 00 00 00 00 00 ff fe 00 00 00 00 00 00 00 00 00 00 00 00 00 00 ff fe 00 00 00 00 00 00 00 00 00 00 00 00 00 00 ff fe 00 00 00 00 00 00 00 00 00 00
  @6870 nz=6 b14=00 00 00 00 00 ff fe 00 00 00 00 00 00 00 00 00 00 00 00 00 00 ff fe 00 00 00 00 00 00 00 00 00 00 00 00 00 00 ff fe 00 00 00 00 00 00 00 00 00 00 00 00
  @6872 nz=6 b14=00 00 00 ff fe 00 00 00 00 00 00 00 00 00 00 00 00 00 00 ff fe 00 00 00 00 00 00 00 00 00 00 00 00 00 00 ff fe 00 00 00 00 00 00 00 00 00 00 00 00 00 00
  @6874 nz=8 b14=00 ff fe 00 00 00 00 00 00 00 00 00 00 00 00 00 00 ff fe 00 00 00 00 00 00 00 00 00 00 00 00 00 00 ff fe 00 00 00 00 00 00 00 00 00 00 00 00 00 00 ff fe
  @6876 nz=6 b14=ff 00 00 00 00 00 00 00 00 00 00 00 00 00 00 ff fe 00 00 00 00 00 00 00 00 00 00 00 00 00 00 ff fe 00 00 00 00 00 00 00 00 00 00 00 00 00 00 ff fe 00 00
  @6878 nz=6 b14=00 00 00 00 00 00 00 00 00 00 00 00 00 ff fe 00 00 00 00 00 00 00 00 00 00 00 00 00 00 ff fe 00 00 00 00 00 00 00 00 00 00 00 00 00 00 ff fe 00 00 00 00
  @6880 nz=6 b14=00 00 00 00 00 00 00 00 00 00 00 ff fe 00 00 00 00 00 00 00 00 00 00 00 00 00 00 ff fe 00 00 00 00 00 00 00 00 00 00 00 00 00 00 ff fe 00 00 00 00 00 00
  @6882 nz=6 b14=00 00 00 00 00 00 00 00 00 ff fe 00 00 00 00 00 00 00 00 00 00 00 00 00 00 ff fe 00 00 00 00 00 00 00 00 00 00 00 00 00 00 ff fe 00 00 00 00 00 00 00 00
  @6884 nz=6 b14=00 00 00 00 00 00 00 ff fe 00 00 00 00 00 00 00 00 00 00 00 00 00 00 ff fe 00 00 00 00 00 00 00 00 00 00 00 00 00 00 ff fe 00 00 00 00 00 00 00 00 00 00
  @6886 nz=6 b14=00 00 00 00 00 ff fe 00 00 00 00 00 00 00 00 00 00 00 00 00 00 ff fe 00 00 00 00 00 00 00 00 00 00 00 00 00 00 ff fe 00 00 00 00 00 00 00 00 00 00 00 00
  @6888 nz=6 b14=00 00 00 ff fe 00 00 00 00 00 00 00 00 00 00 00 00 00 00 ff fe 00 00 00 00 00 00 00 00 00 00 00 00 00 00 ff fe 00 00 00 00 00 00 00 00 00 00 00 00 00 00
  @6890 nz=8 b14=00 ff fe 00 00 00 00 00 00 00 00 00 00 00 00 00 00 ff fe 00 00 00 00 00 00 00 00 00 00 00 00 00 00 ff fe 00 00 00 00 00 00 00 00 00 00 00 00 00 00 ff fe
  @6892 nz=6 b14=ff 00 00 00 00 00 00 00 00 00 00 00 00 00 00 ff fe 00 00 00 00 00 00 00 00 00 00 00 00 00 00 ff fe 00 00 00 00 00 00 00 00 00 00 00 00 00 00 ff fe 00 00
  @6894 nz=6 b14=00 00 00 00 00 00 00 00 00 00 00 00 00 ff fe 00 00 00 00 00 00 00 00 00 00 00 00 00 00 ff fe 00 00 00 00 00 00 00 00 00 00 00 00 00 00 ff fe 00 00 00 00
  @6896 nz=6 b14=00 00 00 00 00 00 00 00 00 00 00 ff fe 00 00 00 00 00 00 00 00 00 00 00 00 00 00 ff fe 00 00 00 00 00 00 00 00 00 00 00 00 00 00 ff fe 00 00 00 00 00 00
  @6898 nz=6 b14=00 00 00 00 00 00 00 00 00 ff fe 00 00 00 00 00 00 00 00 00 00 00 00 00 00 ff fe 00 00 00 00 00 00 00 00 00 00 00 00 00 00 ff fe 00 00 00 00 00 00 00 00
  @6900 nz=6 b14=00 00 00 00 00 00 00 ff fe 00 00 00 00 00 00 00 00 00 00 00 00 00 00 ff fe 00 00 00 00 00 00 00 00 00 00 00 00 00 00 ff fe 00 00 00 00 00 00 00 00 00 00
  @6902 nz=6 b14=00 00 00 00 00 ff fe 00 00 00 00 00 00 00 00 00 00 00 00 00 00 ff fe 00 00 00 00 00 00 00 00 00 00 00 00 00 00 ff fe 00 00 00 00 00 00 00 00 00 00 00 00
  @6904 nz=6 b14=00 00 00 ff fe 00 00 00 00 00 00 00 00 00 00 00 00 00 00 ff fe 00 00 00 00 00 00 00 00 00 00 00 00 00 00 ff fe 00 00 00 00 00 00 00 00 00 00 00 00 00 00
  @6906 nz=8 b14=00 ff fe 00 00 00 00 00 00 00 00 00 00 00 00 00 00 ff fe 00 00 00 00 00 00 00 00 00 00 00 00 00 00 ff fe 00 00 00 00 00 00 00 00 00 00 00 00 00 00 ff fe
  @6908 nz=6 b14=ff 00 00 00 00 00 00 00 00 00 00 00 00 00 00 ff fe 00 00 00 00 00 00 00 00 00 00 00 00 00 00 ff fe 00 00 00 00 00 00 00 00 00 00 00 00 00 00 ff fe 00 00
  @6910 nz=6 b14=00 00 00 00 00 00 00 00 00 00 00 00 00 ff fe 00 00 00 00 00 00 00 00 00 00 00 00 00 00 ff fe 00 00 00 00 00 00 00 00 00 00 00 00 00 00 ff fe 00 00 00 00
  @6912 nz=6 b14=00 00 00 00 00 00 00 00 00 00 00 ff fe 00 00 00 00 00 00 00 00 00 00 00 00 00 00 ff fe 00 00 00 00 00 00 00 00 00 00 00 00 00 00 ff fe 00 00 00 00 00 00
  @6914 nz=6 b14=00 00 00 00 00 00 00 00 00 ff fe 00 00 00 00 00 00 00 00 00 00 00 00 00 00 ff fe 00 00 00 00 00 00 00 00 00 00 00 00 00 00 ff fe 00 00 00 00 00 00 00 00
  @6916 nz=6 b14=00 00 00 00 00 00 00 ff fe 00 00 00 00 00 00 00 00 00 00 00 00 00 00 ff fe 00 00 00 00 00 00 00 00 00 00 00 00 00 00 ff fe 00 00 00 00 00 00 00 00 00 00
  @6918 nz=6 b14=00 00 00 00 00 ff fe 00 00 00 00 00 00 00 00 00 00 00 00 00 00 ff fe 00 00 00 00 00 00 00 00 00 00 00 00 00 00 ff fe 00 00 00 00 00 00 00 00 00 00 00 00
  @6920 nz=6 b14=00 00 00 ff fe 00 00 00 00 00 00 00 00 00 00 00 00 00 00 ff fe 00 00 00 00 00 00 00 00 00 00 00 00 00 00 ff fe 00 00 00 00 00 00 00 00 00 00 00 00 00 00
  @6922 nz=8 b14=00 ff fe 00 00 00 00 00 00 00 00 00 00 00 00 00 00 ff fe 00 00 00 00 00 00 00 00 00 00 00 00 00 00 ff fe 00 00 00 00 00 00 00 00 00 00 00 00 00 00 ff fe
  @6924 nz=6 b14=ff 00 00 00 00 00 00 00 00 00 00 00 00 00 00 ff fe 00 00 00 00 00 00 00 00 00 00 00 00 00 00 ff fe 00 00 00 00 00 00 00 00 00 00 00 00 00 00 ff fe 00 00
  @6926 nz=6 b14=00 00 00 00 00 00 00 00 00 00 00 00 00 ff fe 00 00 00 00 00 00 00 00 00 00 00 00 00 00 ff fe 00 00 00 00 00 00 00 00 00 00 00 00 00 00 ff fe 00 00 00 00
  @6928 nz=6 b14=00 00 00 00 00 00 00 00 00 00 00 ff fe 00 00 00 00 00 00 00 00 00 00 00 00 00 00 ff fe 00 00 00 00 00 00 00 00 00 00 00 00 00 00 ff fe 00 00 00 00 00 00
  @6930 nz=6 b14=00 00 00 00 00 00 00 00 00 ff fe 00 00 00 00 00 00 00 00 00 00 00 00 00 00 ff fe 00 00 00 00 00 00 00 00 00 00 00 00 00 00 ff fe 00 00 00 00 00 00 00 00
  @6932 nz=6 b14=00 00 00 00 00 00 00 ff fe 00 00 00 00 00 00 00 00 00 00 00 00 00 00 ff fe 00 00 00 00 00 00 00 00 00 00 00 00 00 00 ff fe 00 00 00 00 00 00 00 00 00 00
  @6934 nz=6 b14=00 00 00 00 00 ff fe 00 00 00 00 00 00 00 00 00 00 00 00 00 00 ff fe 00 00 00 00 00 00 00 00 00 00 00 00 00 00 ff fe 00 00 00 00 00 00 00 00 00 00 00 00
  @6936 nz=6 b14=00 00 00 ff fe 00 00 00 00 00 00 00 00 00 00 00 00 00 00 ff fe 00 00 00 00 00 00 00 00 00 00 00 00 00 00 ff fe 00 00 00 00 00 00 00 00 00 00 00 00 00 00
  @6938 nz=8 b14=00 ff fe 00 00 00 00 00 00 00 00 00 00 00 00 00 00 ff fe 00 00 00 00 00 00 00 00 00 00 00 00 00 00 ff fe 00 00 00 00 00 00 00 00 00 00 00 00 00 00 ff fe
  @6940 nz=6 b14=ff 00 00 00 00 00 00 00 00 00 00 00 00 00 00 ff fe 00 00 00 00 00 00 00 00 00 00 00 00 00 00 ff fe 00 00 00 00 00 00 00 00 00 00 00 00 00 00 ff fe 00 00
  @6942 nz=6 b14=00 00 00 00 00 00 00 00 00 00 00 00 00 ff fe 00 00 00 00 00 00 00 00 00 00 00 00 00 00 ff fe 00 00 00 00 00 00 00 00 00 00 00 00 00 00 ff fe 00 00 00 00
  @6944 nz=6 b14=00 00 00 00 00 00 00 00 00 00 00 ff fe 00 00 00 00 00 00 00 00 00 00 00 00 00 00 ff fe 00 00 00 00 00 00 00 00 00 00 00 00 00 00 ff fe 00 00 00 00 00 00
  @6946 nz=6 b14=00 00 00 00 00 00 00 00 00 ff fe 00 00 00 00 00 00 00 00 00 00 00 00 00 00 ff fe 00 00 00 00 00 00 00 00 00 00 00 00 00 00 ff fe 00 00 00 00 00 00 00 00
  @6948 nz=6 b14=00 00 00 00 00 00 00 ff fe 00 00 00 00 00 00 00 00 00 00 00 00 00 00 ff fe 00 00 00 00 00 00 00 00 00 00 00 00 00 00 ff fe 00 00 00 00 00 00 00 00 00 00
  @6950 nz=6 b14=00 00 00 00 00 ff fe 00 00 00 00 00 00 00 00 00 00 00 00 00 00 ff fe 00 00 00 00 00 00 00 00 00 00 00 00 00 00 ff fe 00 00 00 00 00 00 00 00 00 00 00 00
  @6952 nz=6 b14=00 00 00 ff fe 00 00 00 00 00 00 00 00 00 00 00 00 00 00 ff fe 00 00 00 00 00 00 00 00 00 00 00 00 00 00 ff fe 00 00 00 00 00 00 00 00 00 00 00 00 00 00
  @6954 nz=8 b14=00 ff fe 00 00 00 00 00 00 00 00 00 00 00 00 00 00 ff fe 00 00 00 00 00 00 00 00 00 00 00 00 00 00 ff fe 00 00 00 00 00 00 00 00 00 00 00 00 00 00 ff fe
  @6956 nz=6 b14=ff 00 00 00 00 00 00 00 00 00 00 00 00 00 00 ff fe 00 00 00 00 00 00 00 00 00 00 00 00 00 00 ff fe 00 00 00 00 00 00 00 00 00 00 00 00 00 00 ff fe 00 00
  @6958 nz=6 b14=00 00 00 00 00 00 00 00 00 00 00 00 00 ff fe 00 00 00 00 00 00 00 00 00 00 00 00 00 00 ff fe 00 00 00 00 00 00 00 00 00 00 00 00 00 00 ff fe 00 00 00 00
  @6960 nz=6 b14=00 00 00 00 00 00 00 00 00 00 00 ff fe 00 00 00 00 00 00 00 00 00 00 00 00 00 00 ff fe 00 00 00 00 00 00 00 00 00 00 00 00 00 00 ff fe 00 00 00 00 00 00
  @6962 nz=6 b14=00 00 00 00 00 00 00 00 00 ff fe 00 00 00 00 00 00 00 00 00 00 00 00 00 00 ff fe 00 00 00 00 00 00 00 00 00 00 00 00 00 00 ff fe 00 00 00 00 00 00 00 00
  @6964 nz=6 b14=00 00 00 00 00 00 00 ff fe 00 00 00 00 00 00 00 00 00 00 00 00 00 00 ff fe 00 00 00 00 00 00 00 00 00 00 00 00 00 00 ff fe 00 00 00 00 00 00 00 00 00 00
  @6966 nz=6 b14=00 00 00 00 00 ff fe 00 00 00 00 00 00 00 00 00 00 00 00 00 00 ff fe 00 00 00 00 00 00 00 00 00 00 00 00 00 00 ff fe 00 00 00 00 00 00 00 00 00 00 00 00
  @6968 nz=6 b14=00 00 00 ff fe 00 00 00 00 00 00 00 00 00 00 00 00 00 00 ff fe 00 00 00 00 00 00 00 00 00 00 00 00 00 00 ff fe 00 00 00 00 00 00 00 00 00 00 00 00 00 00
  @6970 nz=8 b14=00 ff fe 00 00 00 00 00 00 00 00 00 00 00 00 00 00 ff fe 00 00 00 00 00 00 00 00 00 00 00 00 00 00 ff fe 00 00 00 00 00 00 00 00 00 00 00 00 00 00 ff fe
  @6972 nz=6 b14=ff 00 00 00 00 00 00 00 00 00 00 00 00 00 00 ff fe 00 00 00 00 00 00 00 00 00 00 00 00 00 00 ff fe 00 00 00 00 00 00 00 00 00 00 00 00 00 00 ff fe 00 00
  @6974 nz=6 b14=00 00 00 00 00 00 00 00 00 00 00 00 00 ff fe 00 00 00 00 00 00 00 00 00 00 00 00 00 00 ff fe 00 00 00 00 00 00 00 00 00 00 00 00 00 00 ff fe 00 00 00 00
  @6976 nz=6 b14=00 00 00 00 00 00 00 00 00 00 00 ff fe 00 00 00 00 00 00 00 00 00 00 00 00 00 00 ff fe 00 00 00 00 00 00 00 00 00 00 00 00 00 00 ff fe 00 00 00 00 00 00
  @6978 nz=6 b14=00 00 00 00 00 00 00 00 00 ff fe 00 00 00 00 00 00 00 00 00 00 00 00 00 00 ff fe 00 00 00 00 00 00 00 00 00 00 00 00 00 00 ff fe 00 00 00 00 00 00 00 00
  @6980 nz=6 b14=00 00 00 00 00 00 00 ff fe 00 00 00 00 00 00 00 00 00 00 00 00 00 00 ff fe 00 00 00 00 00 00 00 00 00 00 00 00 00 00 ff fe 00 00 00 00 00 00 00 00 00 00
  @6982 nz=6 b14=00 00 00 00 00 ff fe 00 00 00 00 00 00 00 00 00 00 00 00 00 00 ff fe 00 00 00 00 00 00 00 00 00 00 00 00 00 00 ff fe 00 00 00 00 00 00 00 00 00 00 00 00
  @6984 nz=6 b14=00 00 00 ff fe 00 00 00 00 00 00 00 00 00 00 00 00 00 00 ff fe 00 00 00 00 00 00 00 00 00 00 00 00 00 00 ff fe 00 00 00 00 00 00 00 00 00 00 00 00 00 00
  @6986 nz=8 b14=00 ff fe 00 00 00 00 00 00 00 00 00 00 00 00 00 00 ff fe 00 00 00 00 00 00 00 00 00 00 00 00 00 00 ff fe 00 00 00 00 00 00 00 00 00 00 00 00 00 00 ff fe
  @6988 nz=6 b14=ff 00 00 00 00 00 00 00 00 00 00 00 00 00 00 ff fe 00 00 00 00 00 00 00 00 00 00 00 00 00 00 ff fe 00 00 00 00 00 00 00 00 00 00 00 00 00 00 ff fe 00 00
  @6990 nz=6 b14=00 00 00 00 00 00 00 00 00 00 00 00 00 ff fe 00 00 00 00 00 00 00 00 00 00 00 00 00 00 ff fe 00 00 00 00 00 00 00 00 00 00 00 00 00 00 ff fe 00 00 00 00
  @6992 nz=6 b14=00 00 00 00 00 00 00 00 00 00 00 ff fe 00 00 00 00 00 00 00 00 00 00 00 00 00 00 ff fe 00 00 00 00 00 00 00 00 00 00 00 00 00 00 ff fe 00 00 00 00 00 00
  @6994 nz=6 b14=00 00 00 00 00 00 00 00 00 ff fe 00 00 00 00 00 00 00 00 00 00 00 00 00 00 ff fe 00 00 00 00 00 00 00 00 00 00 00 00 00 00 ff fe 00 00 00 00 00 00 00 00
  @6996 nz=6 b14=00 00 00 00 00 00 00 ff fe 00 00 00 00 00 00 00 00 00 00 00 00 00 00 ff fe 00 00 00 00 00 00 00 00 00 00 00 00 00 00 ff fe 00 00 00 00 00 00 00 00 00 00
  @6998 nz=6 b14=00 00 00 00 00 ff fe 00 00 00 00 00 00 00 00 00 00 00 00 00 00 ff fe 00 00 00 00 00 00 00 00 00 00 00 00 00 00 ff fe 00 00 00 00 00 00 00 00 00 00 00 00
  @7000 nz=6 b14=00 00 00 ff fe 00 00 00 00 00 00 00 00 00 00 00 00 00 00 ff fe 00 00 00 00 00 00 00 00 00 00 00 00 00 00 ff fe 00 00 00 00 00 00 00 00 00 00 00 00 00 00
  @7002 nz=8 b14=00 ff fe 00 00 00 00 00 00 00 00 00 00 00 00 00 00 ff fe 00 00 00 00 00 00 00 00 00 00 00 00 00 00 ff fe 00 00 00 00 00 00 00 00 00 00 00 00 00 00 ff fe
  @7004 nz=6 b14=ff 00 00 00 00 00 00 00 00 00 00 00 00 00 00 ff fe 00 00 00 00 00 00 00 00 00 00 00 00 00 00 ff fe 00 00 00 00 00 00 00 00 00 00 00 00 00 00 ff fe 00 00
  @7006 nz=6 b14=00 00 00 00 00 00 00 00 00 00 00 00 00 ff fe 00 00 00 00 00 00 00 00 00 00 00 00 00 00 ff fe 00 00 00 00 00 00 00 00 00 00 00 00 00 00 ff fe 00 00 00 00
  @7008 nz=6 b14=00 00 00 00 00 00 00 00 00 00 00 ff fe 00 00 00 00 00 00 00 00 00 00 00 00 00 00 ff fe 00 00 00 00 00 00 00 00 00 00 00 00 00 00 ff fe 00 00 00 00 00 00
  @7010 nz=6 b14=00 00 00 00 00 00 00 00 00 ff fe 00 00 00 00 00 00 00 00 00 00 00 00 00 00 ff fe 00 00 00 00 00 00 00 00 00 00 00 00 00 00 ff fe 00 00 00 00 00 00 00 00
  @7012 nz=6 b14=00 00 00 00 00 00 00 ff fe 00 00 00 00 00 00 00 00 00 00 00 00 00 00 ff fe 00 00 00 00 00 00 00 00 00 00 00 00 00 00 ff fe 00 00 00 00 00 00 00 00 00 00
  @7014 nz=6 b14=00 00 00 00 00 ff fe 00 00 00 00 00 00 00 00 00 00 00 00 00 00 ff fe 00 00 00 00 00 00 00 00 00 00 00 00 00 00 ff fe 00 00 00 00 00 00 00 00 00 00 00 00
  @7016 nz=6 b14=00 00 00 ff fe 00 00 00 00 00 00 00 00 00 00 00 00 00 00 ff fe 00 00 00 00 00 00 00 00 00 00 00 00 00 00 ff fe 00 00 00 00 00 00 00 00 00 00 00 00 00 00
  @7018 nz=8 b14=00 ff fe 00 00 00 00 00 00 00 00 00 00 00 00 00 00 ff fe 00 00 00 00 00 00 00 00 00 00 00 00 00 00 ff fe 00 00 00 00 00 00 00 00 00 00 00 00 00 00 ff fe
  @7020 nz=6 b14=ff 00 00 00 00 00 00 00 00 00 00 00 00 00 00 ff fe 00 00 00 00 00 00 00 00 00 00 00 00 00 00 ff fe 00 00 00 00 00 00 00 00 00 00 00 00 00 00 ff fe 00 00
  @7022 nz=6 b14=00 00 00 00 00 00 00 00 00 00 00 00 00 ff fe 00 00 00 00 00 00 00 00 00 00 00 00 00 00 ff fe 00 00 00 00 00 00 00 00 00 00 00 00 00 00 ff fe 00 00 00 00
  @7024 nz=6 b14=00 00 00 00 00 00 00 00 00 00 00 ff fe 00 00 00 00 00 00 00 00 00 00 00 00 00 00 ff fe 00 00 00 00 00 00 00 00 00 00 00 00 00 00 ff fe 00 00 00 00 00 00
  @7026 nz=6 b14=00 00 00 00 00 00 00 00 00 ff fe 00 00 00 00 00 00 00 00 00 00 00 00 00 00 ff fe 00 00 00 00 00 00 00 00 00 00 00 00 00 00 ff fe 00 00 00 00 00 00 00 00
  @7028 nz=6 b14=00 00 00 00 00 00 00 ff fe 00 00 00 00 00 00 00 00 00 00 00 00 00 00 ff fe 00 00 00 00 00 00 00 00 00 00 00 00 00 00 ff fe 00 00 00 00 00 00 00 00 00 00
  @7030 nz=6 b14=00 00 00 00 00 ff fe 00 00 00 00 00 00 00 00 00 00 00 00 00 00 ff fe 00 00 00 00 00 00 00 00 00 00 00 00 00 00 ff fe 00 00 00 00 00 00 00 00 00 00 00 00
  @7032 nz=6 b14=00 00 00 ff fe 00 00 00 00 00 00 00 00 00 00 00 00 00 00 ff fe 00 00 00 00 00 00 00 00 00 00 00 00 00 00 ff fe 00 00 00 00 00 00 00 00 00 00 00 00 00 00
  @7034 nz=8 b14=00 ff fe 00 00 00 00 00 00 00 00 00 00 00 00 00 00 ff fe 00 00 00 00 00 00 00 00 00 00 00 00 00 00 ff fe 00 00 00 00 00 00 00 00 00 00 00 00 00 00 ff fe
  @7036 nz=6 b14=ff 00 00 00 00 00 00 00 00 00 00 00 00 00 00 ff fe 00 00 00 00 00 00 00 00 00 00 00 00 00 00 ff fe 00 00 00 00 00 00 00 00 00 00 00 00 00 00 ff fe 00 00
  @7038 nz=6 b14=00 00 00 00 00 00 00 00 00 00 00 00 00 ff fe 00 00 00 00 00 00 00 00 00 00 00 00 00 00 ff fe 00 00 00 00 00 00 00 00 00 00 00 00 00 00 ff fe 00 00 00 00
  @7040 nz=6 b14=00 00 00 00 00 00 00 00 00 00 00 ff fe 00 00 00 00 00 00 00 00 00 00 00 00 00 00 ff fe 00 00 00 00 00 00 00 00 00 00 00 00 00 00 ff fe 00 00 00 00 00 00
  @7042 nz=6 b14=00 00 00 00 00 00 00 00 00 ff fe 00 00 00 00 00 00 00 00 00 00 00 00 00 00 ff fe 00 00 00 00 00 00 00 00 00 00 00 00 00 00 ff fe 00 00 00 00 00 00 00 00
  @7044 nz=6 b14=00 00 00 00 00 00 00 ff fe 00 00 00 00 00 00 00 00 00 00 00 00 00 00 ff fe 00 00 00 00 00 00 00 00 00 00 00 00 00 00 ff fe 00 00 00 00 00 00 00 00 00 00
  @7046 nz=6 b14=00 00 00 00 00 ff fe 00 00 00 00 00 00 00 00 00 00 00 00 00 00 ff fe 00 00 00 00 00 00 00 00 00 00 00 00 00 00 ff fe 00 00 00 00 00 00 00 00 00 00 00 00
  @7048 nz=6 b14=00 00 00 ff fe 00 00 00 00 00 00 00 00 00 00 00 00 00 00 ff fe 00 00 00 00 00 00 00 00 00 00 00 00 00 00 ff fe 00 00 00 00 00 00 00 00 00 00 00 00 00 00
  @7050 nz=8 b14=00 ff fe 00 00 00 00 00 00 00 00 00 00 00 00 00 00 ff fe 00 00 00 00 00 00 00 00 00 00 00 00 00 00 ff fe 00 00 00 00 00 00 00 00 00 00 00 00 00 00 ff fe
  @7052 nz=6 b14=ff 00 00 00 00 00 00 00 00 00 00 00 00 00 00 ff fe 00 00 00 00 00 00 00 00 00 00 00 00 00 00 ff fe 00 00 00 00 00 00 00 00 00 00 00 00 00 00 ff fe 00 00
  @7054 nz=6 b14=00 00 00 00 00 00 00 00 00 00 00 00 00 ff fe 00 00 00 00 00 00 00 00 00 00 00 00 00 00 ff fe 00 00 00 00 00 00 00 00 00 00 00 00 00 00 ff fe 00 00 00 00
  @7056 nz=6 b14=00 00 00 00 00 00 00 00 00 00 00 ff fe 00 00 00 00 00 00 00 00 00 00 00 00 00 00 ff fe 00 00 00 00 00 00 00 00 00 00 00 00 00 00 ff fe 00 00 00 00 00 00
  @7058 nz=6 b14=00 00 00 00 00 00 00 00 00 ff fe 00 00 00 00 00 00 00 00 00 00 00 00 00 00 ff fe 00 00 00 00 00 00 00 00 00 00 00 00 00 00 ff fe 00 00 00 00 00 00 00 00
  @7060 nz=6 b14=00 00 00 00 00 00 00 ff fe 00 00 00 00 00 00 00 00 00 00 00 00 00 00 ff fe 00 00 00 00 00 00 00 00 00 00 00 00 00 00 ff fe 00 00 00 00 00 00 00 00 00 00
  @7062 nz=6 b14=00 00 00 00 00 ff fe 00 00 00 00 00 00 00 00 00 00 00 00 00 00 ff fe 00 00 00 00 00 00 00 00 00 00 00 00 00 00 ff fe 00 00 00 00 00 00 00 00 00 00 00 00
  @7064 nz=6 b14=00 00 00 ff fe 00 00 00 00 00 00 00 00 00 00 00 00 00 00 ff fe 00 00 00 00 00 00 00 00 00 00 00 00 00 00 ff fe 00 00 00 00 00 00 00 00 00 00 00 00 00 00
  @7066 nz=8 b14=00 ff fe 00 00 00 00 00 00 00 00 00 00 00 00 00 00 ff fe 00 00 00 00 00 00 00 00 00 00 00 00 00 00 ff fe 00 00 00 00 00 00 00 00 00 00 00 00 00 00 ff fe
  @7068 nz=6 b14=ff 00 00 00 00 00 00 00 00 00 00 00 00 00 00 ff fe 00 00 00 00 00 00 00 00 00 00 00 00 00 00 ff fe 00 00 00 00 00 00 00 00 00 00 00 00 00 00 ff fe 00 00
  @7070 nz=6 b14=00 00 00 00 00 00 00 00 00 00 00 00 00 ff fe 00 00 00 00 00 00 00 00 00 00 00 00 00 00 ff fe 00 00 00 00 00 00 00 00 00 00 00 00 00 00 ff fe 00 00 00 00
  @7072 nz=6 b14=00 00 00 00 00 00 00 00 00 00 00 ff fe 00 00 00 00 00 00 00 00 00 00 00 00 00 00 ff fe 00 00 00 00 00 00 00 00 00 00 00 00 00 00 ff fe 00 00 00 00 00 00
  @7074 nz=6 b14=00 00 00 00 00 00 00 00 00 ff fe 00 00 00 00 00 00 00 00 00 00 00 00 00 00 ff fe 00 00 00 00 00 00 00 00 00 00 00 00 00 00 ff fe 00 00 00 00 00 00 00 00
  @7076 nz=6 b14=00 00 00 00 00 00 00 ff fe 00 00 00 00 00 00 00 00 00 00 00 00 00 00 ff fe 00 00 00 00 00 00 00 00 00 00 00 00 00 00 ff fe 00 00 00 00 00 00 00 00 00 00
  @7078 nz=6 b14=00 00 00 00 00 ff fe 00 00 00 00 00 00 00 00 00 00 00 00 00 00 ff fe 00 00 00 00 00 00 00 00 00 00 00 00 00 00 ff fe 00 00 00 00 00 00 00 00 00 00 00 00
  @7080 nz=6 b14=00 00 00 ff fe 00 00 00 00 00 00 00 00 00 00 00 00 00 00 ff fe 00 00 00 00 00 00 00 00 00 00 00 00 00 00 ff fe 00 00 00 00 00 00 00 00 00 00 00 00 00 00
  @7082 nz=8 b14=00 ff fe 00 00 00 00 00 00 00 00 00 00 00 00 00 00 ff fe 00 00 00 00 00 00 00 00 00 00 00 00 00 00 ff fe 00 00 00 00 00 00 00 00 00 00 00 00 00 00 ff fe
  @7084 nz=6 b14=ff 00 00 00 00 00 00 00 00 00 00 00 00 00 00 ff fe 00 00 00 00 00 00 00 00 00 00 00 00 00 00 ff fe 00 00 00 00 00 00 00 00 00 00 00 00 00 00 ff fe 00 00
  @7086 nz=6 b14=00 00 00 00 00 00 00 00 00 00 00 00 00 ff fe 00 00 00 00 00 00 00 00 00 00 00 00 00 00 ff fe 00 00 00 00 00 00 00 00 00 00 00 00 00 00 ff fe 00 00 00 00
  @7088 nz=6 b14=00 00 00 00 00 00 00 00 00 00 00 ff fe 00 00 00 00 00 00 00 00 00 00 00 00 00 00 ff fe 00 00 00 00 00 00 00 00 00 00 00 00 00 00 ff fe 00 00 00 00 00 00
  @7090 nz=6 b14=00 00 00 00 00 00 00 00 00 ff fe 00 00 00 00 00 00 00 00 00 00 00 00 00 00 ff fe 00 00 00 00 00 00 00 00 00 00 00 00 00 00 ff fe 00 00 00 00 00 00 00 00
  @7092 nz=6 b14=00 00 00 00 00 00 00 ff fe 00 00 00 00 00 00 00 00 00 00 00 00 00 00 ff fe 00 00 00 00 00 00 00 00 00 00 00 00 00 00 ff fe 00 00 00 00 00 00 00 00 00 00
  @7094 nz=6 b14=00 00 00 00 00 ff fe 00 00 00 00 00 00 00 00 00 00 00 00 00 00 ff fe 00 00 00 00 00 00 00 00 00 00 00 00 00 00 ff fe 00 00 00 00 00 00 00 00 00 00 00 00
  @7096 nz=6 b14=00 00 00 ff fe 00 00 00 00 00 00 00 00 00 00 00 00 00 00 ff fe 00 00 00 00 00 00 00 00 00 00 00 00 00 00 ff fe 00 00 00 00 00 00 00 00 00 00 00 00 00 00
  @7098 nz=8 b14=00 ff fe 00 00 00 00 00 00 00 00 00 00 00 00 00 00 ff fe 00 00 00 00 00 00 00 00 00 00 00 00 00 00 ff fe 00 00 00 00 00 00 00 00 00 00 00 00 00 00 ff fe
  @7100 nz=6 b14=ff 00 00 00 00 00 00 00 00 00 00 00 00 00 00 ff fe 00 00 00 00 00 00 00 00 00 00 00 00 00 00 ff fe 00 00 00 00 00 00 00 00 00 00 00 00 00 00 ff fe 00 00
  @7102 nz=6 b14=00 00 00 00 00 00 00 00 00 00 00 00 00 ff fe 00 00 00 00 00 00 00 00 00 00 00 00 00 00 ff fe 00 00 00 00 00 00 00 00 00 00 00 00 00 00 ff fe 00 00 00 00
  @7104 nz=6 b14=00 00 00 00 00 00 00 00 00 00 00 ff fe 00 00 00 00 00 00 00 00 00 00 00 00 00 00 ff fe 00 00 00 00 00 00 00 00 00 00 00 00 00 00 ff fe 00 00 00 00 00 00
  @7106 nz=6 b14=00 00 00 00 00 00 00 00 00 ff fe 00 00 00 00 00 00 00 00 00 00 00 00 00 00 ff fe 00 00 00 00 00 00 00 00 00 00 00 00 00 00 ff fe 00 00 00 00 00 00 00 00
  @7108 nz=6 b14=00 00 00 00 00 00 00 ff fe 00 00 00 00 00 00 00 00 00 00 00 00 00 00 ff fe 00 00 00 00 00 00 00 00 00 00 00 00 00 00 ff fe 00 00 00 00 00 00 00 00 00 00
  @7110 nz=6 b14=00 00 00 00 00 ff fe 00 00 00 00 00 00 00 00 00 00 00 00 00 00 ff fe 00 00 00 00 00 00 00 00 00 00 00 00 00 00 ff fe 00 00 00 00 00 00 00 00 00 00 00 00
  @7112 nz=6 b14=00 00 00 ff fe 00 00 00 00 00 00 00 00 00 00 00 00 00 00 ff fe 00 00 00 00 00 00 00 00 00 00 00 00 00 00 ff fe 00 00 00 00 00 00 00 00 00 00 00 00 00 00
  @7114 nz=8 b14=00 ff fe 00 00 00 00 00 00 00 00 00 00 00 00 00 00 ff fe 00 00 00 00 00 00 00 00 00 00 00 00 00 00 ff fe 00 00 00 00 00 00 00 00 00 00 00 00 00 00 ff fe
  @7116 nz=6 b14=ff 00 00 00 00 00 00 00 00 00 00 00 00 00 00 ff fe 00 00 00 00 00 00 00 00 00 00 00 00 00 00 ff fe 00 00 00 00 00 00 00 00 00 00 00 00 00 00 ff fe 00 00
  @7118 nz=6 b14=00 00 00 00 00 00 00 00 00 00 00 00 00 ff fe 00 00 00 00 00 00 00 00 00 00 00 00 00 00 ff fe 00 00 00 00 00 00 00 00 00 00 00 00 00 00 ff fe 00 00 00 00
  @7120 nz=6 b14=00 00 00 00 00 00 00 00 00 00 00 ff fe 00 00 00 00 00 00 00 00 00 00 00 00 00 00 ff fe 00 00 00 00 00 00 00 00 00 00 00 00 00 00 ff fe 00 00 00 00 00 00
  @7122 nz=6 b14=00 00 00 00 00 00 00 00 00 ff fe 00 00 00 00 00 00 00 00 00 00 00 00 00 00 ff fe 00 00 00 00 00 00 00 00 00 00 00 00 00 00 ff fe 00 00 00 00 00 00 00 00
  @7124 nz=6 b14=00 00 00 00 00 00 00 ff fe 00 00 00 00 00 00 00 00 00 00 00 00 00 00 ff fe 00 00 00 00 00 00 00 00 00 00 00 00 00 00 ff fe 00 00 00 00 00 00 00 00 00 00
  @7126 nz=6 b14=00 00 00 00 00 ff fe 00 00 00 00 00 00 00 00 00 00 00 00 00 00 ff fe 00 00 00 00 00 00 00 00 00 00 00 00 00 00 ff fe 00 00 00 00 00 00 00 00 00 00 00 00
  @7128 nz=6 b14=00 00 00 ff fe 00 00 00 00 00 00 00 00 00 00 00 00 00 00 ff fe 00 00 00 00 00 00 00 00 00 00 00 00 00 00 ff fe 00 00 00 00 00 00 00 00 00 00 00 00 00 00
  @7130 nz=8 b14=00 ff fe 00 00 00 00 00 00 00 00 00 00 00 00 00 00 ff fe 00 00 00 00 00 00 00 00 00 00 00 00 00 00 ff fe 00 00 00 00 00 00 00 00 00 00 00 00 00 00 ff fe
  @7132 nz=6 b14=ff 00 00 00 00 00 00 00 00 00 00 00 00 00 00 ff fe 00 00 00 00 00 00 00 00 00 00 00 00 00 00 ff fe 00 00 00 00 00 00 00 00 00 00 00 00 00 00 ff fe 00 00
  @7134 nz=6 b14=00 00 00 00 00 00 00 00 00 00 00 00 00 ff fe 00 00 00 00 00 00 00 00 00 00 00 00 00 00 ff fe 00 00 00 00 00 00 00 00 00 00 00 00 00 00 ff fe 00 00 00 00
  @7136 nz=6 b14=00 00 00 00 00 00 00 00 00 00 00 ff fe 00 00 00 00 00 00 00 00 00 00 00 00 00 00 ff fe 00 00 00 00 00 00 00 00 00 00 00 00 00 00 ff fe 00 00 00 00 00 00
  @7138 nz=6 b14=00 00 00 00 00 00 00 00 00 ff fe 00 00 00 00 00 00 00 00 00 00 00 00 00 00 ff fe 00 00 00 00 00 00 00 00 00 00 00 00 00 00 ff fe 00 00 00 00 00 00 00 00
  @7140 nz=6 b14=00 00 00 00 00 00 00 ff fe 00 00 00 00 00 00 00 00 00 00 00 00 00 00 ff fe 00 00 00 00 00 00 00 00 00 00 00 00 00 00 ff fe 00 00 00 00 00 00 00 00 00 00
  @7142 nz=6 b14=00 00 00 00 00 ff fe 00 00 00 00 00 00 00 00 00 00 00 00 00 00 ff fe 00 00 00 00 00 00 00 00 00 00 00 00 00 00 ff fe 00 00 00 00 00 00 00 00 00 00 00 00
  @7144 nz=6 b14=00 00 00 ff fe 00 00 00 00 00 00 00 00 00 00 00 00 00 00 ff fe 00 00 00 00 00 00 00 00 00 00 00 00 00 00 ff fe 00 00 00 00 00 00 00 00 00 00 00 00 00 00
  @7146 nz=8 b14=00 ff fe 00 00 00 00 00 00 00 00 00 00 00 00 00 00 ff fe 00 00 00 00 00 00 00 00 00 00 00 00 00 00 ff fe 00 00 00 00 00 00 00 00 00 00 00 00 00 00 ff fe
  @7148 nz=6 b14=ff 00 00 00 00 00 00 00 00 00 00 00 00 00 00 ff fe 00 00 00 00 00 00 00 00 00 00 00 00 00 00 ff fe 00 00 00 00 00 00 00 00 00 00 00 00 00 00 ff fe 00 00
  @7150 nz=6 b14=00 00 00 00 00 00 00 00 00 00 00 00 00 ff fe 00 00 00 00 00 00 00 00 00 00 00 00 00 00 ff fe 00 00 00 00 00 00 00 00 00 00 00 00 00 00 ff fe 00 00 00 00
  @7152 nz=6 b14=00 00 00 00 00 00 00 00 00 00 00 ff fe 00 00 00 00 00 00 00 00 00 00 00 00 00 00 ff fe 00 00 00 00 00 00 00 00 00 00 00 00 00 00 ff fe 00 00 00 00 00 00
  @7154 nz=6 b14=00 00 00 00 00 00 00 00 00 ff fe 00 00 00 00 00 00 00 00 00 00 00 00 00 00 ff fe 00 00 00 00 00 00 00 00 00 00 00 00 00 00 ff fe 00 00 00 00 00 00 00 00
  @7156 nz=6 b14=00 00 00 00 00 00 00 ff fe 00 00 00 00 00 00 00 00 00 00 00 00 00 00 ff fe 00 00 00 00 00 00 00 00 00 00 00 00 00 00 ff fe 00 00 00 00 00 00 00 00 00 00
  @7158 nz=6 b14=00 00 00 00 00 ff fe 00 00 00 00 00 00 00 00 00 00 00 00 00 00 ff fe 00 00 00 00 00 00 00 00 00 00 00 00 00 00 ff fe 00 00 00 00 00 00 00 00 00 00 00 00
  @7160 nz=6 b14=00 00 00 ff fe 00 00 00 00 00 00 00 00 00 00 00 00 00 00 ff fe 00 00 00 00 00 00 00 00 00 00 00 00 00 00 ff fe 00 00 00 00 00 00 00 00 00 00 00 00 00 00
  @7162 nz=8 b14=00 ff fe 00 00 00 00 00 00 00 00 00 00 00 00 00 00 ff fe 00 00 00 00 00 00 00 00 00 00 00 00 00 00 ff fe 00 00 00 00 00 00 00 00 00 00 00 00 00 00 ff fe
  @7164 nz=6 b14=ff 00 00 00 00 00 00 00 00 00 00 00 00 00 00 ff fe 00 00 00 00 00 00 00 00 00 00 00 00 00 00 ff fe 00 00 00 00 00 00 00 00 00 00 00 00 00 00 ff fe 00 00
  @7166 nz=6 b14=00 00 00 00 00 00 00 00 00 00 00 00 00 ff fe 00 00 00 00 00 00 00 00 00 00 00 00 00 00 ff fe 00 00 00 00 00 00 00 00 00 00 00 00 00 00 ff fe 00 00 00 00
  @7168 nz=6 b14=00 00 00 00 00 00 00 00 00 00 00 ff fe 00 00 00 00 00 00 00 00 00 00 00 00 00 00 ff fe 00 00 00 00 00 00 00 00 00 00 00 00 00 00 ff fe 00 00 00 00 00 00
  @7170 nz=6 b14=00 00 00 00 00 00 00 00 00 ff fe 00 00 00 00 00 00 00 00 00 00 00 00 00 00 ff fe 00 00 00 00 00 00 00 00 00 00 00 00 00 00 ff fe 00 00 00 00 00 00 00 00
  @7172 nz=6 b14=00 00 00 00 00 00 00 ff fe 00 00 00 00 00 00 00 00 00 00 00 00 00 00 ff fe 00 00 00 00 00 00 00 00 00 00 00 00 00 00 ff fe 00 00 00 00 00 00 00 00 00 00
  @7174 nz=6 b14=00 00 00 00 00 ff fe 00 00 00 00 00 00 00 00 00 00 00 00 00 00 ff fe 00 00 00 00 00 00 00 00 00 00 00 00 00 00 ff fe 00 00 00 00 00 00 00 00 00 00 00 00
  @7176 nz=6 b14=00 00 00 ff fe 00 00 00 00 00 00 00 00 00 00 00 00 00 00 ff fe 00 00 00 00 00 00 00 00 00 00 00 00 00 00 ff fe 00 00 00 00 00 00 00 00 00 00 00 00 00 00
  @7178 nz=8 b14=00 ff fe 00 00 00 00 00 00 00 00 00 00 00 00 00 00 ff fe 00 00 00 00 00 00 00 00 00 00 00 00 00 00 ff fe 00 00 00 00 00 00 00 00 00 00 00 00 00 00 ff fe
  @7180 nz=6 b14=ff 00 00 00 00 00 00 00 00 00 00 00 00 00 00 ff fe 00 00 00 00 00 00 00 00 00 00 00 00 00 00 ff fe 00 00 00 00 00 00 00 00 00 00 00 00 00 00 ff fe 00 00
  @7182 nz=6 b14=00 00 00 00 00 00 00 00 00 00 00 00 00 ff fe 00 00 00 00 00 00 00 00 00 00 00 00 00 00 ff fe 00 00 00 00 00 00 00 00 00 00 00 00 00 00 ff fe 00 00 00 00
  @7184 nz=6 b14=00 00 00 00 00 00 00 00 00 00 00 ff fe 00 00 00 00 00 00 00 00 00 00 00 00 00 00 ff fe 00 00 00 00 00 00 00 00 00 00 00 00 00 00 ff fe 00 00 00 00 00 00
  @7186 nz=6 b14=00 00 00 00 00 00 00 00 00 ff fe 00 00 00 00 00 00 00 00 00 00 00 00 00 00 ff fe 00 00 00 00 00 00 00 00 00 00 00 00 00 00 ff fe 00 00 00 00 00 00 00 00
  @7188 nz=6 b14=00 00 00 00 00 00 00 ff fe 00 00 00 00 00 00 00 00 00 00 00 00 00 00 ff fe 00 00 00 00 00 00 00 00 00 00 00 00 00 00 ff fe 00 00 00 00 00 00 00 00 00 00
  @7190 nz=6 b14=00 00 00 00 00 ff fe 00 00 00 00 00 00 00 00 00 00 00 00 00 00 ff fe 00 00 00 00 00 00 00 00 00 00 00 00 00 00 ff fe 00 00 00 00 00 00 00 00 00 00 00 00
  @7192 nz=6 b14=00 00 00 ff fe 00 00 00 00 00 00 00 00 00 00 00 00 00 00 ff fe 00 00 00 00 00 00 00 00 00 00 00 00 00 00 ff fe 00 00 00 00 00 00 00 00 00 00 00 00 00 00
  @7194 nz=8 b14=00 ff fe 00 00 00 00 00 00 00 00 00 00 00 00 00 00 ff fe 00 00 00 00 00 00 00 00 00 00 00 00 00 00 ff fe 00 00 00 00 00 00 00 00 00 00 00 00 00 00 ff fe
  @7196 nz=6 b14=ff 00 00 00 00 00 00 00 00 00 00 00 00 00 00 ff fe 00 00 00 00 00 00 00 00 00 00 00 00 00 00 ff fe 00 00 00 00 00 00 00 00 00 00 00 00 00 00 ff fe 00 00
  @7198 nz=6 b14=00 00 00 00 00 00 00 00 00 00 00 00 00 ff fe 00 00 00 00 00 00 00 00 00 00 00 00 00 00 ff fe 00 00 00 00 00 00 00 00 00 00 00 00 00 00 ff fe 00 00 00 00
  @7200 nz=6 b14=00 00 00 00 00 00 00 00 00 00 00 ff fe 00 00 00 00 00 00 00 00 00 00 00 00 00 00 ff fe 00 00 00 00 00 00 00 00 00 00 00 00 00 00 ff fe 00 00 00 00 00 00
  @7202 nz=6 b14=00 00 00 00 00 00 00 00 00 ff fe 00 00 00 00 00 00 00 00 00 00 00 00 00 00 ff fe 00 00 00 00 00 00 00 00 00 00 00 00 00 00 ff fe 00 00 00 00 00 00 00 00
  @7204 nz=6 b14=00 00 00 00 00 00 00 ff fe 00 00 00 00 00 00 00 00 00 00 00 00 00 00 ff fe 00 00 00 00 00 00 00 00 00 00 00 00 00 00 ff fe 00 00 00 00 00 00 00 00 00 00
  @7206 nz=6 b14=00 00 00 00 00 ff fe 00 00 00 00 00 00 00 00 00 00 00 00 00 00 ff fe 00 00 00 00 00 00 00 00 00 00 00 00 00 00 ff fe 00 00 00 00 00 00 00 00 00 00 00 00
  @7208 nz=6 b14=00 00 00 ff fe 00 00 00 00 00 00 00 00 00 00 00 00 00 00 ff fe 00 00 00 00 00 00 00 00 00 00 00 00 00 00 ff fe 00 00 00 00 00 00 00 00 00 00 00 00 00 00
  @7210 nz=8 b14=00 ff fe 00 00 00 00 00 00 00 00 00 00 00 00 00 00 ff fe 00 00 00 00 00 00 00 00 00 00 00 00 00 00 ff fe 00 00 00 00 00 00 00 00 00 00 00 00 00 00 ff fe
  @7212 nz=6 b14=ff 00 00 00 00 00 00 00 00 00 00 00 00 00 00 ff fe 00 00 00 00 00 00 00 00 00 00 00 00 00 00 ff fe 00 00 00 00 00 00 00 00 00 00 00 00 00 00 ff fe 00 00
  @7214 nz=6 b14=00 00 00 00 00 00 00 00 00 00 00 00 00 ff fe 00 00 00 00 00 00 00 00 00 00 00 00 00 00 ff fe 00 00 00 00 00 00 00 00 00 00 00 00 00 00 ff fe 00 00 00 00
  @7216 nz=6 b14=00 00 00 00 00 00 00 00 00 00 00 ff fe 00 00 00 00 00 00 00 00 00 00 00 00 00 00 ff fe 00 00 00 00 00 00 00 00 00 00 00 00 00 00 ff fe 00 00 00 00 00 00
  @7218 nz=6 b14=00 00 00 00 00 00 00 00 00 ff fe 00 00 00 00 00 00 00 00 00 00 00 00 00 00 ff fe 00 00 00 00 00 00 00 00 00 00 00 00 00 00 ff fe 00 00 00 00 00 00 00 00
  @7220 nz=6 b14=00 00 00 00 00 00 00 ff fe 00 00 00 00 00 00 00 00 00 00 00 00 00 00 ff fe 00 00 00 00 00 00 00 00 00 00 00 00 00 00 ff fe 00 00 00 00 00 00 00 00 00 00
  @7222 nz=6 b14=00 00 00 00 00 ff fe 00 00 00 00 00 00 00 00 00 00 00 00 00 00 ff fe 00 00 00 00 00 00 00 00 00 00 00 00 00 00 ff fe 00 00 00 00 00 00 00 00 00 00 00 00
  @7224 nz=6 b14=00 00 00 ff fe 00 00 00 00 00 00 00 00 00 00 00 00 00 00 ff fe 00 00 00 00 00 00 00 00 00 00 00 00 00 00 ff fe 00 00 00 00 00 00 00 00 00 00 00 00 00 00
  @7226 nz=8 b14=00 ff fe 00 00 00 00 00 00 00 00 00 00 00 00 00 00 ff fe 00 00 00 00 00 00 00 00 00 00 00 00 00 00 ff fe 00 00 00 00 00 00 00 00 00 00 00 00 00 00 ff fe
  @7228 nz=6 b14=ff 00 00 00 00 00 00 00 00 00 00 00 00 00 00 ff fe 00 00 00 00 00 00 00 00 00 00 00 00 00 00 ff fe 00 00 00 00 00 00 00 00 00 00 00 00 00 00 ff fe 00 00
  @7230 nz=6 b14=00 00 00 00 00 00 00 00 00 00 00 00 00 ff fe 00 00 00 00 00 00 00 00 00 00 00 00 00 00 ff fe 00 00 00 00 00 00 00 00 00 00 00 00 00 00 ff fe 00 00 00 00
  @7232 nz=6 b14=00 00 00 00 00 00 00 00 00 00 00 ff fe 00 00 00 00 00 00 00 00 00 00 00 00 00 00 ff fe 00 00 00 00 00 00 00 00 00 00 00 00 00 00 ff fe 00 00 00 00 00 00
  @7234 nz=6 b14=00 00 00 00 00 00 00 00 00 ff fe 00 00 00 00 00 00 00 00 00 00 00 00 00 00 ff fe 00 00 00 00 00 00 00 00 00 00 00 00 00 00 ff fe 00 00 00 00 00 00 00 00
  @7236 nz=6 b14=00 00 00 00 00 00 00 ff fe 00 00 00 00 00 00 00 00 00 00 00 00 00 00 ff fe 00 00 00 00 00 00 00 00 00 00 00 00 00 00 ff fe 00 00 00 00 00 00 00 00 00 00
  @7238 nz=6 b14=00 00 00 00 00 ff fe 00 00 00 00 00 00 00 00 00 00 00 00 00 00 ff fe 00 00 00 00 00 00 00 00 00 00 00 00 00 00 ff fe 00 00 00 00 00 00 00 00 00 00 00 00
  @7240 nz=6 b14=00 00 00 ff fe 00 00 00 00 00 00 00 00 00 00 00 00 00 00 ff fe 00 00 00 00 00 00 00 00 00 00 00 00 00 00 ff fe 00 00 00 00 00 00 00 00 00 00 00 00 00 00
  @7242 nz=8 b14=00 ff fe 00 00 00 00 00 00 00 00 00 00 00 00 00 00 ff fe 00 00 00 00 00 00 00 00 00 00 00 00 00 00 ff fe 00 00 00 00 00 00 00 00 00 00 00 00 00 00 ff fe
  @7244 nz=6 b14=ff 00 00 00 00 00 00 00 00 00 00 00 00 00 00 ff fe 00 00 00 00 00 00 00 00 00 00 00 00 00 00 ff fe 00 00 00 00 00 00 00 00 00 00 00 00 00 00 ff fe 00 00
  @7246 nz=6 b14=00 00 00 00 00 00 00 00 00 00 00 00 00 ff fe 00 00 00 00 00 00 00 00 00 00 00 00 00 00 ff fe 00 00 00 00 00 00 00 00 00 00 00 00 00 00 ff fe 00 00 00 00
  @7248 nz=6 b14=00 00 00 00 00 00 00 00 00 00 00 ff fe 00 00 00 00 00 00 00 00 00 00 00 00 00 00 ff fe 00 00 00 00 00 00 00 00 00 00 00 00 00 00 ff fe 00 00 00 00 00 00
  @7250 nz=6 b14=00 00 00 00 00 00 00 00 00 ff fe 00 00 00 00 00 00 00 00 00 00 00 00 00 00 ff fe 00 00 00 00 00 00 00 00 00 00 00 00 00 00 ff fe 00 00 00 00 00 00 00 00
  @7252 nz=6 b14=00 00 00 00 00 00 00 ff fe 00 00 00 00 00 00 00 00 00 00 00 00 00 00 ff fe 00 00 00 00 00 00 00 00 00 00 00 00 00 00 ff fe 00 00 00 00 00 00 00 00 00 00
  @7254 nz=6 b14=00 00 00 00 00 ff fe 00 00 00 00 00 00 00 00 00 00 00 00 00 00 ff fe 00 00 00 00 00 00 00 00 00 00 00 00 00 00 ff fe 00 00 00 00 00 00 00 00 00 00 00 00
  @7256 nz=6 b14=00 00 00 ff fe 00 00 00 00 00 00 00 00 00 00 00 00 00 00 ff fe 00 00 00 00 00 00 00 00 00 00 00 00 00 00 ff fe 00 00 00 00 00 00 00 00 00 00 00 00 00 00
  @7258 nz=8 b14=00 ff fe 00 00 00 00 00 00 00 00 00 00 00 00 00 00 ff fe 00 00 00 00 00 00 00 00 00 00 00 00 00 00 ff fe 00 00 00 00 00 00 00 00 00 00 00 00 00 00 ff fe
  @7260 nz=6 b14=ff 00 00 00 00 00 00 00 00 00 00 00 00 00 00 ff fe 00 00 00 00 00 00 00 00 00 00 00 00 00 00 ff fe 00 00 00 00 00 00 00 00 00 00 00 00 00 00 ff fe 00 00
  @7262 nz=6 b14=00 00 00 00 00 00 00 00 00 00 00 00 00 ff fe 00 00 00 00 00 00 00 00 00 00 00 00 00 00 ff fe 00 00 00 00 00 00 00 00 00 00 00 00 00 00 ff fe 00 00 00 00
  @7264 nz=6 b14=00 00 00 00 00 00 00 00 00 00 00 ff fe 00 00 00 00 00 00 00 00 00 00 00 00 00 00 ff fe 00 00 00 00 00 00 00 00 00 00 00 00 00 00 ff fe 00 00 00 00 00 00
  @7266 nz=6 b14=00 00 00 00 00 00 00 00 00 ff fe 00 00 00 00 00 00 00 00 00 00 00 00 00 00 ff fe 00 00 00 00 00 00 00 00 00 00 00 00 00 00 ff fe 00 00 00 00 00 00 00 00
  @7268 nz=6 b14=00 00 00 00 00 00 00 ff fe 00 00 00 00 00 00 00 00 00 00 00 00 00 00 ff fe 00 00 00 00 00 00 00 00 00 00 00 00 00 00 ff fe 00 00 00 00 00 00 00 00 00 00
  @7270 nz=6 b14=00 00 00 00 00 ff fe 00 00 00 00 00 00 00 00 00 00 00 00 00 00 ff fe 00 00 00 00 00 00 00 00 00 00 00 00 00 00 ff fe 00 00 00 00 00 00 00 00 00 00 00 00
  @7272 nz=6 b14=00 00 00 ff fe 00 00 00 00 00 00 00 00 00 00 00 00 00 00 ff fe 00 00 00 00 00 00 00 00 00 00 00 00 00 00 ff fe 00 00 00 00 00 00 00 00 00 00 00 00 00 00
  @7274 nz=8 b14=00 ff fe 00 00 00 00 00 00 00 00 00 00 00 00 00 00 ff fe 00 00 00 00 00 00 00 00 00 00 00 00 00 00 ff fe 00 00 00 00 00 00 00 00 00 00 00 00 00 00 ff fe
  @7276 nz=6 b14=ff 00 00 00 00 00 00 00 00 00 00 00 00 00 00 ff fe 00 00 00 00 00 00 00 00 00 00 00 00 00 00 ff fe 00 00 00 00 00 00 00 00 00 00 00 00 00 00 ff fe 00 00
  @7278 nz=6 b14=00 00 00 00 00 00 00 00 00 00 00 00 00 ff fe 00 00 00 00 00 00 00 00 00 00 00 00 00 00 ff fe 00 00 00 00 00 00 00 00 00 00 00 00 00 00 ff fe 00 00 00 00
  @7280 nz=6 b14=00 00 00 00 00 00 00 00 00 00 00 ff fe 00 00 00 00 00 00 00 00 00 00 00 00 00 00 ff fe 00 00 00 00 00 00 00 00 00 00 00 00 00 00 ff fe 00 00 00 00 00 00
  @7282 nz=6 b14=00 00 00 00 00 00 00 00 00 ff fe 00 00 00 00 00 00 00 00 00 00 00 00 00 00 ff fe 00 00 00 00 00 00 00 00 00 00 00 00 00 00 ff fe 00 00 00 00 00 00 00 00
  @7284 nz=6 b14=00 00 00 00 00 00 00 ff fe 00 00 00 00 00 00 00 00 00 00 00 00 00 00 ff fe 00 00 00 00 00 00 00 00 00 00 00 00 00 00 ff fe 00 00 00 00 00 00 00 00 00 00
  @7286 nz=6 b14=00 00 00 00 00 ff fe 00 00 00 00 00 00 00 00 00 00 00 00 00 00 ff fe 00 00 00 00 00 00 00 00 00 00 00 00 00 00 ff fe 00 00 00 00 00 00 00 00 00 00 00 00
  @7288 nz=6 b14=00 00 00 ff fe 00 00 00 00 00 00 00 00 00 00 00 00 00 00 ff fe 00 00 00 00 00 00 00 00 00 00 00 00 00 00 ff fe 00 00 00 00 00 00 00 00 00 00 00 00 00 00
  @7290 nz=8 b14=00 ff fe 00 00 00 00 00 00 00 00 00 00 00 00 00 00 ff fe 00 00 00 00 00 00 00 00 00 00 00 00 00 00 ff fe 00 00 00 00 00 00 00 00 00 00 00 00 00 00 ff fe
  @7292 nz=6 b14=ff 00 00 00 00 00 00 00 00 00 00 00 00 00 00 ff fe 00 00 00 00 00 00 00 00 00 00 00 00 00 00 ff fe 00 00 00 00 00 00 00 00 00 00 00 00 00 00 ff fe 00 00
  @7294 nz=6 b14=00 00 00 00 00 00 00 00 00 00 00 00 00 ff fe 00 00 00 00 00 00 00 00 00 00 00 00 00 00 ff fe 00 00 00 00 00 00 00 00 00 00 00 00 00 00 ff fe 00 00 00 00
  @7296 nz=6 b14=00 00 00 00 00 00 00 00 00 00 00 ff fe 00 00 00 00 00 00 00 00 00 00 00 00 00 00 ff fe 00 00 00 00 00 00 00 00 00 00 00 00 00 00 ff fe 00 00 00 00 00 00
  @7298 nz=6 b14=00 00 00 00 00 00 00 00 00 ff fe 00 00 00 00 00 00 00 00 00 00 00 00 00 00 ff fe 00 00 00 00 00 00 00 00 00 00 00 00 00 00 ff fe 00 00 00 00 00 00 00 00
  @7300 nz=6 b14=00 00 00 00 00 00 00 ff fe 00 00 00 00 00 00 00 00 00 00 00 00 00 00 ff fe 00 00 00 00 00 00 00 00 00 00 00 00 00 00 ff fe 00 00 00 00 00 00 00 00 00 00
  @7302 nz=6 b14=00 00 00 00 00 ff fe 00 00 00 00 00 00 00 00 00 00 00 00 00 00 ff fe 00 00 00 00 00 00 00 00 00 00 00 00 00 00 ff fe 00 00 00 00 00 00 00 00 00 00 00 00
  @7304 nz=6 b14=00 00 00 ff fe 00 00 00 00 00 00 00 00 00 00 00 00 00 00 ff fe 00 00 00 00 00 00 00 00 00 00 00 00 00 00 ff fe 00 00 00 00 00 00 00 00 00 00 00 00 00 00
  @7306 nz=8 b14=00 ff fe 00 00 00 00 00 00 00 00 00 00 00 00 00 00 ff fe 00 00 00 00 00 00 00 00 00 00 00 00 00 00 ff fe 00 00 00 00 00 00 00 00 00 00 00 00 00 00 ff fe
  @7308 nz=6 b14=ff 00 00 00 00 00 00 00 00 00 00 00 00 00 00 ff fe 00 00 00 00 00 00 00 00 00 00 00 00 00 00 ff fe 00 00 00 00 00 00 00 00 00 00 00 00 00 00 ff fe 00 00
  @7310 nz=6 b14=00 00 00 00 00 00 00 00 00 00 00 00 00 ff fe 00 00 00 00 00 00 00 00 00 00 00 00 00 00 ff fe 00 00 00 00 00 00 00 00 00 00 00 00 00 00 ff fe 00 00 00 00
  @7312 nz=6 b14=00 00 00 00 00 00 00 00 00 00 00 ff fe 00 00 00 00 00 00 00 00 00 00 00 00 00 00 ff fe 00 00 00 00 00 00 00 00 00 00 00 00 00 00 ff fe 00 00 00 00 00 00
  @7314 nz=6 b14=00 00 00 00 00 00 00 00 00 ff fe 00 00 00 00 00 00 00 00 00 00 00 00 00 00 ff fe 00 00 00 00 00 00 00 00 00 00 00 00 00 00 ff fe 00 00 00 00 00 00 00 00
  @7316 nz=6 b14=00 00 00 00 00 00 00 ff fe 00 00 00 00 00 00 00 00 00 00 00 00 00 00 ff fe 00 00 00 00 00 00 00 00 00 00 00 00 00 00 ff fe 00 00 00 00 00 00 00 00 00 00
  @7318 nz=6 b14=00 00 00 00 00 ff fe 00 00 00 00 00 00 00 00 00 00 00 00 00 00 ff fe 00 00 00 00 00 00 00 00 00 00 00 00 00 00 ff fe 00 00 00 00 00 00 00 00 00 00 00 00
  @7320 nz=6 b14=00 00 00 ff fe 00 00 00 00 00 00 00 00 00 00 00 00 00 00 ff fe 00 00 00 00 00 00 00 00 00 00 00 00 00 00 ff fe 00 00 00 00 00 00 00 00 00 00 00 00 00 00
  @7322 nz=8 b14=00 ff fe 00 00 00 00 00 00 00 00 00 00 00 00 00 00 ff fe 00 00 00 00 00 00 00 00 00 00 00 00 00 00 ff fe 00 00 00 00 00 00 00 00 00 00 00 00 00 00 ff fe
  @7324 nz=6 b14=ff 00 00 00 00 00 00 00 00 00 00 00 00 00 00 ff fe 00 00 00 00 00 00 00 00 00 00 00 00 00 00 ff fe 00 00 00 00 00 00 00 00 00 00 00 00 00 00 ff fe 00 00
  @7326 nz=6 b14=00 00 00 00 00 00 00 00 00 00 00 00 00 ff fe 00 00 00 00 00 00 00 00 00 00 00 00 00 00 ff fe 00 00 00 00 00 00 00 00 00 00 00 00 00 00 ff fe 00 00 00 00
  @7328 nz=6 b14=00 00 00 00 00 00 00 00 00 00 00 ff fe 00 00 00 00 00 00 00 00 00 00 00 00 00 00 ff fe 00 00 00 00 00 00 00 00 00 00 00 00 00 00 ff fe 00 00 00 00 00 00
  @7330 nz=6 b14=00 00 00 00 00 00 00 00 00 ff fe 00 00 00 00 00 00 00 00 00 00 00 00 00 00 ff fe 00 00 00 00 00 00 00 00 00 00 00 00 00 00 ff fe 00 00 00 00 00 00 00 00
  @7332 nz=6 b14=00 00 00 00 00 00 00 ff fe 00 00 00 00 00 00 00 00 00 00 00 00 00 00 ff fe 00 00 00 00 00 00 00 00 00 00 00 00 00 00 ff fe 00 00 00 00 00 00 00 00 00 00
  @7334 nz=6 b14=00 00 00 00 00 ff fe 00 00 00 00 00 00 00 00 00 00 00 00 00 00 ff fe 00 00 00 00 00 00 00 00 00 00 00 00 00 00 ff fe 00 00 00 00 00 00 00 00 00 00 00 00
  @7336 nz=6 b14=00 00 00 ff fe 00 00 00 00 00 00 00 00 00 00 00 00 00 00 ff fe 00 00 00 00 00 00 00 00 00 00 00 00 00 00 ff fe 00 00 00 00 00 00 00 00 00 00 00 00 00 00
  @7338 nz=8 b14=00 ff fe 00 00 00 00 00 00 00 00 00 00 00 00 00 00 ff fe 00 00 00 00 00 00 00 00 00 00 00 00 00 00 ff fe 00 00 00 00 00 00 00 00 00 00 00 00 00 00 ff fe
  @7340 nz=6 b14=ff 00 00 00 00 00 00 00 00 00 00 00 00 00 00 ff fe 00 00 00 00 00 00 00 00 00 00 00 00 00 00 ff fe 00 00 00 00 00 00 00 00 00 00 00 00 00 00 ff fe 00 00
  @7342 nz=6 b14=00 00 00 00 00 00 00 00 00 00 00 00 00 ff fe 00 00 00 00 00 00 00 00 00 00 00 00 00 00 ff fe 00 00 00 00 00 00 00 00 00 00 00 00 00 00 ff fe 00 00 00 00
  @7344 nz=6 b14=00 00 00 00 00 00 00 00 00 00 00 ff fe 00 00 00 00 00 00 00 00 00 00 00 00 00 00 ff fe 00 00 00 00 00 00 00 00 00 00 00 00 00 00 ff fe 00 00 00 00 00 00
  @7346 nz=6 b14=00 00 00 00 00 00 00 00 00 ff fe 00 00 00 00 00 00 00 00 00 00 00 00 00 00 ff fe 00 00 00 00 00 00 00 00 00 00 00 00 00 00 ff fe 00 00 00 00 00 00 00 00
  @7348 nz=6 b14=00 00 00 00 00 00 00 ff fe 00 00 00 00 00 00 00 00 00 00 00 00 00 00 ff fe 00 00 00 00 00 00 00 00 00 00 00 00 00 00 ff fe 00 00 00 00 00 00 00 00 00 00
  @7350 nz=6 b14=00 00 00 00 00 ff fe 00 00 00 00 00 00 00 00 00 00 00 00 00 00 ff fe 00 00 00 00 00 00 00 00 00 00 00 00 00 00 ff fe 00 00 00 00 00 00 00 00 00 00 00 00
  @7352 nz=6 b14=00 00 00 ff fe 00 00 00 00 00 00 00 00 00 00 00 00 00 00 ff fe 00 00 00 00 00 00 00 00 00 00 00 00 00 00 ff fe 00 00 00 00 00 00 00 00 00 00 00 00 00 00
  @7354 nz=8 b14=00 ff fe 00 00 00 00 00 00 00 00 00 00 00 00 00 00 ff fe 00 00 00 00 00 00 00 00 00 00 00 00 00 00 ff fe 00 00 00 00 00 00 00 00 00 00 00 00 00 00 ff fe
  @7356 nz=6 b14=ff 00 00 00 00 00 00 00 00 00 00 00 00 00 00 ff fe 00 00 00 00 00 00 00 00 00 00 00 00 00 00 ff fe 00 00 00 00 00 00 00 00 00 00 00 00 00 00 ff fe 00 00
  @7358 nz=6 b14=00 00 00 00 00 00 00 00 00 00 00 00 00 ff fe 00 00 00 00 00 00 00 00 00 00 00 00 00 00 ff fe 00 00 00 00 00 00 00 00 00 00 00 00 00 00 ff fe 00 00 00 00
  @7360 nz=6 b14=00 00 00 00 00 00 00 00 00 00 00 ff fe 00 00 00 00 00 00 00 00 00 00 00 00 00 00 ff fe 00 00 00 00 00 00 00 00 00 00 00 00 00 00 ff fe 00 00 00 00 00 00
  @7362 nz=6 b14=00 00 00 00 00 00 00 00 00 ff fe 00 00 00 00 00 00 00 00 00 00 00 00 00 00 ff fe 00 00 00 00 00 00 00 00 00 00 00 00 00 00 ff fe 00 00 00 00 00 00 00 00
  @7364 nz=6 b14=00 00 00 00 00 00 00 ff fe 00 00 00 00 00 00 00 00 00 00 00 00 00 00 ff fe 00 00 00 00 00 00 00 00 00 00 00 00 00 00 ff fe 00 00 00 00 00 00 00 00 00 00
  @7366 nz=6 b14=00 00 00 00 00 ff fe 00 00 00 00 00 00 00 00 00 00 00 00 00 00 ff fe 00 00 00 00 00 00 00 00 00 00 00 00 00 00 ff fe 00 00 00 00 00 00 00 00 00 00 00 00
  @7368 nz=6 b14=00 00 00 ff fe 00 00 00 00 00 00 00 00 00 00 00 00 00 00 ff fe 00 00 00 00 00 00 00 00 00 00 00 00 00 00 ff fe 00 00 00 00 00 00 00 00 00 00 00 00 00 00
  @7370 nz=8 b14=00 ff fe 00 00 00 00 00 00 00 00 00 00 00 00 00 00 ff fe 00 00 00 00 00 00 00 00 00 00 00 00 00 00 ff fe 00 00 00 00 00 00 00 00 00 00 00 00 00 00 ff fe
  @7372 nz=6 b14=ff 00 00 00 00 00 00 00 00 00 00 00 00 00 00 ff fe 00 00 00 00 00 00 00 00 00 00 00 00 00 00 ff fe 00 00 00 00 00 00 00 00 00 00 00 00 00 00 ff fe 00 00
  @7374 nz=6 b14=00 00 00 00 00 00 00 00 00 00 00 00 00 ff fe 00 00 00 00 00 00 00 00 00 00 00 00 00 00 ff fe 00 00 00 00 00 00 00 00 00 00 00 00 00 00 ff fe 00 00 00 00
  @7376 nz=6 b14=00 00 00 00 00 00 00 00 00 00 00 ff fe 00 00 00 00 00 00 00 00 00 00 00 00 00 00 ff fe 00 00 00 00 00 00 00 00 00 00 00 00 00 00 ff fe 00 00 00 00 00 00
  @7378 nz=6 b14=00 00 00 00 00 00 00 00 00 ff fe 00 00 00 00 00 00 00 00 00 00 00 00 00 00 ff fe 00 00 00 00 00 00 00 00 00 00 00 00 00 00 ff fe 00 00 00 00 00 00 00 00
  @7380 nz=6 b14=00 00 00 00 00 00 00 ff fe 00 00 00 00 00 00 00 00 00 00 00 00 00 00 ff fe 00 00 00 00 00 00 00 00 00 00 00 00 00 00 ff fe 00 00 00 00 00 00 00 00 00 00
  @7382 nz=6 b14=00 00 00 00 00 ff fe 00 00 00 00 00 00 00 00 00 00 00 00 00 00 ff fe 00 00 00 00 00 00 00 00 00 00 00 00 00 00 ff fe 00 00 00 00 00 00 00 00 00 00 00 00
  @7384 nz=6 b14=00 00 00 ff fe 00 00 00 00 00 00 00 00 00 00 00 00 00 00 ff fe 00 00 00 00 00 00 00 00 00 00 00 00 00 00 ff fe 00 00 00 00 00 00 00 00 00 00 00 00 00 00
  @7386 nz=8 b14=00 ff fe 00 00 00 00 00 00 00 00 00 00 00 00 00 00 ff fe 00 00 00 00 00 00 00 00 00 00 00 00 00 00 ff fe 00 00 00 00 00 00 00 00 00 00 00 00 00 00 ff fe
  @7388 nz=6 b14=ff 00 00 00 00 00 00 00 00 00 00 00 00 00 00 ff fe 00 00 00 00 00 00 00 00 00 00 00 00 00 00 ff fe 00 00 00 00 00 00 00 00 00 00 00 00 00 00 ff fe 00 00
  @7390 nz=6 b14=00 00 00 00 00 00 00 00 00 00 00 00 00 ff fe 00 00 00 00 00 00 00 00 00 00 00 00 00 00 ff fe 00 00 00 00 00 00 00 00 00 00 00 00 00 00 ff fe 00 00 00 00
  @7392 nz=6 b14=00 00 00 00 00 00 00 00 00 00 00 ff fe 00 00 00 00 00 00 00 00 00 00 00 00 00 00 ff fe 00 00 00 00 00 00 00 00 00 00 00 00 00 00 ff fe 00 00 00 00 00 00
  @7394 nz=6 b14=00 00 00 00 00 00 00 00 00 ff fe 00 00 00 00 00 00 00 00 00 00 00 00 00 00 ff fe 00 00 00 00 00 00 00 00 00 00 00 00 00 00 ff fe 00 00 00 00 00 00 00 00
  @7396 nz=6 b14=00 00 00 00 00 00 00 ff fe 00 00 00 00 00 00 00 00 00 00 00 00 00 00 ff fe 00 00 00 00 00 00 00 00 00 00 00 00 00 00 ff fe 00 00 00 00 00 00 00 00 00 00
  @7398 nz=6 b14=00 00 00 00 00 ff fe 00 00 00 00 00 00 00 00 00 00 00 00 00 00 ff fe 00 00 00 00 00 00 00 00 00 00 00 00 00 00 ff fe 00 00 00 00 00 00 00 00 00 00 00 00
  @7400 nz=6 b14=00 00 00 ff fe 00 00 00 00 00 00 00 00 00 00 00 00 00 00 ff fe 00 00 00 00 00 00 00 00 00 00 00 00 00 00 ff fe 00 00 00 00 00 00 00 00 00 00 00 00 00 00
  @7402 nz=8 b14=00 ff fe 00 00 00 00 00 00 00 00 00 00 00 00 00 00 ff fe 00 00 00 00 00 00 00 00 00 00 00 00 00 00 ff fe 00 00 00 00 00 00 00 00 00 00 00 00 00 00 ff fe
  @7404 nz=6 b14=ff 00 00 00 00 00 00 00 00 00 00 00 00 00 00 ff fe 00 00 00 00 00 00 00 00 00 00 00 00 00 00 ff fe 00 00 00 00 00 00 00 00 00 00 00 00 00 00 ff fe 00 00
  @7406 nz=6 b14=00 00 00 00 00 00 00 00 00 00 00 00 00 ff fe 00 00 00 00 00 00 00 00 00 00 00 00 00 00 ff fe 00 00 00 00 00 00 00 00 00 00 00 00 00 00 ff fe 00 00 00 00
  @7408 nz=6 b14=00 00 00 00 00 00 00 00 00 00 00 ff fe 00 00 00 00 00 00 00 00 00 00 00 00 00 00 ff fe 00 00 00 00 00 00 00 00 00 00 00 00 00 00 ff fe 00 00 00 00 00 00
  @7410 nz=6 b14=00 00 00 00 00 00 00 00 00 ff fe 00 00 00 00 00 00 00 00 00 00 00 00 00 00 ff fe 00 00 00 00 00 00 00 00 00 00 00 00 00 00 ff fe 00 00 00 00 00 00 00 00
  @7412 nz=6 b14=00 00 00 00 00 00 00 ff fe 00 00 00 00 00 00 00 00 00 00 00 00 00 00 ff fe 00 00 00 00 00 00 00 00 00 00 00 00 00 00 ff fe 00 00 00 00 00 00 00 00 00 00
  @7414 nz=6 b14=00 00 00 00 00 ff fe 00 00 00 00 00 00 00 00 00 00 00 00 00 00 ff fe 00 00 00 00 00 00 00 00 00 00 00 00 00 00 ff fe 00 00 00 00 00 00 00 00 00 00 00 00
  @7416 nz=6 b14=00 00 00 ff fe 00 00 00 00 00 00 00 00 00 00 00 00 00 00 ff fe 00 00 00 00 00 00 00 00 00 00 00 00 00 00 ff fe 00 00 00 00 00 00 00 00 00 00 00 00 00 00
  @7418 nz=8 b14=00 ff fe 00 00 00 00 00 00 00 00 00 00 00 00 00 00 ff fe 00 00 00 00 00 00 00 00 00 00 00 00 00 00 ff fe 00 00 00 00 00 00 00 00 00 00 00 00 00 00 ff fe
  @7420 nz=6 b14=ff 00 00 00 00 00 00 00 00 00 00 00 00 00 00 ff fe 00 00 00 00 00 00 00 00 00 00 00 00 00 00 ff fe 00 00 00 00 00 00 00 00 00 00 00 00 00 00 ff fe 00 00
  @7422 nz=6 b14=00 00 00 00 00 00 00 00 00 00 00 00 00 ff fe 00 00 00 00 00 00 00 00 00 00 00 00 00 00 ff fe 00 00 00 00 00 00 00 00 00 00 00 00 00 00 ff fe 00 00 00 00
  @7424 nz=6 b14=00 00 00 00 00 00 00 00 00 00 00 ff fe 00 00 00 00 00 00 00 00 00 00 00 00 00 00 ff fe 00 00 00 00 00 00 00 00 00 00 00 00 00 00 ff fe 00 00 00 00 00 00
  @7426 nz=6 b14=00 00 00 00 00 00 00 00 00 ff fe 00 00 00 00 00 00 00 00 00 00 00 00 00 00 ff fe 00 00 00 00 00 00 00 00 00 00 00 00 00 00 ff fe 00 00 00 00 00 00 00 00
  @7428 nz=6 b14=00 00 00 00 00 00 00 ff fe 00 00 00 00 00 00 00 00 00 00 00 00 00 00 ff fe 00 00 00 00 00 00 00 00 00 00 00 00 00 00 ff fe 00 00 00 00 00 00 00 00 00 00
  @7430 nz=6 b14=00 00 00 00 00 ff fe 00 00 00 00 00 00 00 00 00 00 00 00 00 00 ff fe 00 00 00 00 00 00 00 00 00 00 00 00 00 00 ff fe 00 00 00 00 00 00 00 00 00 00 00 00
  @7432 nz=6 b14=00 00 00 ff fe 00 00 00 00 00 00 00 00 00 00 00 00 00 00 ff fe 00 00 00 00 00 00 00 00 00 00 00 00 00 00 ff fe 00 00 00 00 00 00 00 00 00 00 00 00 00 00
  @7434 nz=8 b14=00 ff fe 00 00 00 00 00 00 00 00 00 00 00 00 00 00 ff fe 00 00 00 00 00 00 00 00 00 00 00 00 00 00 ff fe 00 00 00 00 00 00 00 00 00 00 00 00 00 00 ff fe
  @7436 nz=6 b14=ff 00 00 00 00 00 00 00 00 00 00 00 00 00 00 ff fe 00 00 00 00 00 00 00 00 00 00 00 00 00 00 ff fe 00 00 00 00 00 00 00 00 00 00 00 00 00 00 ff fe 00 00
  @7438 nz=6 b14=00 00 00 00 00 00 00 00 00 00 00 00 00 ff fe 00 00 00 00 00 00 00 00 00 00 00 00 00 00 ff fe 00 00 00 00 00 00 00 00 00 00 00 00 00 00 ff fe 00 00 00 00
  @7440 nz=6 b14=00 00 00 00 00 00 00 00 00 00 00 ff fe 00 00 00 00 00 00 00 00 00 00 00 00 00 00 ff fe 00 00 00 00 00 00 00 00 00 00 00 00 00 00 ff fe 00 00 00 00 00 00
  @7442 nz=6 b14=00 00 00 00 00 00 00 00 00 ff fe 00 00 00 00 00 00 00 00 00 00 00 00 00 00 ff fe 00 00 00 00 00 00 00 00 00 00 00 00 00 00 ff fe 00 00 00 00 00 00 00 00
  @7444 nz=6 b14=00 00 00 00 00 00 00 ff fe 00 00 00 00 00 00 00 00 00 00 00 00 00 00 ff fe 00 00 00 00 00 00 00 00 00 00 00 00 00 00 ff fe 00 00 00 00 00 00 00 00 00 00
  @7446 nz=6 b14=00 00 00 00 00 ff fe 00 00 00 00 00 00 00 00 00 00 00 00 00 00 ff fe 00 00 00 00 00 00 00 00 00 00 00 00 00 00 ff fe 00 00 00 00 00 00 00 00 00 00 00 00
  @7448 nz=6 b14=00 00 00 ff fe 00 00 00 00 00 00 00 00 00 00 00 00 00 00 ff fe 00 00 00 00 00 00 00 00 00 00 00 00 00 00 ff fe 00 00 00 00 00 00 00 00 00 00 00 00 00 00
  @7450 nz=8 b14=00 ff fe 00 00 00 00 00 00 00 00 00 00 00 00 00 00 ff fe 00 00 00 00 00 00 00 00 00 00 00 00 00 00 ff fe 00 00 00 00 00 00 00 00 00 00 00 00 00 00 ff fe
  @7452 nz=6 b14=ff 00 00 00 00 00 00 00 00 00 00 00 00 00 00 ff fe 00 00 00 00 00 00 00 00 00 00 00 00 00 00 ff fe 00 00 00 00 00 00 00 00 00 00 00 00 00 00 ff fe 00 00
  @7454 nz=6 b14=00 00 00 00 00 00 00 00 00 00 00 00 00 ff fe 00 00 00 00 00 00 00 00 00 00 00 00 00 00 ff fe 00 00 00 00 00 00 00 00 00 00 00 00 00 00 ff fe 00 00 00 00
  @7456 nz=6 b14=00 00 00 00 00 00 00 00 00 00 00 ff fe 00 00 00 00 00 00 00 00 00 00 00 00 00 00 ff fe 00 00 00 00 00 00 00 00 00 00 00 00 00 00 ff fe 00 00 00 00 00 00
  @7458 nz=6 b14=00 00 00 00 00 00 00 00 00 ff fe 00 00 00 00 00 00 00 00 00 00 00 00 00 00 ff fe 00 00 00 00 00 00 00 00 00 00 00 00 00 00 ff fe 00 00 00 00 00 00 00 00
  @7460 nz=6 b14=00 00 00 00 00 00 00 ff fe 00 00 00 00 00 00 00 00 00 00 00 00 00 00 ff fe 00 00 00 00 00 00 00 00 00 00 00 00 00 00 ff fe 00 00 00 00 00 00 00 00 00 00
  @7462 nz=6 b14=00 00 00 00 00 ff fe 00 00 00 00 00 00 00 00 00 00 00 00 00 00 ff fe 00 00 00 00 00 00 00 00 00 00 00 00 00 00 ff fe 00 00 00 00 00 00 00 00 00 00 00 00
  @7464 nz=6 b14=00 00 00 ff fe 00 00 00 00 00 00 00 00 00 00 00 00 00 00 ff fe 00 00 00 00 00 00 00 00 00 00 00 00 00 00 ff fe 00 00 00 00 00 00 00 00 00 00 00 00 00 00
  @7466 nz=8 b14=00 ff fe 00 00 00 00 00 00 00 00 00 00 00 00 00 00 ff fe 00 00 00 00 00 00 00 00 00 00 00 00 00 00 ff fe 00 00 00 00 00 00 00 00 00 00 00 00 00 00 ff fe
  @7468 nz=6 b14=ff 00 00 00 00 00 00 00 00 00 00 00 00 00 00 ff fe 00 00 00 00 00 00 00 00 00 00 00 00 00 00 ff fe 00 00 00 00 00 00 00 00 00 00 00 00 00 00 ff fe 00 00
  @7470 nz=6 b14=00 00 00 00 00 00 00 00 00 00 00 00 00 ff fe 00 00 00 00 00 00 00 00 00 00 00 00 00 00 ff fe 00 00 00 00 00 00 00 00 00 00 00 00 00 00 ff fe 00 00 00 00
  @7472 nz=6 b14=00 00 00 00 00 00 00 00 00 00 00 ff fe 00 00 00 00 00 00 00 00 00 00 00 00 00 00 ff fe 00 00 00 00 00 00 00 00 00 00 00 00 00 00 ff fe 00 00 00 00 00 00
  @7474 nz=6 b14=00 00 00 00 00 00 00 00 00 ff fe 00 00 00 00 00 00 00 00 00 00 00 00 00 00 ff fe 00 00 00 00 00 00 00 00 00 00 00 00 00 00 ff fe 00 00 00 00 00 00 00 00
  @7476 nz=6 b14=00 00 00 00 00 00 00 ff fe 00 00 00 00 00 00 00 00 00 00 00 00 00 00 ff fe 00 00 00 00 00 00 00 00 00 00 00 00 00 00 ff fe 00 00 00 00 00 00 00 00 00 00
  @7478 nz=6 b14=00 00 00 00 00 ff fe 00 00 00 00 00 00 00 00 00 00 00 00 00 00 ff fe 00 00 00 00 00 00 00 00 00 00 00 00 00 00 ff fe 00 00 00 00 00 00 00 00 00 00 00 00
  @7480 nz=6 b14=00 00 00 ff fe 00 00 00 00 00 00 00 00 00 00 00 00 00 00 ff fe 00 00 00 00 00 00 00 00 00 00 00 00 00 00 ff fe 00 00 00 00 00 00 00 00 00 00 00 00 00 00
  @7482 nz=8 b14=00 ff fe 00 00 00 00 00 00 00 00 00 00 00 00 00 00 ff fe 00 00 00 00 00 00 00 00 00 00 00 00 00 00 ff fe 00 00 00 00 00 00 00 00 00 00 00 00 00 00 ff fe
  @7484 nz=6 b14=ff 00 00 00 00 00 00 00 00 00 00 00 00 00 00 ff fe 00 00 00 00 00 00 00 00 00 00 00 00 00 00 ff fe 00 00 00 00 00 00 00 00 00 00 00 00 00 00 ff fe 00 00
  @7486 nz=6 b14=00 00 00 00 00 00 00 00 00 00 00 00 00 ff fe 00 00 00 00 00 00 00 00 00 00 00 00 00 00 ff fe 00 00 00 00 00 00 00 00 00 00 00 00 00 00 ff fe 00 00 00 00
  @7488 nz=6 b14=00 00 00 00 00 00 00 00 00 00 00 ff fe 00 00 00 00 00 00 00 00 00 00 00 00 00 00 ff fe 00 00 00 00 00 00 00 00 00 00 00 00 00 00 ff fe 00 00 00 00 00 00
  @7490 nz=6 b14=00 00 00 00 00 00 00 00 00 ff fe 00 00 00 00 00 00 00 00 00 00 00 00 00 00 ff fe 00 00 00 00 00 00 00 00 00 00 00 00 00 00 ff fe 00 00 00 00 00 00 00 00
  @7492 nz=6 b14=00 00 00 00 00 00 00 ff fe 00 00 00 00 00 00 00 00 00 00 00 00 00 00 ff fe 00 00 00 00 00 00 00 00 00 00 00 00 00 00 ff fe 00 00 00 00 00 00 00 00 00 00
  @7494 nz=6 b14=00 00 00 00 00 ff fe 00 00 00 00 00 00 00 00 00 00 00 00 00 00 ff fe 00 00 00 00 00 00 00 00 00 00 00 00 00 00 ff fe 00 00 00 00 00 00 00 00 00 00 00 00
  @7496 nz=6 b14=00 00 00 ff fe 00 00 00 00 00 00 00 00 00 00 00 00 00 00 ff fe 00 00 00 00 00 00 00 00 00 00 00 00 00 00 ff fe 00 00 00 00 00 00 00 00 00 00 00 00 00 00
  @7498 nz=8 b14=00 ff fe 00 00 00 00 00 00 00 00 00 00 00 00 00 00 ff fe 00 00 00 00 00 00 00 00 00 00 00 00 00 00 ff fe 00 00 00 00 00 00 00 00 00 00 00 00 00 00 ff fe
  @7500 nz=6 b14=ff 00 00 00 00 00 00 00 00 00 00 00 00 00 00 ff fe 00 00 00 00 00 00 00 00 00 00 00 00 00 00 ff fe 00 00 00 00 00 00 00 00 00 00 00 00 00 00 ff fe 00 00
  @7502 nz=6 b14=00 00 00 00 00 00 00 00 00 00 00 00 00 ff fe 00 00 00 00 00 00 00 00 00 00 00 00 00 00 ff fe 00 00 00 00 00 00 00 00 00 00 00 00 00 00 ff fe 00 00 00 00
  @7504 nz=6 b14=00 00 00 00 00 00 00 00 00 00 00 ff fe 00 00 00 00 00 00 00 00 00 00 00 00 00 00 ff fe 00 00 00 00 00 00 00 00 00 00 00 00 00 00 ff fe 00 00 00 00 00 00
  @7506 nz=6 b14=00 00 00 00 00 00 00 00 00 ff fe 00 00 00 00 00 00 00 00 00 00 00 00 00 00 ff fe 00 00 00 00 00 00 00 00 00 00 00 00 00 00 ff fe 00 00 00 00 00 00 00 00
  @7508 nz=6 b14=00 00 00 00 00 00 00 ff fe 00 00 00 00 00 00 00 00 00 00 00 00 00 00 ff fe 00 00 00 00 00 00 00 00 00 00 00 00 00 00 ff fe 00 00 00 00 00 00 00 00 00 00
  @7510 nz=6 b14=00 00 00 00 00 ff fe 00 00 00 00 00 00 00 00 00 00 00 00 00 00 ff fe 00 00 00 00 00 00 00 00 00 00 00 00 00 00 ff fe 00 00 00 00 00 00 00 00 00 00 00 00
  @7512 nz=6 b14=00 00 00 ff fe 00 00 00 00 00 00 00 00 00 00 00 00 00 00 ff fe 00 00 00 00 00 00 00 00 00 00 00 00 00 00 ff fe 00 00 00 00 00 00 00 00 00 00 00 00 00 00
  @7514 nz=8 b14=00 ff fe 00 00 00 00 00 00 00 00 00 00 00 00 00 00 ff fe 00 00 00 00 00 00 00 00 00 00 00 00 00 00 ff fe 00 00 00 00 00 00 00 00 00 00 00 00 00 00 ff fe
  @7516 nz=6 b14=ff 00 00 00 00 00 00 00 00 00 00 00 00 00 00 ff fe 00 00 00 00 00 00 00 00 00 00 00 00 00 00 ff fe 00 00 00 00 00 00 00 00 00 00 00 00 00 00 ff fe 00 00
  @7518 nz=6 b14=00 00 00 00 00 00 00 00 00 00 00 00 00 ff fe 00 00 00 00 00 00 00 00 00 00 00 00 00 00 ff fe 00 00 00 00 00 00 00 00 00 00 00 00 00 00 ff fe 00 00 00 00
  @7520 nz=6 b14=00 00 00 00 00 00 00 00 00 00 00 ff fe 00 00 00 00 00 00 00 00 00 00 00 00 00 00 ff fe 00 00 00 00 00 00 00 00 00 00 00 00 00 00 ff fe 00 00 00 00 00 00
  @7522 nz=6 b14=00 00 00 00 00 00 00 00 00 ff fe 00 00 00 00 00 00 00 00 00 00 00 00 00 00 ff fe 00 00 00 00 00 00 00 00 00 00 00 00 00 00 ff fe 00 00 00 00 00 00 00 00
  @7524 nz=6 b14=00 00 00 00 00 00 00 ff fe 00 00 00 00 00 00 00 00 00 00 00 00 00 00 ff fe 00 00 00 00 00 00 00 00 00 00 00 00 00 00 ff fe 00 00 00 00 00 00 00 00 00 00
  @7526 nz=6 b14=00 00 00 00 00 ff fe 00 00 00 00 00 00 00 00 00 00 00 00 00 00 ff fe 00 00 00 00 00 00 00 00 00 00 00 00 00 00 ff fe 00 00 00 00 00 00 00 00 00 00 00 00
  @7528 nz=6 b14=00 00 00 ff fe 00 00 00 00 00 00 00 00 00 00 00 00 00 00 ff fe 00 00 00 00 00 00 00 00 00 00 00 00 00 00 ff fe 00 00 00 00 00 00 00 00 00 00 00 00 00 00
  @7530 nz=8 b14=00 ff fe 00 00 00 00 00 00 00 00 00 00 00 00 00 00 ff fe 00 00 00 00 00 00 00 00 00 00 00 00 00 00 ff fe 00 00 00 00 00 00 00 00 00 00 00 00 00 00 ff fe
  @7532 nz=6 b14=ff 00 00 00 00 00 00 00 00 00 00 00 00 00 00 ff fe 00 00 00 00 00 00 00 00 00 00 00 00 00 00 ff fe 00 00 00 00 00 00 00 00 00 00 00 00 00 00 ff fe 00 00
  @7534 nz=6 b14=00 00 00 00 00 00 00 00 00 00 00 00 00 ff fe 00 00 00 00 00 00 00 00 00 00 00 00 00 00 ff fe 00 00 00 00 00 00 00 00 00 00 00 00 00 00 ff fe 00 00 00 00
  @7536 nz=6 b14=00 00 00 00 00 00 00 00 00 00 00 ff fe 00 00 00 00 00 00 00 00 00 00 00 00 00 00 ff fe 00 00 00 00 00 00 00 00 00 00 00 00 00 00 ff fe 00 00 00 00 00 00
  @7538 nz=6 b14=00 00 00 00 00 00 00 00 00 ff fe 00 00 00 00 00 00 00 00 00 00 00 00 00 00 ff fe 00 00 00 00 00 00 00 00 00 00 00 00 00 00 ff fe 00 00 00 00 00 00 00 00
  @7540 nz=6 b14=00 00 00 00 00 00 00 ff fe 00 00 00 00 00 00 00 00 00 00 00 00 00 00 ff fe 00 00 00 00 00 00 00 00 00 00 00 00 00 00 ff fe 00 00 00 00 00 00 00 00 00 00
  @7542 nz=6 b14=00 00 00 00 00 ff fe 00 00 00 00 00 00 00 00 00 00 00 00 00 00 ff fe 00 00 00 00 00 00 00 00 00 00 00 00 00 00 ff fe 00 00 00 00 00 00 00 00 00 00 00 00
  @7544 nz=6 b14=00 00 00 ff fe 00 00 00 00 00 00 00 00 00 00 00 00 00 00 ff fe 00 00 00 00 00 00 00 00 00 00 00 00 00 00 ff fe 00 00 00 00 00 00 00 00 00 00 00 00 00 00
  @7546 nz=8 b14=00 ff fe 00 00 00 00 00 00 00 00 00 00 00 00 00 00 ff fe 00 00 00 00 00 00 00 00 00 00 00 00 00 00 ff fe 00 00 00 00 00 00 00 00 00 00 00 00 00 00 ff fe
  @7548 nz=6 b14=ff 00 00 00 00 00 00 00 00 00 00 00 00 00 00 ff fe 00 00 00 00 00 00 00 00 00 00 00 00 00 00 ff fe 00 00 00 00 00 00 00 00 00 00 00 00 00 00 ff fe 00 00
  @7550 nz=6 b14=00 00 00 00 00 00 00 00 00 00 00 00 00 ff fe 00 00 00 00 00 00 00 00 00 00 00 00 00 00 ff fe 00 00 00 00 00 00 00 00 00 00 00 00 00 00 ff fe 00 00 00 00
  @7552 nz=6 b14=00 00 00 00 00 00 00 00 00 00 00 ff fe 00 00 00 00 00 00 00 00 00 00 00 00 00 00 ff fe 00 00 00 00 00 00 00 00 00 00 00 00 00 00 ff fe 00 00 00 00 00 00
  @7554 nz=6 b14=00 00 00 00 00 00 00 00 00 ff fe 00 00 00 00 00 00 00 00 00 00 00 00 00 00 ff fe 00 00 00 00 00 00 00 00 00 00 00 00 00 00 ff fe 00 00 00 00 00 00 00 00
  @7556 nz=6 b14=00 00 00 00 00 00 00 ff fe 00 00 00 00 00 00 00 00 00 00 00 00 00 00 ff fe 00 00 00 00 00 00 00 00 00 00 00 00 00 00 ff fe 00 00 00 00 00 00 00 00 00 00
  @7558 nz=6 b14=00 00 00 00 00 ff fe 00 00 00 00 00 00 00 00 00 00 00 00 00 00 ff fe 00 00 00 00 00 00 00 00 00 00 00 00 00 00 ff fe 00 00 00 00 00 00 00 00 00 00 00 00
  @7560 nz=6 b14=00 00 00 ff fe 00 00 00 00 00 00 00 00 00 00 00 00 00 00 ff fe 00 00 00 00 00 00 00 00 00 00 00 00 00 00 ff fe 00 00 00 00 00 00 00 00 00 00 00 00 00 00
  @7562 nz=8 b14=00 ff fe 00 00 00 00 00 00 00 00 00 00 00 00 00 00 ff fe 00 00 00 00 00 00 00 00 00 00 00 00 00 00 ff fe 00 00 00 00 00 00 00 00 00 00 00 00 00 00 ff fe
  @7564 nz=6 b14=ff 00 00 00 00 00 00 00 00 00 00 00 00 00 00 ff fe 00 00 00 00 00 00 00 00 00 00 00 00 00 00 ff fe 00 00 00 00 00 00 00 00 00 00 00 00 00 00 ff fe 00 00
  @7566 nz=6 b14=00 00 00 00 00 00 00 00 00 00 00 00 00 ff fe 00 00 00 00 00 00 00 00 00 00 00 00 00 00 ff fe 00 00 00 00 00 00 00 00 00 00 00 00 00 00 ff fe 00 00 00 00
  @7568 nz=6 b14=00 00 00 00 00 00 00 00 00 00 00 ff fe 00 00 00 00 00 00 00 00 00 00 00 00 00 00 ff fe 00 00 00 00 00 00 00 00 00 00 00 00 00 00 ff fe 00 00 00 00 00 00
  @7570 nz=6 b14=00 00 00 00 00 00 00 00 00 ff fe 00 00 00 00 00 00 00 00 00 00 00 00 00 00 ff fe 00 00 00 00 00 00 00 00 00 00 00 00 00 00 ff fe 00 00 00 00 00 00 00 00
  @7572 nz=6 b14=00 00 00 00 00 00 00 ff fe 00 00 00 00 00 00 00 00 00 00 00 00 00 00 ff fe 00 00 00 00 00 00 00 00 00 00 00 00 00 00 ff fe 00 00 00 00 00 00 00 00 00 00
  @7574 nz=6 b14=00 00 00 00 00 ff fe 00 00 00 00 00 00 00 00 00 00 00 00 00 00 ff fe 00 00 00 00 00 00 00 00 00 00 00 00 00 00 ff fe 00 00 00 00 00 00 00 00 00 00 00 00
  @7576 nz=6 b14=00 00 00 ff fe 00 00 00 00 00 00 00 00 00 00 00 00 00 00 ff fe 00 00 00 00 00 00 00 00 00 00 00 00 00 00 ff fe 00 00 00 00 00 00 00 00 00 00 00 00 00 00
  @7578 nz=8 b14=00 ff fe 00 00 00 00 00 00 00 00 00 00 00 00 00 00 ff fe 00 00 00 00 00 00 00 00 00 00 00 00 00 00 ff fe 00 00 00 00 00 00 00 00 00 00 00 00 00 00 ff fe
  @7580 nz=6 b14=ff 00 00 00 00 00 00 00 00 00 00 00 00 00 00 ff fe 00 00 00 00 00 00 00 00 00 00 00 00 00 00 ff fe 00 00 00 00 00 00 00 00 00 00 00 00 00 00 ff fe 00 00
  @7582 nz=6 b14=00 00 00 00 00 00 00 00 00 00 00 00 00 ff fe 00 00 00 00 00 00 00 00 00 00 00 00 00 00 ff fe 00 00 00 00 00 00 00 00 00 00 00 00 00 00 ff fe 00 00 00 00
  @7584 nz=6 b14=00 00 00 00 00 00 00 00 00 00 00 ff fe 00 00 00 00 00 00 00 00 00 00 00 00 00 00 ff fe 00 00 00 00 00 00 00 00 00 00 00 00 00 00 ff fe 00 00 00 00 00 00
  @7586 nz=6 b14=00 00 00 00 00 00 00 00 00 ff fe 00 00 00 00 00 00 00 00 00 00 00 00 00 00 ff fe 00 00 00 00 00 00 00 00 00 00 00 00 00 00 ff fe 00 00 00 00 00 00 00 00
  @7588 nz=6 b14=00 00 00 00 00 00 00 ff fe 00 00 00 00 00 00 00 00 00 00 00 00 00 00 ff fe 00 00 00 00 00 00 00 00 00 00 00 00 00 00 ff fe 00 00 00 00 00 00 00 00 00 00
  @7590 nz=6 b14=00 00 00 00 00 ff fe 00 00 00 00 00 00 00 00 00 00 00 00 00 00 ff fe 00 00 00 00 00 00 00 00 00 00 00 00 00 00 ff fe 00 00 00 00 00 00 00 00 00 00 00 00
  @7592 nz=6 b14=00 00 00 ff fe 00 00 00 00 00 00 00 00 00 00 00 00 00 00 ff fe 00 00 00 00 00 00 00 00 00 00 00 00 00 00 ff fe 00 00 00 00 00 00 00 00 00 00 00 00 00 00
  @7594 nz=8 b14=00 ff fe 00 00 00 00 00 00 00 00 00 00 00 00 00 00 ff fe 00 00 00 00 00 00 00 00 00 00 00 00 00 00 ff fe 00 00 00 00 00 00 00 00 00 00 00 00 00 00 ff fe
  @7596 nz=6 b14=ff 00 00 00 00 00 00 00 00 00 00 00 00 00 00 ff fe 00 00 00 00 00 00 00 00 00 00 00 00 00 00 ff fe 00 00 00 00 00 00 00 00 00 00 00 00 00 00 ff fe 00 00
  @7598 nz=6 b14=00 00 00 00 00 00 00 00 00 00 00 00 00 ff fe 00 00 00 00 00 00 00 00 00 00 00 00 00 00 ff fe 00 00 00 00 00 00 00 00 00 00 00 00 00 00 ff fe 00 00 00 00
  @7600 nz=6 b14=00 00 00 00 00 00 00 00 00 00 00 ff fe 00 00 00 00 00 00 00 00 00 00 00 00 00 00 ff fe 00 00 00 00 00 00 00 00 00 00 00 00 00 00 ff fe 00 00 00 00 00 00
  @7602 nz=6 b14=00 00 00 00 00 00 00 00 00 ff fe 00 00 00 00 00 00 00 00 00 00 00 00 00 00 ff fe 00 00 00 00 00 00 00 00 00 00 00 00 00 00 ff fe 00 00 00 00 00 00 00 00
  @7604 nz=6 b14=00 00 00 00 00 00 00 ff fe 00 00 00 00 00 00 00 00 00 00 00 00 00 00 ff fe 00 00 00 00 00 00 00 00 00 00 00 00 00 00 ff fe 00 00 00 00 00 00 00 00 00 00
  @7606 nz=6 b14=00 00 00 00 00 ff fe 00 00 00 00 00 00 00 00 00 00 00 00 00 00 ff fe 00 00 00 00 00 00 00 00 00 00 00 00 00 00 ff fe 00 00 00 00 00 00 00 00 00 00 00 00
  @7608 nz=6 b14=00 00 00 ff fe 00 00 00 00 00 00 00 00 00 00 00 00 00 00 ff fe 00 00 00 00 00 00 00 00 00 00 00 00 00 00 ff fe 00 00 00 00 00 00 00 00 00 00 00 00 00 00
  @7610 nz=8 b14=00 ff fe 00 00 00 00 00 00 00 00 00 00 00 00 00 00 ff fe 00 00 00 00 00 00 00 00 00 00 00 00 00 00 ff fe 00 00 00 00 00 00 00 00 00 00 00 00 00 00 ff fe
  @7612 nz=6 b14=ff 00 00 00 00 00 00 00 00 00 00 00 00 00 00 ff fe 00 00 00 00 00 00 00 00 00 00 00 00 00 00 ff fe 00 00 00 00 00 00 00 00 00 00 00 00 00 00 ff fe 00 00
  @7614 nz=6 b14=00 00 00 00 00 00 00 00 00 00 00 00 00 ff fe 00 00 00 00 00 00 00 00 00 00 00 00 00 00 ff fe 00 00 00 00 00 00 00 00 00 00 00 00 00 00 ff fe 00 00 00 00
  @7616 nz=6 b14=00 00 00 00 00 00 00 00 00 00 00 ff fe 00 00 00 00 00 00 00 00 00 00 00 00 00 00 ff fe 00 00 00 00 00 00 00 00 00 00 00 00 00 00 ff fe 00 00 00 00 00 00
  @7618 nz=6 b14=00 00 00 00 00 00 00 00 00 ff fe 00 00 00 00 00 00 00 00 00 00 00 00 00 00 ff fe 00 00 00 00 00 00 00 00 00 00 00 00 00 00 ff fe 00 00 00 00 00 00 00 00
  @7620 nz=6 b14=00 00 00 00 00 00 00 ff fe 00 00 00 00 00 00 00 00 00 00 00 00 00 00 ff fe 00 00 00 00 00 00 00 00 00 00 00 00 00 00 ff fe 00 00 00 00 00 00 00 00 00 00
  @7622 nz=6 b14=00 00 00 00 00 ff fe 00 00 00 00 00 00 00 00 00 00 00 00 00 00 ff fe 00 00 00 00 00 00 00 00 00 00 00 00 00 00 ff fe 00 00 00 00 00 00 00 00 00 00 00 00
  @7624 nz=6 b14=00 00 00 ff fe 00 00 00 00 00 00 00 00 00 00 00 00 00 00 ff fe 00 00 00 00 00 00 00 00 00 00 00 00 00 00 ff fe 00 00 00 00 00 00 00 00 00 00 00 00 00 00
  @7626 nz=8 b14=00 ff fe 00 00 00 00 00 00 00 00 00 00 00 00 00 00 ff fe 00 00 00 00 00 00 00 00 00 00 00 00 00 00 ff fe 00 00 00 00 00 00 00 00 00 00 00 00 00 00 ff fe
  @7628 nz=6 b14=ff 00 00 00 00 00 00 00 00 00 00 00 00 00 00 ff fe 00 00 00 00 00 00 00 00 00 00 00 00 00 00 ff fe 00 00 00 00 00 00 00 00 00 00 00 00 00 00 ff fe 00 00
  @7630 nz=6 b14=00 00 00 00 00 00 00 00 00 00 00 00 00 ff fe 00 00 00 00 00 00 00 00 00 00 00 00 00 00 ff fe 00 00 00 00 00 00 00 00 00 00 00 00 00 00 ff fe 00 00 00 00
  @7632 nz=6 b14=00 00 00 00 00 00 00 00 00 00 00 ff fe 00 00 00 00 00 00 00 00 00 00 00 00 00 00 ff fe 00 00 00 00 00 00 00 00 00 00 00 00 00 00 ff fe 00 00 00 00 00 00
  @7634 nz=6 b14=00 00 00 00 00 00 00 00 00 ff fe 00 00 00 00 00 00 00 00 00 00 00 00 00 00 ff fe 00 00 00 00 00 00 00 00 00 00 00 00 00 00 ff fe 00 00 00 00 00 00 00 00
  @7636 nz=6 b14=00 00 00 00 00 00 00 ff fe 00 00 00 00 00 00 00 00 00 00 00 00 00 00 ff fe 00 00 00 00 00 00 00 00 00 00 00 00 00 00 ff fe 00 00 00 00 00 00 00 00 00 00
  @7638 nz=6 b14=00 00 00 00 00 ff fe 00 00 00 00 00 00 00 00 00 00 00 00 00 00 ff fe 00 00 00 00 00 00 00 00 00 00 00 00 00 00 ff fe 00 00 00 00 00 00 00 00 00 00 00 00
  @7640 nz=6 b14=00 00 00 ff fe 00 00 00 00 00 00 00 00 00 00 00 00 00 00 ff fe 00 00 00 00 00 00 00 00 00 00 00 00 00 00 ff fe 00 00 00 00 00 00 00 00 00 00 00 00 00 00
  @7642 nz=8 b14=00 ff fe 00 00 00 00 00 00 00 00 00 00 00 00 00 00 ff fe 00 00 00 00 00 00 00 00 00 00 00 00 00 00 ff fe 00 00 00 00 00 00 00 00 00 00 00 00 00 00 ff fe
  @7644 nz=6 b14=ff 00 00 00 00 00 00 00 00 00 00 00 00 00 00 ff fe 00 00 00 00 00 00 00 00 00 00 00 00 00 00 ff fe 00 00 00 00 00 00 00 00 00 00 00 00 00 00 ff fe 00 00
  @7646 nz=6 b14=00 00 00 00 00 00 00 00 00 00 00 00 00 ff fe 00 00 00 00 00 00 00 00 00 00 00 00 00 00 ff fe 00 00 00 00 00 00 00 00 00 00 00 00 00 00 ff fe 00 00 00 00
  @7648 nz=6 b14=00 00 00 00 00 00 00 00 00 00 00 ff fe 00 00 00 00 00 00 00 00 00 00 00 00 00 00 ff fe 00 00 00 00 00 00 00 00 00 00 00 00 00 00 ff fe 00 00 00 00 00 00
  @7650 nz=6 b14=00 00 00 00 00 00 00 00 00 ff fe 00 00 00 00 00 00 00 00 00 00 00 00 00 00 ff fe 00 00 00 00 00 00 00 00 00 00 00 00 00 00 ff fe 00 00 00 00 00 00 00 00
  @7652 nz=6 b14=00 00 00 00 00 00 00 ff fe 00 00 00 00 00 00 00 00 00 00 00 00 00 00 ff fe 00 00 00 00 00 00 00 00 00 00 00 00 00 00 ff fe 00 00 00 00 00 00 00 00 00 00
  @7654 nz=6 b14=00 00 00 00 00 ff fe 00 00 00 00 00 00 00 00 00 00 00 00 00 00 ff fe 00 00 00 00 00 00 00 00 00 00 00 00 00 00 ff fe 00 00 00 00 00 00 00 00 00 00 00 00
  @7656 nz=6 b14=00 00 00 ff fe 00 00 00 00 00 00 00 00 00 00 00 00 00 00 ff fe 00 00 00 00 00 00 00 00 00 00 00 00 00 00 ff fe 00 00 00 00 00 00 00 00 00 00 00 00 00 00
  @7658 nz=8 b14=00 ff fe 00 00 00 00 00 00 00 00 00 00 00 00 00 00 ff fe 00 00 00 00 00 00 00 00 00 00 00 00 00 00 ff fe 00 00 00 00 00 00 00 00 00 00 00 00 00 00 ff fe
  @7660 nz=6 b14=ff 00 00 00 00 00 00 00 00 00 00 00 00 00 00 ff fe 00 00 00 00 00 00 00 00 00 00 00 00 00 00 ff fe 00 00 00 00 00 00 00 00 00 00 00 00 00 00 ff fe 00 00
  @7662 nz=6 b14=00 00 00 00 00 00 00 00 00 00 00 00 00 ff fe 00 00 00 00 00 00 00 00 00 00 00 00 00 00 ff fe 00 00 00 00 00 00 00 00 00 00 00 00 00 00 ff fe 00 00 00 00
  @7664 nz=6 b14=00 00 00 00 00 00 00 00 00 00 00 ff fe 00 00 00 00 00 00 00 00 00 00 00 00 00 00 ff fe 00 00 00 00 00 00 00 00 00 00 00 00 00 00 ff fe 00 00 00 00 00 00
  @7666 nz=6 b14=00 00 00 00 00 00 00 00 00 ff fe 00 00 00 00 00 00 00 00 00 00 00 00 00 00 ff fe 00 00 00 00 00 00 00 00 00 00 00 00 00 00 ff fe 00 00 00 00 00 00 00 00
  @7668 nz=6 b14=00 00 00 00 00 00 00 ff fe 00 00 00 00 00 00 00 00 00 00 00 00 00 00 ff fe 00 00 00 00 00 00 00 00 00 00 00 00 00 00 ff fe 00 00 00 00 00 00 00 00 00 00
  @7670 nz=6 b14=00 00 00 00 00 ff fe 00 00 00 00 00 00 00 00 00 00 00 00 00 00 ff fe 00 00 00 00 00 00 00 00 00 00 00 00 00 00 ff fe 00 00 00 00 00 00 00 00 00 00 00 00
  @7672 nz=6 b14=00 00 00 ff fe 00 00 00 00 00 00 00 00 00 00 00 00 00 00 ff fe 00 00 00 00 00 00 00 00 00 00 00 00 00 00 ff fe 00 00 00 00 00 00 00 00 00 00 00 00 00 00
  @7674 nz=8 b14=00 ff fe 00 00 00 00 00 00 00 00 00 00 00 00 00 00 ff fe 00 00 00 00 00 00 00 00 00 00 00 00 00 00 ff fe 00 00 00 00 00 00 00 00 00 00 00 00 00 00 ff fe
  @7676 nz=6 b14=ff 00 00 00 00 00 00 00 00 00 00 00 00 00 00 ff fe 00 00 00 00 00 00 00 00 00 00 00 00 00 00 ff fe 00 00 00 00 00 00 00 00 00 00 00 00 00 00 ff fe 00 00
  @7678 nz=6 b14=00 00 00 00 00 00 00 00 00 00 00 00 00 ff fe 00 00 00 00 00 00 00 00 00 00 00 00 00 00 ff fe 00 00 00 00 00 00 00 00 00 00 00 00 00 00 ff fe 00 00 00 00
  @7680 nz=6 b14=00 00 00 00 00 00 00 00 00 00 00 ff fe 00 00 00 00 00 00 00 00 00 00 00 00 00 00 ff fe 00 00 00 00 00 00 00 00 00 00 00 00 00 00 ff fe 00 00 00 00 00 00
  @7682 nz=6 b14=00 00 00 00 00 00 00 00 00 ff fe 00 00 00 00 00 00 00 00 00 00 00 00 00 00 ff fe 00 00 00 00 00 00 00 00 00 00 00 00 00 00 ff fe 00 00 00 00 00 00 00 00
  @7684 nz=6 b14=00 00 00 00 00 00 00 ff fe 00 00 00 00 00 00 00 00 00 00 00 00 00 00 ff fe 00 00 00 00 00 00 00 00 00 00 00 00 00 00 ff fe 00 00 00 00 00 00 00 00 00 00
  @7686 nz=6 b14=00 00 00 00 00 ff fe 00 00 00 00 00 00 00 00 00 00 00 00 00 00 ff fe 00 00 00 00 00 00 00 00 00 00 00 00 00 00 ff fe 00 00 00 00 00 00 00 00 00 00 00 00
  @7688 nz=6 b14=00 00 00 ff fe 00 00 00 00 00 00 00 00 00 00 00 00 00 00 ff fe 00 00 00 00 00 00 00 00 00 00 00 00 00 00 ff fe 00 00 00 00 00 00 00 00 00 00 00 00 00 00
  @7690 nz=8 b14=00 ff fe 00 00 00 00 00 00 00 00 00 00 00 00 00 00 ff fe 00 00 00 00 00 00 00 00 00 00 00 00 00 00 ff fe 00 00 00 00 00 00 00 00 00 00 00 00 00 00 ff fe
  @7692 nz=6 b14=ff 00 00 00 00 00 00 00 00 00 00 00 00 00 00 ff fe 00 00 00 00 00 00 00 00 00 00 00 00 00 00 ff fe 00 00 00 00 00 00 00 00 00 00 00 00 00 00 ff fe 00 00
  @7694 nz=6 b14=00 00 00 00 00 00 00 00 00 00 00 00 00 ff fe 00 00 00 00 00 00 00 00 00 00 00 00 00 00 ff fe 00 00 00 00 00 00 00 00 00 00 00 00 00 00 ff fe 00 00 00 00
  @7696 nz=6 b14=00 00 00 00 00 00 00 00 00 00 00 ff fe 00 00 00 00 00 00 00 00 00 00 00 00 00 00 ff fe 00 00 00 00 00 00 00 00 00 00 00 00 00 00 ff fe 00 00 00 00 00 00
  @7698 nz=6 b14=00 00 00 00 00 00 00 00 00 ff fe 00 00 00 00 00 00 00 00 00 00 00 00 00 00 ff fe 00 00 00 00 00 00 00 00 00 00 00 00 00 00 ff fe 00 00 00 00 00 00 00 00
  @7700 nz=6 b14=00 00 00 00 00 00 00 ff fe 00 00 00 00 00 00 00 00 00 00 00 00 00 00 ff fe 00 00 00 00 00 00 00 00 00 00 00 00 00 00 ff fe 00 00 00 00 00 00 00 00 00 00
  @7702 nz=6 b14=00 00 00 00 00 ff fe 00 00 00 00 00 00 00 00 00 00 00 00 00 00 ff fe 00 00 00 00 00 00 00 00 00 00 00 00 00 00 ff fe 00 00 00 00 00 00 00 00 00 00 00 00
  @7704 nz=6 b14=00 00 00 ff fe 00 00 00 00 00 00 00 00 00 00 00 00 00 00 ff fe 00 00 00 00 00 00 00 00 00 00 00 00 00 00 ff fe 00 00 00 00 00 00 00 00 00 00 00 00 00 00
  @7706 nz=8 b14=00 ff fe 00 00 00 00 00 00 00 00 00 00 00 00 00 00 ff fe 00 00 00 00 00 00 00 00 00 00 00 00 00 00 ff fe 00 00 00 00 00 00 00 00 00 00 00 00 00 00 ff fe
  @7708 nz=6 b14=ff 00 00 00 00 00 00 00 00 00 00 00 00 00 00 ff fe 00 00 00 00 00 00 00 00 00 00 00 00 00 00 ff fe 00 00 00 00 00 00 00 00 00 00 00 00 00 00 ff fe 00 00
  @7710 nz=6 b14=00 00 00 00 00 00 00 00 00 00 00 00 00 ff fe 00 00 00 00 00 00 00 00 00 00 00 00 00 00 ff fe 00 00 00 00 00 00 00 00 00 00 00 00 00 00 ff fe 00 00 00 00
  @7712 nz=6 b14=00 00 00 00 00 00 00 00 00 00 00 ff fe 00 00 00 00 00 00 00 00 00 00 00 00 00 00 ff fe 00 00 00 00 00 00 00 00 00 00 00 00 00 00 ff fe 00 00 00 00 00 00
  @7714 nz=6 b14=00 00 00 00 00 00 00 00 00 ff fe 00 00 00 00 00 00 00 00 00 00 00 00 00 00 ff fe 00 00 00 00 00 00 00 00 00 00 00 00 00 00 ff fe 00 00 00 00 00 00 00 00
  @7716 nz=6 b14=00 00 00 00 00 00 00 ff fe 00 00 00 00 00 00 00 00 00 00 00 00 00 00 ff fe 00 00 00 00 00 00 00 00 00 00 00 00 00 00 ff fe 00 00 00 00 00 00 00 00 00 00
  @7718 nz=6 b14=00 00 00 00 00 ff fe 00 00 00 00 00 00 00 00 00 00 00 00 00 00 ff fe 00 00 00 00 00 00 00 00 00 00 00 00 00 00 ff fe 00 00 00 00 00 00 00 00 00 00 00 00
  @7720 nz=6 b14=00 00 00 ff fe 00 00 00 00 00 00 00 00 00 00 00 00 00 00 ff fe 00 00 00 00 00 00 00 00 00 00 00 00 00 00 ff fe 00 00 00 00 00 00 00 00 00 00 00 00 00 00
  @7722 nz=8 b14=00 ff fe 00 00 00 00 00 00 00 00 00 00 00 00 00 00 ff fe 00 00 00 00 00 00 00 00 00 00 00 00 00 00 ff fe 00 00 00 00 00 00 00 00 00 00 00 00 00 00 ff fe
  @7724 nz=6 b14=ff 00 00 00 00 00 00 00 00 00 00 00 00 00 00 ff fe 00 00 00 00 00 00 00 00 00 00 00 00 00 00 ff fe 00 00 00 00 00 00 00 00 00 00 00 00 00 00 ff fe 00 00
  @7726 nz=6 b14=00 00 00 00 00 00 00 00 00 00 00 00 00 ff fe 00 00 00 00 00 00 00 00 00 00 00 00 00 00 ff fe 00 00 00 00 00 00 00 00 00 00 00 00 00 00 ff fe 00 00 00 00
  @7728 nz=6 b14=00 00 00 00 00 00 00 00 00 00 00 ff fe 00 00 00 00 00 00 00 00 00 00 00 00 00 00 ff fe 00 00 00 00 00 00 00 00 00 00 00 00 00 00 ff fe 00 00 00 00 00 00
  @7730 nz=6 b14=00 00 00 00 00 00 00 00 00 ff fe 00 00 00 00 00 00 00 00 00 00 00 00 00 00 ff fe 00 00 00 00 00 00 00 00 00 00 00 00 00 00 ff fe 00 00 00 00 00 00 00 00
  @7732 nz=6 b14=00 00 00 00 00 00 00 ff fe 00 00 00 00 00 00 00 00 00 00 00 00 00 00 ff fe 00 00 00 00 00 00 00 00 00 00 00 00 00 00 ff fe 00 00 00 00 00 00 00 00 00 00
  @7734 nz=6 b14=00 00 00 00 00 ff fe 00 00 00 00 00 00 00 00 00 00 00 00 00 00 ff fe 00 00 00 00 00 00 00 00 00 00 00 00 00 00 ff fe 00 00 00 00 00 00 00 00 00 00 00 00
  @7736 nz=6 b14=00 00 00 ff fe 00 00 00 00 00 00 00 00 00 00 00 00 00 00 ff fe 00 00 00 00 00 00 00 00 00 00 00 00 00 00 ff fe 00 00 00 00 00 00 00 00 00 00 00 00 00 00
  @7738 nz=8 b14=00 ff fe 00 00 00 00 00 00 00 00 00 00 00 00 00 00 ff fe 00 00 00 00 00 00 00 00 00 00 00 00 00 00 ff fe 00 00 00 00 00 00 00 00 00 00 00 00 00 00 ff fe
  @7740 nz=6 b14=ff 00 00 00 00 00 00 00 00 00 00 00 00 00 00 ff fe 00 00 00 00 00 00 00 00 00 00 00 00 00 00 ff fe 00 00 00 00 00 00 00 00 00 00 00 00 00 00 ff fe 00 00
  @7742 nz=6 b14=00 00 00 00 00 00 00 00 00 00 00 00 00 ff fe 00 00 00 00 00 00 00 00 00 00 00 00 00 00 ff fe 00 00 00 00 00 00 00 00 00 00 00 00 00 00 ff fe 00 00 00 00
  @7744 nz=6 b14=00 00 00 00 00 00 00 00 00 00 00 ff fe 00 00 00 00 00 00 00 00 00 00 00 00 00 00 ff fe 00 00 00 00 00 00 00 00 00 00 00 00 00 00 ff fe 00 00 00 00 00 00
  @7746 nz=6 b14=00 00 00 00 00 00 00 00 00 ff fe 00 00 00 00 00 00 00 00 00 00 00 00 00 00 ff fe 00 00 00 00 00 00 00 00 00 00 00 00 00 00 ff fe 00 00 00 00 00 00 00 00
  @7748 nz=6 b14=00 00 00 00 00 00 00 ff fe 00 00 00 00 00 00 00 00 00 00 00 00 00 00 ff fe 00 00 00 00 00 00 00 00 00 00 00 00 00 00 ff fe 00 00 00 00 00 00 00 00 00 00
  @7750 nz=6 b14=00 00 00 00 00 ff fe 00 00 00 00 00 00 00 00 00 00 00 00 00 00 ff fe 00 00 00 00 00 00 00 00 00 00 00 00 00 00 ff fe 00 00 00 00 00 00 00 00 00 00 00 00
  @7752 nz=6 b14=00 00 00 ff fe 00 00 00 00 00 00 00 00 00 00 00 00 00 00 ff fe 00 00 00 00 00 00 00 00 00 00 00 00 00 00 ff fe 00 00 00 00 00 00 00 00 00 00 00 00 00 00
  @7754 nz=8 b14=00 ff fe 00 00 00 00 00 00 00 00 00 00 00 00 00 00 ff fe 00 00 00 00 00 00 00 00 00 00 00 00 00 00 ff fe 00 00 00 00 00 00 00 00 00 00 00 00 00 00 ff fe
  @7756 nz=6 b14=ff 00 00 00 00 00 00 00 00 00 00 00 00 00 00 ff fe 00 00 00 00 00 00 00 00 00 00 00 00 00 00 ff fe 00 00 00 00 00 00 00 00 00 00 00 00 00 00 ff fe 00 00
  @7758 nz=6 b14=00 00 00 00 00 00 00 00 00 00 00 00 00 ff fe 00 00 00 00 00 00 00 00 00 00 00 00 00 00 ff fe 00 00 00 00 00 00 00 00 00 00 00 00 00 00 ff fe 00 00 00 00
  @7760 nz=6 b14=00 00 00 00 00 00 00 00 00 00 00 ff fe 00 00 00 00 00 00 00 00 00 00 00 00 00 00 ff fe 00 00 00 00 00 00 00 00 00 00 00 00 00 00 ff fe 00 00 00 00 00 00
  @7762 nz=6 b14=00 00 00 00 00 00 00 00 00 ff fe 00 00 00 00 00 00 00 00 00 00 00 00 00 00 ff fe 00 00 00 00 00 00 00 00 00 00 00 00 00 00 ff fe 00 00 00 00 00 00 00 00
  @7764 nz=6 b14=00 00 00 00 00 00 00 ff fe 00 00 00 00 00 00 00 00 00 00 00 00 00 00 ff fe 00 00 00 00 00 00 00 00 00 00 00 00 00 00 ff fe 00 00 00 00 00 00 00 00 00 00
  @7766 nz=6 b14=00 00 00 00 00 ff fe 00 00 00 00 00 00 00 00 00 00 00 00 00 00 ff fe 00 00 00 00 00 00 00 00 00 00 00 00 00 00 ff fe 00 00 00 00 00 00 00 00 00 00 00 00
  @7768 nz=6 b14=00 00 00 ff fe 00 00 00 00 00 00 00 00 00 00 00 00 00 00 ff fe 00 00 00 00 00 00 00 00 00 00 00 00 00 00 ff fe 00 00 00 00 00 00 00 00 00 00 00 00 00 00
  @7770 nz=8 b14=00 ff fe 00 00 00 00 00 00 00 00 00 00 00 00 00 00 ff fe 00 00 00 00 00 00 00 00 00 00 00 00 00 00 ff fe 00 00 00 00 00 00 00 00 00 00 00 00 00 00 ff fe
  @7772 nz=6 b14=ff 00 00 00 00 00 00 00 00 00 00 00 00 00 00 ff fe 00 00 00 00 00 00 00 00 00 00 00 00 00 00 ff fe 00 00 00 00 00 00 00 00 00 00 00 00 00 00 ff fe 00 00
  @7774 nz=6 b14=00 00 00 00 00 00 00 00 00 00 00 00 00 ff fe 00 00 00 00 00 00 00 00 00 00 00 00 00 00 ff fe 00 00 00 00 00 00 00 00 00 00 00 00 00 00 ff fe 00 00 00 00
  @7776 nz=6 b14=00 00 00 00 00 00 00 00 00 00 00 ff fe 00 00 00 00 00 00 00 00 00 00 00 00 00 00 ff fe 00 00 00 00 00 00 00 00 00 00 00 00 00 00 ff fe 00 00 00 00 00 00
  @7778 nz=6 b14=00 00 00 00 00 00 00 00 00 ff fe 00 00 00 00 00 00 00 00 00 00 00 00 00 00 ff fe 00 00 00 00 00 00 00 00 00 00 00 00 00 00 ff fe 00 00 00 00 00 00 00 00
  @7780 nz=6 b14=00 00 00 00 00 00 00 ff fe 00 00 00 00 00 00 00 00 00 00 00 00 00 00 ff fe 00 00 00 00 00 00 00 00 00 00 00 00 00 00 ff fe 00 00 00 00 00 00 00 00 00 00
  @7782 nz=6 b14=00 00 00 00 00 ff fe 00 00 00 00 00 00 00 00 00 00 00 00 00 00 ff fe 00 00 00 00 00 00 00 00 00 00 00 00 00 00 ff fe 00 00 00 00 00 00 00 00 00 00 00 00
  @7784 nz=6 b14=00 00 00 ff fe 00 00 00 00 00 00 00 00 00 00 00 00 00 00 ff fe 00 00 00 00 00 00 00 00 00 00 00 00 00 00 ff fe 00 00 00 00 00 00 00 00 00 00 00 00 00 00
  @7786 nz=8 b14=00 ff fe 00 00 00 00 00 00 00 00 00 00 00 00 00 00 ff fe 00 00 00 00 00 00 00 00 00 00 00 00 00 00 ff fe 00 00 00 00 00 00 00 00 00 00 00 00 00 00 ff fe
  @7788 nz=6 b14=ff 00 00 00 00 00 00 00 00 00 00 00 00 00 00 ff fe 00 00 00 00 00 00 00 00 00 00 00 00 00 00 ff fe 00 00 00 00 00 00 00 00 00 00 00 00 00 00 ff fe 00 00
  @7790 nz=6 b14=00 00 00 00 00 00 00 00 00 00 00 00 00 ff fe 00 00 00 00 00 00 00 00 00 00 00 00 00 00 ff fe 00 00 00 00 00 00 00 00 00 00 00 00 00 00 ff fe 00 00 00 00
  @7792 nz=6 b14=00 00 00 00 00 00 00 00 00 00 00 ff fe 00 00 00 00 00 00 00 00 00 00 00 00 00 00 ff fe 00 00 00 00 00 00 00 00 00 00 00 00 00 00 ff fe 00 00 00 00 00 00
  @7794 nz=6 b14=00 00 00 00 00 00 00 00 00 ff fe 00 00 00 00 00 00 00 00 00 00 00 00 00 00 ff fe 00 00 00 00 00 00 00 00 00 00 00 00 00 00 ff fe 00 00 00 00 00 00 00 00
  @7796 nz=6 b14=00 00 00 00 00 00 00 ff fe 00 00 00 00 00 00 00 00 00 00 00 00 00 00 ff fe 00 00 00 00 00 00 00 00 00 00 00 00 00 00 ff fe 00 00 00 00 00 00 00 00 00 00
  @7798 nz=6 b14=00 00 00 00 00 ff fe 00 00 00 00 00 00 00 00 00 00 00 00 00 00 ff fe 00 00 00 00 00 00 00 00 00 00 00 00 00 00 ff fe 00 00 00 00 00 00 00 00 00 00 00 00
  @7800 nz=6 b14=00 00 00 ff fe 00 00 00 00 00 00 00 00 00 00 00 00 00 00 ff fe 00 00 00 00 00 00 00 00 00 00 00 00 00 00 ff fe 00 00 00 00 00 00 00 00 00 00 00 00 00 00
  @7802 nz=8 b14=00 ff fe 00 00 00 00 00 00 00 00 00 00 00 00 00 00 ff fe 00 00 00 00 00 00 00 00 00 00 00 00 00 00 ff fe 00 00 00 00 00 00 00 00 00 00 00 00 00 00 ff fe
  @7804 nz=6 b14=ff 00 00 00 00 00 00 00 00 00 00 00 00 00 00 ff fe 00 00 00 00 00 00 00 00 00 00 00 00 00 00 ff fe 00 00 00 00 00 00 00 00 00 00 00 00 00 00 ff fe 00 00
  @7806 nz=6 b14=00 00 00 00 00 00 00 00 00 00 00 00 00 ff fe 00 00 00 00 00 00 00 00 00 00 00 00 00 00 ff fe 00 00 00 00 00 00 00 00 00 00 00 00 00 00 ff fe 00 00 00 00
  @7808 nz=6 b14=00 00 00 00 00 00 00 00 00 00 00 ff fe 00 00 00 00 00 00 00 00 00 00 00 00 00 00 ff fe 00 00 00 00 00 00 00 00 00 00 00 00 00 00 ff fe 00 00 00 00 00 00
  @7810 nz=6 b14=00 00 00 00 00 00 00 00 00 ff fe 00 00 00 00 00 00 00 00 00 00 00 00 00 00 ff fe 00 00 00 00 00 00 00 00 00 00 00 00 00 00 ff fe 00 00 00 00 00 00 00 00
  @7812 nz=6 b14=00 00 00 00 00 00 00 ff fe 00 00 00 00 00 00 00 00 00 00 00 00 00 00 ff fe 00 00 00 00 00 00 00 00 00 00 00 00 00 00 ff fe 00 00 00 00 00 00 00 00 00 00
  @7814 nz=6 b14=00 00 00 00 00 ff fe 00 00 00 00 00 00 00 00 00 00 00 00 00 00 ff fe 00 00 00 00 00 00 00 00 00 00 00 00 00 00 ff fe 00 00 00 00 00 00 00 00 00 00 00 00
  @7816 nz=6 b14=00 00 00 ff fe 00 00 00 00 00 00 00 00 00 00 00 00 00 00 ff fe 00 00 00 00 00 00 00 00 00 00 00 00 00 00 ff fe 00 00 00 00 00 00 00 00 00 00 00 00 00 00
  @7818 nz=8 b14=00 ff fe 00 00 00 00 00 00 00 00 00 00 00 00 00 00 ff fe 00 00 00 00 00 00 00 00 00 00 00 00 00 00 ff fe 00 00 00 00 00 00 00 00 00 00 00 00 00 00 ff fe
  @7820 nz=6 b14=ff 00 00 00 00 00 00 00 00 00 00 00 00 00 00 ff fe 00 00 00 00 00 00 00 00 00 00 00 00 00 00 ff fe 00 00 00 00 00 00 00 00 00 00 00 00 00 00 ff fe 00 00
  @7822 nz=6 b14=00 00 00 00 00 00 00 00 00 00 00 00 00 ff fe 00 00 00 00 00 00 00 00 00 00 00 00 00 00 ff fe 00 00 00 00 00 00 00 00 00 00 00 00 00 00 ff fe 00 00 00 00
  @7824 nz=6 b14=00 00 00 00 00 00 00 00 00 00 00 ff fe 00 00 00 00 00 00 00 00 00 00 00 00 00 00 ff fe 00 00 00 00 00 00 00 00 00 00 00 00 00 00 ff fe 00 00 00 00 00 00
  @7826 nz=6 b14=00 00 00 00 00 00 00 00 00 ff fe 00 00 00 00 00 00 00 00 00 00 00 00 00 00 ff fe 00 00 00 00 00 00 00 00 00 00 00 00 00 00 ff fe 00 00 00 00 00 00 00 00
  @7828 nz=6 b14=00 00 00 00 00 00 00 ff fe 00 00 00 00 00 00 00 00 00 00 00 00 00 00 ff fe 00 00 00 00 00 00 00 00 00 00 00 00 00 00 ff fe 00 00 00 00 00 00 00 00 00 00
  @7830 nz=6 b14=00 00 00 00 00 ff fe 00 00 00 00 00 00 00 00 00 00 00 00 00 00 ff fe 00 00 00 00 00 00 00 00 00 00 00 00 00 00 ff fe 00 00 00 00 00 00 00 00 00 00 00 00
  @7832 nz=6 b14=00 00 00 ff fe 00 00 00 00 00 00 00 00 00 00 00 00 00 00 ff fe 00 00 00 00 00 00 00 00 00 00 00 00 00 00 ff fe 00 00 00 00 00 00 00 00 00 00 00 00 00 00
  @7834 nz=8 b14=00 ff fe 00 00 00 00 00 00 00 00 00 00 00 00 00 00 ff fe 00 00 00 00 00 00 00 00 00 00 00 00 00 00 ff fe 00 00 00 00 00 00 00 00 00 00 00 00 00 00 ff fe
  @7836 nz=6 b14=ff 00 00 00 00 00 00 00 00 00 00 00 00 00 00 ff fe 00 00 00 00 00 00 00 00 00 00 00 00 00 00 ff fe 00 00 00 00 00 00 00 00 00 00 00 00 00 00 ff fe 00 00
  @7838 nz=6 b14=00 00 00 00 00 00 00 00 00 00 00 00 00 ff fe 00 00 00 00 00 00 00 00 00 00 00 00 00 00 ff fe 00 00 00 00 00 00 00 00 00 00 00 00 00 00 ff fe 00 00 00 00
  @7840 nz=6 b14=00 00 00 00 00 00 00 00 00 00 00 ff fe 00 00 00 00 00 00 00 00 00 00 00 00 00 00 ff fe 00 00 00 00 00 00 00 00 00 00 00 00 00 00 ff fe 00 00 00 00 00 00
  @7842 nz=6 b14=00 00 00 00 00 00 00 00 00 ff fe 00 00 00 00 00 00 00 00 00 00 00 00 00 00 ff fe 00 00 00 00 00 00 00 00 00 00 00 00 00 00 ff fe 00 00 00 00 00 00 00 00
  @7844 nz=6 b14=00 00 00 00 00 00 00 ff fe 00 00 00 00 00 00 00 00 00 00 00 00 00 00 ff fe 00 00 00 00 00 00 00 00 00 00 00 00 00 00 ff fe 00 00 00 00 00 00 00 00 00 00
  @7846 nz=6 b14=00 00 00 00 00 ff fe 00 00 00 00 00 00 00 00 00 00 00 00 00 00 ff fe 00 00 00 00 00 00 00 00 00 00 00 00 00 00 ff fe 00 00 00 00 00 00 00 00 00 00 00 00
  @7848 nz=6 b14=00 00 00 ff fe 00 00 00 00 00 00 00 00 00 00 00 00 00 00 ff fe 00 00 00 00 00 00 00 00 00 00 00 00 00 00 ff fe 00 00 00 00 00 00 00 00 00 00 00 00 00 00
  @7850 nz=8 b14=00 ff fe 00 00 00 00 00 00 00 00 00 00 00 00 00 00 ff fe 00 00 00 00 00 00 00 00 00 00 00 00 00 00 ff fe 00 00 00 00 00 00 00 00 00 00 00 00 00 00 ff fe
  @7852 nz=6 b14=ff 00 00 00 00 00 00 00 00 00 00 00 00 00 00 ff fe 00 00 00 00 00 00 00 00 00 00 00 00 00 00 ff fe 00 00 00 00 00 00 00 00 00 00 00 00 00 00 ff fe 00 00
  @7854 nz=6 b14=00 00 00 00 00 00 00 00 00 00 00 00 00 ff fe 00 00 00 00 00 00 00 00 00 00 00 00 00 00 ff fe 00 00 00 00 00 00 00 00 00 00 00 00 00 00 ff fe 00 00 00 00
  @7856 nz=6 b14=00 00 00 00 00 00 00 00 00 00 00 ff fe 00 00 00 00 00 00 00 00 00 00 00 00 00 00 ff fe 00 00 00 00 00 00 00 00 00 00 00 00 00 00 ff fe 00 00 00 00 00 00
  @7858 nz=6 b14=00 00 00 00 00 00 00 00 00 ff fe 00 00 00 00 00 00 00 00 00 00 00 00 00 00 ff fe 00 00 00 00 00 00 00 00 00 00 00 00 00 00 ff fe 00 00 00 00 00 00 00 00
  @7860 nz=6 b14=00 00 00 00 00 00 00 ff fe 00 00 00 00 00 00 00 00 00 00 00 00 00 00 ff fe 00 00 00 00 00 00 00 00 00 00 00 00 00 00 ff fe 00 00 00 00 00 00 00 00 00 00
  @7862 nz=6 b14=00 00 00 00 00 ff fe 00 00 00 00 00 00 00 00 00 00 00 00 00 00 ff fe 00 00 00 00 00 00 00 00 00 00 00 00 00 00 ff fe 00 00 00 00 00 00 00 00 00 00 00 00
  @7864 nz=6 b14=00 00 00 ff fe 00 00 00 00 00 00 00 00 00 00 00 00 00 00 ff fe 00 00 00 00 00 00 00 00 00 00 00 00 00 00 ff fe 00 00 00 00 00 00 00 00 00 00 00 00 00 00
  @7866 nz=8 b14=00 ff fe 00 00 00 00 00 00 00 00 00 00 00 00 00 00 ff fe 00 00 00 00 00 00 00 00 00 00 00 00 00 00 ff fe 00 00 00 00 00 00 00 00 00 00 00 00 00 00 ff fe
  @7868 nz=6 b14=ff 00 00 00 00 00 00 00 00 00 00 00 00 00 00 ff fe 00 00 00 00 00 00 00 00 00 00 00 00 00 00 ff fe 00 00 00 00 00 00 00 00 00 00 00 00 00 00 ff fe 00 00
  @7870 nz=6 b14=00 00 00 00 00 00 00 00 00 00 00 00 00 ff fe 00 00 00 00 00 00 00 00 00 00 00 00 00 00 ff fe 00 00 00 00 00 00 00 00 00 00 00 00 00 00 ff fe 00 00 00 00
  @7872 nz=6 b14=00 00 00 00 00 00 00 00 00 00 00 ff fe 00 00 00 00 00 00 00 00 00 00 00 00 00 00 ff fe 00 00 00 00 00 00 00 00 00 00 00 00 00 00 ff fe 00 00 00 00 00 00
  @7874 nz=6 b14=00 00 00 00 00 00 00 00 00 ff fe 00 00 00 00 00 00 00 00 00 00 00 00 00 00 ff fe 00 00 00 00 00 00 00 00 00 00 00 00 00 00 ff fe 00 00 00 00 00 00 00 00
  @7876 nz=6 b14=00 00 00 00 00 00 00 ff fe 00 00 00 00 00 00 00 00 00 00 00 00 00 00 ff fe 00 00 00 00 00 00 00 00 00 00 00 00 00 00 ff fe 00 00 00 00 00 00 00 00 00 00
  @7878 nz=6 b14=00 00 00 00 00 ff fe 00 00 00 00 00 00 00 00 00 00 00 00 00 00 ff fe 00 00 00 00 00 00 00 00 00 00 00 00 00 00 ff fe 00 00 00 00 00 00 00 00 00 00 00 00
  @7880 nz=6 b14=00 00 00 ff fe 00 00 00 00 00 00 00 00 00 00 00 00 00 00 ff fe 00 00 00 00 00 00 00 00 00 00 00 00 00 00 ff fe 00 00 00 00 00 00 00 00 00 00 00 00 00 00
  @7882 nz=8 b14=00 ff fe 00 00 00 00 00 00 00 00 00 00 00 00 00 00 ff fe 00 00 00 00 00 00 00 00 00 00 00 00 00 00 ff fe 00 00 00 00 00 00 00 00 00 00 00 00 00 00 ff fe
  @7884 nz=6 b14=ff 00 00 00 00 00 00 00 00 00 00 00 00 00 00 ff fe 00 00 00 00 00 00 00 00 00 00 00 00 00 00 ff fe 00 00 00 00 00 00 00 00 00 00 00 00 00 00 ff fe 00 00
  @7886 nz=6 b14=00 00 00 00 00 00 00 00 00 00 00 00 00 ff fe 00 00 00 00 00 00 00 00 00 00 00 00 00 00 ff fe 00 00 00 00 00 00 00 00 00 00 00 00 00 00 ff fe 00 00 00 00
  @7888 nz=6 b14=00 00 00 00 00 00 00 00 00 00 00 ff fe 00 00 00 00 00 00 00 00 00 00 00 00 00 00 ff fe 00 00 00 00 00 00 00 00 00 00 00 00 00 00 ff fe 00 00 00 00 00 00
  @7890 nz=6 b14=00 00 00 00 00 00 00 00 00 ff fe 00 00 00 00 00 00 00 00 00 00 00 00 00 00 ff fe 00 00 00 00 00 00 00 00 00 00 00 00 00 00 ff fe 00 00 00 00 00 00 00 00
  @7892 nz=6 b14=00 00 00 00 00 00 00 ff fe 00 00 00 00 00 00 00 00 00 00 00 00 00 00 ff fe 00 00 00 00 00 00 00 00 00 00 00 00 00 00 ff fe 00 00 00 00 00 00 00 00 00 00
  @7894 nz=6 b14=00 00 00 00 00 ff fe 00 00 00 00 00 00 00 00 00 00 00 00 00 00 ff fe 00 00 00 00 00 00 00 00 00 00 00 00 00 00 ff fe 00 00 00 00 00 00 00 00 00 00 00 00
  @7896 nz=6 b14=00 00 00 ff fe 00 00 00 00 00 00 00 00 00 00 00 00 00 00 ff fe 00 00 00 00 00 00 00 00 00 00 00 00 00 00 ff fe 00 00 00 00 00 00 00 00 00 00 00 00 00 00
  @7898 nz=8 b14=00 ff fe 00 00 00 00 00 00 00 00 00 00 00 00 00 00 ff fe 00 00 00 00 00 00 00 00 00 00 00 00 00 00 ff fe 00 00 00 00 00 00 00 00 00 00 00 00 00 00 ff fe
  @7900 nz=6 b14=ff 00 00 00 00 00 00 00 00 00 00 00 00 00 00 ff fe 00 00 00 00 00 00 00 00 00 00 00 00 00 00 ff fe 00 00 00 00 00 00 00 00 00 00 00 00 00 00 ff fe 00 00
  @7902 nz=6 b14=00 00 00 00 00 00 00 00 00 00 00 00 00 ff fe 00 00 00 00 00 00 00 00 00 00 00 00 00 00 ff fe 00 00 00 00 00 00 00 00 00 00 00 00 00 00 ff fe 00 00 00 00
  @7904 nz=6 b14=00 00 00 00 00 00 00 00 00 00 00 ff fe 00 00 00 00 00 00 00 00 00 00 00 00 00 00 ff fe 00 00 00 00 00 00 00 00 00 00 00 00 00 00 ff fe 00 00 00 00 00 00
  @7906 nz=6 b14=00 00 00 00 00 00 00 00 00 ff fe 00 00 00 00 00 00 00 00 00 00 00 00 00 00 ff fe 00 00 00 00 00 00 00 00 00 00 00 00 00 00 ff fe 00 00 00 00 00 00 00 00
  @7908 nz=6 b14=00 00 00 00 00 00 00 ff fe 00 00 00 00 00 00 00 00 00 00 00 00 00 00 ff fe 00 00 00 00 00 00 00 00 00 00 00 00 00 00 ff fe 00 00 00 00 00 00 00 00 00 00
  @7910 nz=6 b14=00 00 00 00 00 ff fe 00 00 00 00 00 00 00 00 00 00 00 00 00 00 ff fe 00 00 00 00 00 00 00 00 00 00 00 00 00 00 ff fe 00 00 00 00 00 00 00 00 00 00 00 00
  @7912 nz=6 b14=00 00 00 ff fe 00 00 00 00 00 00 00 00 00 00 00 00 00 00 ff fe 00 00 00 00 00 00 00 00 00 00 00 00 00 00 ff fe 00 00 00 00 00 00 00 00 00 00 00 00 00 00
  @7914 nz=8 b14=00 ff fe 00 00 00 00 00 00 00 00 00 00 00 00 00 00 ff fe 00 00 00 00 00 00 00 00 00 00 00 00 00 00 ff fe 00 00 00 00 00 00 00 00 00 00 00 00 00 00 ff fe
  @7916 nz=6 b14=ff 00 00 00 00 00 00 00 00 00 00 00 00 00 00 ff fe 00 00 00 00 00 00 00 00 00 00 00 00 00 00 ff fe 00 00 00 00 00 00 00 00 00 00 00 00 00 00 ff fe 00 00
  @7918 nz=6 b14=00 00 00 00 00 00 00 00 00 00 00 00 00 ff fe 00 00 00 00 00 00 00 00 00 00 00 00 00 00 ff fe 00 00 00 00 00 00 00 00 00 00 00 00 00 00 ff fe 00 00 00 00
  @7920 nz=6 b14=00 00 00 00 00 00 00 00 00 00 00 ff fe 00 00 00 00 00 00 00 00 00 00 00 00 00 00 ff fe 00 00 00 00 00 00 00 00 00 00 00 00 00 00 ff fe 00 00 00 00 00 00
  @7922 nz=6 b14=00 00 00 00 00 00 00 00 00 ff fe 00 00 00 00 00 00 00 00 00 00 00 00 00 00 ff fe 00 00 00 00 00 00 00 00 00 00 00 00 00 00 ff fe 00 00 00 00 00 00 00 00
  @7924 nz=6 b14=00 00 00 00 00 00 00 ff fe 00 00 00 00 00 00 00 00 00 00 00 00 00 00 ff fe 00 00 00 00 00 00 00 00 00 00 00 00 00 00 ff fe 00 00 00 00 00 00 00 00 00 00
  @7926 nz=6 b14=00 00 00 00 00 ff fe 00 00 00 00 00 00 00 00 00 00 00 00 00 00 ff fe 00 00 00 00 00 00 00 00 00 00 00 00 00 00 ff fe 00 00 00 00 00 00 00 00 00 00 00 00
  @7928 nz=6 b14=00 00 00 ff fe 00 00 00 00 00 00 00 00 00 00 00 00 00 00 ff fe 00 00 00 00 00 00 00 00 00 00 00 00 00 00 ff fe 00 00 00 00 00 00 00 00 00 00 00 00 00 00
  @7930 nz=8 b14=00 ff fe 00 00 00 00 00 00 00 00 00 00 00 00 00 00 ff fe 00 00 00 00 00 00 00 00 00 00 00 00 00 00 ff fe 00 00 00 00 00 00 00 00 00 00 00 00 00 00 ff fe
  @7932 nz=6 b14=ff 00 00 00 00 00 00 00 00 00 00 00 00 00 00 ff fe 00 00 00 00 00 00 00 00 00 00 00 00 00 00 ff fe 00 00 00 00 00 00 00 00 00 00 00 00 00 00 ff fe 00 00
  @7934 nz=6 b14=00 00 00 00 00 00 00 00 00 00 00 00 00 ff fe 00 00 00 00 00 00 00 00 00 00 00 00 00 00 ff fe 00 00 00 00 00 00 00 00 00 00 00 00 00 00 ff fe 00 00 00 00
  @7936 nz=6 b14=00 00 00 00 00 00 00 00 00 00 00 ff fe 00 00 00 00 00 00 00 00 00 00 00 00 00 00 ff fe 00 00 00 00 00 00 00 00 00 00 00 00 00 00 ff fe 00 00 00 00 00 00
  @7938 nz=6 b14=00 00 00 00 00 00 00 00 00 ff fe 00 00 00 00 00 00 00 00 00 00 00 00 00 00 ff fe 00 00 00 00 00 00 00 00 00 00 00 00 00 00 ff fe 00 00 00 00 00 00 00 00
  @7940 nz=6 b14=00 00 00 00 00 00 00 ff fe 00 00 00 00 00 00 00 00 00 00 00 00 00 00 ff fe 00 00 00 00 00 00 00 00 00 00 00 00 00 00 ff fe 00 00 00 00 00 00 00 00 00 00
  @7942 nz=6 b14=00 00 00 00 00 ff fe 00 00 00 00 00 00 00 00 00 00 00 00 00 00 ff fe 00 00 00 00 00 00 00 00 00 00 00 00 00 00 ff fe 00 00 00 00 00 00 00 00 00 00 00 00
  @7944 nz=6 b14=00 00 00 ff fe 00 00 00 00 00 00 00 00 00 00 00 00 00 00 ff fe 00 00 00 00 00 00 00 00 00 00 00 00 00 00 ff fe 00 00 00 00 00 00 00 00 00 00 00 00 00 00
  @7946 nz=8 b14=00 ff fe 00 00 00 00 00 00 00 00 00 00 00 00 00 00 ff fe 00 00 00 00 00 00 00 00 00 00 00 00 00 00 ff fe 00 00 00 00 00 00 00 00 00 00 00 00 00 00 ff fe
  @7948 nz=6 b14=ff 00 00 00 00 00 00 00 00 00 00 00 00 00 00 ff fe 00 00 00 00 00 00 00 00 00 00 00 00 00 00 ff fe 00 00 00 00 00 00 00 00 00 00 00 00 00 00 ff fe 00 00
  @7950 nz=6 b14=00 00 00 00 00 00 00 00 00 00 00 00 00 ff fe 00 00 00 00 00 00 00 00 00 00 00 00 00 00 ff fe 00 00 00 00 00 00 00 00 00 00 00 00 00 00 ff fe 00 00 00 00
  @7952 nz=6 b14=00 00 00 00 00 00 00 00 00 00 00 ff fe 00 00 00 00 00 00 00 00 00 00 00 00 00 00 ff fe 00 00 00 00 00 00 00 00 00 00 00 00 00 00 ff fe 00 00 00 00 00 00
  @7954 nz=6 b14=00 00 00 00 00 00 00 00 00 ff fe 00 00 00 00 00 00 00 00 00 00 00 00 00 00 ff fe 00 00 00 00 00 00 00 00 00 00 00 00 00 00 ff fe 00 00 00 00 00 00 00 00
  @7956 nz=6 b14=00 00 00 00 00 00 00 ff fe 00 00 00 00 00 00 00 00 00 00 00 00 00 00 ff fe 00 00 00 00 00 00 00 00 00 00 00 00 00 00 ff fe 00 00 00 00 00 00 00 00 00 00
  @7958 nz=6 b14=00 00 00 00 00 ff fe 00 00 00 00 00 00 00 00 00 00 00 00 00 00 ff fe 00 00 00 00 00 00 00 00 00 00 00 00 00 00 ff fe 00 00 00 00 00 00 00 00 00 00 00 00
  @7960 nz=6 b14=00 00 00 ff fe 00 00 00 00 00 00 00 00 00 00 00 00 00 00 ff fe 00 00 00 00 00 00 00 00 00 00 00 00 00 00 ff fe 00 00 00 00 00 00 00 00 00 00 00 00 00 00
  @7962 nz=8 b14=00 ff fe 00 00 00 00 00 00 00 00 00 00 00 00 00 00 ff fe 00 00 00 00 00 00 00 00 00 00 00 00 00 00 ff fe 00 00 00 00 00 00 00 00 00 00 00 00 00 00 ff fe
  @7964 nz=6 b14=ff 00 00 00 00 00 00 00 00 00 00 00 00 00 00 ff fe 00 00 00 00 00 00 00 00 00 00 00 00 00 00 ff fe 00 00 00 00 00 00 00 00 00 00 00 00 00 00 ff fe 00 00
  @7966 nz=6 b14=00 00 00 00 00 00 00 00 00 00 00 00 00 ff fe 00 00 00 00 00 00 00 00 00 00 00 00 00 00 ff fe 00 00 00 00 00 00 00 00 00 00 00 00 00 00 ff fe 00 00 00 00
  @7968 nz=6 b14=00 00 00 00 00 00 00 00 00 00 00 ff fe 00 00 00 00 00 00 00 00 00 00 00 00 00 00 ff fe 00 00 00 00 00 00 00 00 00 00 00 00 00 00 ff fe 00 00 00 00 00 00
  @7970 nz=6 b14=00 00 00 00 00 00 00 00 00 ff fe 00 00 00 00 00 00 00 00 00 00 00 00 00 00 ff fe 00 00 00 00 00 00 00 00 00 00 00 00 00 00 ff fe 00 00 00 00 00 00 00 00
  @7972 nz=6 b14=00 00 00 00 00 00 00 ff fe 00 00 00 00 00 00 00 00 00 00 00 00 00 00 ff fe 00 00 00 00 00 00 00 00 00 00 00 00 00 00 ff fe 00 00 00 00 00 00 00 00 00 00
  @7974 nz=6 b14=00 00 00 00 00 ff fe 00 00 00 00 00 00 00 00 00 00 00 00 00 00 ff fe 00 00 00 00 00 00 00 00 00 00 00 00 00 00 ff fe 00 00 00 00 00 00 00 00 00 00 00 00
  @7976 nz=6 b14=00 00 00 ff fe 00 00 00 00 00 00 00 00 00 00 00 00 00 00 ff fe 00 00 00 00 00 00 00 00 00 00 00 00 00 00 ff fe 00 00 00 00 00 00 00 00 00 00 00 00 00 00
  @7978 nz=8 b14=00 ff fe 00 00 00 00 00 00 00 00 00 00 00 00 00 00 ff fe 00 00 00 00 00 00 00 00 00 00 00 00 00 00 ff fe 00 00 00 00 00 00 00 00 00 00 00 00 00 00 ff fe
  @7980 nz=6 b14=ff 00 00 00 00 00 00 00 00 00 00 00 00 00 00 ff fe 00 00 00 00 00 00 00 00 00 00 00 00 00 00 ff fe 00 00 00 00 00 00 00 00 00 00 00 00 00 00 ff fe 00 00
  @7982 nz=6 b14=00 00 00 00 00 00 00 00 00 00 00 00 00 ff fe 00 00 00 00 00 00 00 00 00 00 00 00 00 00 ff fe 00 00 00 00 00 00 00 00 00 00 00 00 00 00 ff fe 00 00 00 00
  @7984 nz=6 b14=00 00 00 00 00 00 00 00 00 00 00 ff fe 00 00 00 00 00 00 00 00 00 00 00 00 00 00 ff fe 00 00 00 00 00 00 00 00 00 00 00 00 00 00 ff fe 00 00 00 00 00 00
  @7986 nz=6 b14=00 00 00 00 00 00 00 00 00 ff fe 00 00 00 00 00 00 00 00 00 00 00 00 00 00 ff fe 00 00 00 00 00 00 00 00 00 00 00 00 00 00 ff fe 00 00 00 00 00 00 00 00
  @7988 nz=6 b14=00 00 00 00 00 00 00 ff fe 00 00 00 00 00 00 00 00 00 00 00 00 00 00 ff fe 00 00 00 00 00 00 00 00 00 00 00 00 00 00 ff fe 00 00 00 00 00 00 00 00 00 00
  @7990 nz=6 b14=00 00 00 00 00 ff fe 00 00 00 00 00 00 00 00 00 00 00 00 00 00 ff fe 00 00 00 00 00 00 00 00 00 00 00 00 00 00 ff fe 00 00 00 00 00 00 00 00 00 00 00 00
  @7992 nz=6 b14=00 00 00 ff fe 00 00 00 00 00 00 00 00 00 00 00 00 00 00 ff fe 00 00 00 00 00 00 00 00 00 00 00 00 00 00 ff fe 00 00 00 00 00 00 00 00 00 00 00 00 00 00
  @7994 nz=8 b14=00 ff fe 00 00 00 00 00 00 00 00 00 00 00 00 00 00 ff fe 00 00 00 00 00 00 00 00 00 00 00 00 00 00 ff fe 00 00 00 00 00 00 00 00 00 00 00 00 00 00 ff fe
  @7996 nz=6 b14=ff 00 00 00 00 00 00 00 00 00 00 00 00 00 00 ff fe 00 00 00 00 00 00 00 00 00 00 00 00 00 00 ff fe 00 00 00 00 00 00 00 00 00 00 00 00 00 00 ff fe 00 00
  @7998 nz=6 b14=00 00 00 00 00 00 00 00 00 00 00 00 00 ff fe 00 00 00 00 00 00 00 00 00 00 00 00 00 00 ff fe 00 00 00 00 00 00 00 00 00 00 00 00 00 00 ff fe 00 00 00 00
  @8000 nz=6 b14=00 00 00 00 00 00 00 00 00 00 00 ff fe 00 00 00 00 00 00 00 00 00 00 00 00 00 00 ff fe 00 00 00 00 00 00 00 00 00 00 00 00 00 00 ff fe 00 00 00 00 00 00
  @8002 nz=6 b14=00 00 00 00 00 00 00 00 00 ff fe 00 00 00 00 00 00 00 00 00 00 00 00 00 00 ff fe 00 00 00 00 00 00 00 00 00 00 00 00 00 00 ff fe 00 00 00 00 00 00 00 00
  @8004 nz=6 b14=00 00 00 00 00 00 00 ff fe 00 00 00 00 00 00 00 00 00 00 00 00 00 00 ff fe 00 00 00 00 00 00 00 00 00 00 00 00 00 00 ff fe 00 00 00 00 00 00 00 00 00 00
  @8006 nz=6 b14=00 00 00 00 00 ff fe 00 00 00 00 00 00 00 00 00 00 00 00 00 00 ff fe 00 00 00 00 00 00 00 00 00 00 00 00 00 00 ff fe 00 00 00 00 00 00 00 00 00 00 00 00
  @8008 nz=6 b14=00 00 00 ff fe 00 00 00 00 00 00 00 00 00 00 00 00 00 00 ff fe 00 00 00 00 00 00 00 00 00 00 00 00 00 00 ff fe 00 00 00 00 00 00 00 00 00 00 00 00 00 00
  @8010 nz=8 b14=00 ff fe 00 00 00 00 00 00 00 00 00 00 00 00 00 00 ff fe 00 00 00 00 00 00 00 00 00 00 00 00 00 00 ff fe 00 00 00 00 00 00 00 00 00 00 00 00 00 00 ff fe
  @8012 nz=6 b14=ff 00 00 00 00 00 00 00 00 00 00 00 00 00 00 ff fe 00 00 00 00 00 00 00 00 00 00 00 00 00 00 ff fe 00 00 00 00 00 00 00 00 00 00 00 00 00 00 ff fe 00 00
  @8014 nz=6 b14=00 00 00 00 00 00 00 00 00 00 00 00 00 ff fe 00 00 00 00 00 00 00 00 00 00 00 00 00 00 ff fe 00 00 00 00 00 00 00 00 00 00 00 00 00 00 ff fe 00 00 00 00
  @8016 nz=6 b14=00 00 00 00 00 00 00 00 00 00 00 ff fe 00 00 00 00 00 00 00 00 00 00 00 00 00 00 ff fe 00 00 00 00 00 00 00 00 00 00 00 00 00 00 ff fe 00 00 00 00 00 00
  @8018 nz=6 b14=00 00 00 00 00 00 00 00 00 ff fe 00 00 00 00 00 00 00 00 00 00 00 00 00 00 ff fe 00 00 00 00 00 00 00 00 00 00 00 00 00 00 ff fe 00 00 00 00 00 00 00 00
  @8020 nz=6 b14=00 00 00 00 00 00 00 ff fe 00 00 00 00 00 00 00 00 00 00 00 00 00 00 ff fe 00 00 00 00 00 00 00 00 00 00 00 00 00 00 ff fe 00 00 00 00 00 00 00 00 00 00
  @8022 nz=6 b14=00 00 00 00 00 ff fe 00 00 00 00 00 00 00 00 00 00 00 00 00 00 ff fe 00 00 00 00 00 00 00 00 00 00 00 00 00 00 ff fe 00 00 00 00 00 00 00 00 00 00 00 00
  @8024 nz=6 b14=00 00 00 ff fe 00 00 00 00 00 00 00 00 00 00 00 00 00 00 ff fe 00 00 00 00 00 00 00 00 00 00 00 00 00 00 ff fe 00 00 00 00 00 00 00 00 00 00 00 00 00 00
  @8026 nz=8 b14=00 ff fe 00 00 00 00 00 00 00 00 00 00 00 00 00 00 ff fe 00 00 00 00 00 00 00 00 00 00 00 00 00 00 ff fe 00 00 00 00 00 00 00 00 00 00 00 00 00 00 ff fe
  @8028 nz=6 b14=ff 00 00 00 00 00 00 00 00 00 00 00 00 00 00 ff fe 00 00 00 00 00 00 00 00 00 00 00 00 00 00 ff fe 00 00 00 00 00 00 00 00 00 00 00 00 00 00 ff fe 00 00
  @8030 nz=6 b14=00 00 00 00 00 00 00 00 00 00 00 00 00 ff fe 00 00 00 00 00 00 00 00 00 00 00 00 00 00 ff fe 00 00 00 00 00 00 00 00 00 00 00 00 00 00 ff fe 00 00 00 00
  @8032 nz=6 b14=00 00 00 00 00 00 00 00 00 00 00 ff fe 00 00 00 00 00 00 00 00 00 00 00 00 00 00 ff fe 00 00 00 00 00 00 00 00 00 00 00 00 00 00 ff fe 00 00 00 00 00 00
  @8034 nz=6 b14=00 00 00 00 00 00 00 00 00 ff fe 00 00 00 00 00 00 00 00 00 00 00 00 00 00 ff fe 00 00 00 00 00 00 00 00 00 00 00 00 00 00 ff fe 00 00 00 00 00 00 00 00
  @8036 nz=6 b14=00 00 00 00 00 00 00 ff fe 00 00 00 00 00 00 00 00 00 00 00 00 00 00 ff fe 00 00 00 00 00 00 00 00 00 00 00 00 00 00 ff fe 00 00 00 00 00 00 00 00 00 00
  @8038 nz=6 b14=00 00 00 00 00 ff fe 00 00 00 00 00 00 00 00 00 00 00 00 00 00 ff fe 00 00 00 00 00 00 00 00 00 00 00 00 00 00 ff fe 00 00 00 00 00 00 00 00 00 00 00 00
  @8040 nz=6 b14=00 00 00 ff fe 00 00 00 00 00 00 00 00 00 00 00 00 00 00 ff fe 00 00 00 00 00 00 00 00 00 00 00 00 00 00 ff fe 00 00 00 00 00 00 00 00 00 00 00 00 00 00
  @8042 nz=8 b14=00 ff fe 00 00 00 00 00 00 00 00 00 00 00 00 00 00 ff fe 00 00 00 00 00 00 00 00 00 00 00 00 00 00 ff fe 00 00 00 00 00 00 00 00 00 00 00 00 00 00 ff fe
  @8044 nz=6 b14=ff 00 00 00 00 00 00 00 00 00 00 00 00 00 00 ff fe 00 00 00 00 00 00 00 00 00 00 00 00 00 00 ff fe 00 00 00 00 00 00 00 00 00 00 00 00 00 00 ff fe 00 00
  @8046 nz=6 b14=00 00 00 00 00 00 00 00 00 00 00 00 00 ff fe 00 00 00 00 00 00 00 00 00 00 00 00 00 00 ff fe 00 00 00 00 00 00 00 00 00 00 00 00 00 00 ff fe 00 00 00 00
  @8048 nz=6 b14=00 00 00 00 00 00 00 00 00 00 00 ff fe 00 00 00 00 00 00 00 00 00 00 00 00 00 00 ff fe 00 00 00 00 00 00 00 00 00 00 00 00 00 00 ff fe 00 00 00 00 00 00
  @8050 nz=6 b14=00 00 00 00 00 00 00 00 00 ff fe 00 00 00 00 00 00 00 00 00 00 00 00 00 00 ff fe 00 00 00 00 00 00 00 00 00 00 00 00 00 00 ff fe 00 00 00 00 00 00 00 00
  @8052 nz=6 b14=00 00 00 00 00 00 00 ff fe 00 00 00 00 00 00 00 00 00 00 00 00 00 00 ff fe 00 00 00 00 00 00 00 00 00 00 00 00 00 00 ff fe 00 00 00 00 00 00 00 00 00 00
  @8054 nz=6 b14=00 00 00 00 00 ff fe 00 00 00 00 00 00 00 00 00 00 00 00 00 00 ff fe 00 00 00 00 00 00 00 00 00 00 00 00 00 00 ff fe 00 00 00 00 00 00 00 00 00 00 00 00
  @8056 nz=6 b14=00 00 00 ff fe 00 00 00 00 00 00 00 00 00 00 00 00 00 00 ff fe 00 00 00 00 00 00 00 00 00 00 00 00 00 00 ff fe 00 00 00 00 00 00 00 00 00 00 00 00 00 00
  @8058 nz=8 b14=00 ff fe 00 00 00 00 00 00 00 00 00 00 00 00 00 00 ff fe 00 00 00 00 00 00 00 00 00 00 00 00 00 00 ff fe 00 00 00 00 00 00 00 00 00 00 00 00 00 00 ff fe
  @8060 nz=6 b14=ff 00 00 00 00 00 00 00 00 00 00 00 00 00 00 ff fe 00 00 00 00 00 00 00 00 00 00 00 00 00 00 ff fe 00 00 00 00 00 00 00 00 00 00 00 00 00 00 ff fe 00 00
  @8062 nz=6 b14=00 00 00 00 00 00 00 00 00 00 00 00 00 ff fe 00 00 00 00 00 00 00 00 00 00 00 00 00 00 ff fe 00 00 00 00 00 00 00 00 00 00 00 00 00 00 ff fe 00 00 00 00
  @8064 nz=6 b14=00 00 00 00 00 00 00 00 00 00 00 ff fe 00 00 00 00 00 00 00 00 00 00 00 00 00 00 ff fe 00 00 00 00 00 00 00 00 00 00 00 00 00 00 ff fe 00 00 00 00 00 00
  @8066 nz=6 b14=00 00 00 00 00 00 00 00 00 ff fe 00 00 00 00 00 00 00 00 00 00 00 00 00 00 ff fe 00 00 00 00 00 00 00 00 00 00 00 00 00 00 ff fe 00 00 00 00 00 00 00 00
  @8068 nz=6 b14=00 00 00 00 00 00 00 ff fe 00 00 00 00 00 00 00 00 00 00 00 00 00 00 ff fe 00 00 00 00 00 00 00 00 00 00 00 00 00 00 ff fe 00 00 00 00 00 00 00 00 00 00
  @8070 nz=6 b14=00 00 00 00 00 ff fe 00 00 00 00 00 00 00 00 00 00 00 00 00 00 ff fe 00 00 00 00 00 00 00 00 00 00 00 00 00 00 ff fe 00 00 00 00 00 00 00 00 00 00 00 00
  @8072 nz=6 b14=00 00 00 ff fe 00 00 00 00 00 00 00 00 00 00 00 00 00 00 ff fe 00 00 00 00 00 00 00 00 00 00 00 00 00 00 ff fe 00 00 00 00 00 00 00 00 00 00 00 00 00 00
  @8074 nz=8 b14=00 ff fe 00 00 00 00 00 00 00 00 00 00 00 00 00 00 ff fe 00 00 00 00 00 00 00 00 00 00 00 00 00 00 ff fe 00 00 00 00 00 00 00 00 00 00 00 00 00 00 ff fe
  @8076 nz=6 b14=ff 00 00 00 00 00 00 00 00 00 00 00 00 00 00 ff fe 00 00 00 00 00 00 00 00 00 00 00 00 00 00 ff fe 00 00 00 00 00 00 00 00 00 00 00 00 00 00 ff fe 00 00
  @8078 nz=6 b14=00 00 00 00 00 00 00 00 00 00 00 00 00 ff fe 00 00 00 00 00 00 00 00 00 00 00 00 00 00 ff fe 00 00 00 00 00 00 00 00 00 00 00 00 00 00 ff fe 00 00 00 00
  @8080 nz=6 b14=00 00 00 00 00 00 00 00 00 00 00 ff fe 00 00 00 00 00 00 00 00 00 00 00 00 00 00 ff fe 00 00 00 00 00 00 00 00 00 00 00 00 00 00 ff fe 00 00 00 00 00 00
  @8082 nz=6 b14=00 00 00 00 00 00 00 00 00 ff fe 00 00 00 00 00 00 00 00 00 00 00 00 00 00 ff fe 00 00 00 00 00 00 00 00 00 00 00 00 00 00 ff fe 00 00 00 00 00 00 00 00
  @8084 nz=6 b14=00 00 00 00 00 00 00 ff fe 00 00 00 00 00 00 00 00 00 00 00 00 00 00 ff fe 00 00 00 00 00 00 00 00 00 00 00 00 00 00 ff fe 00 00 00 00 00 00 00 00 00 00
  @8086 nz=6 b14=00 00 00 00 00 ff fe 00 00 00 00 00 00 00 00 00 00 00 00 00 00 ff fe 00 00 00 00 00 00 00 00 00 00 00 00 00 00 ff fe 00 00 00 00 00 00 00 00 00 00 00 00
  @8088 nz=6 b14=00 00 00 ff fe 00 00 00 00 00 00 00 00 00 00 00 00 00 00 ff fe 00 00 00 00 00 00 00 00 00 00 00 00 00 00 ff fe 00 00 00 00 00 00 00 00 00 00 00 00 00 00
  @8090 nz=8 b14=00 ff fe 00 00 00 00 00 00 00 00 00 00 00 00 00 00 ff fe 00 00 00 00 00 00 00 00 00 00 00 00 00 00 ff fe 00 00 00 00 00 00 00 00 00 00 00 00 00 00 ff fe
  @8092 nz=6 b14=ff 00 00 00 00 00 00 00 00 00 00 00 00 00 00 ff fe 00 00 00 00 00 00 00 00 00 00 00 00 00 00 ff fe 00 00 00 00 00 00 00 00 00 00 00 00 00 00 ff fe 00 00
  @8094 nz=6 b14=00 00 00 00 00 00 00 00 00 00 00 00 00 ff fe 00 00 00 00 00 00 00 00 00 00 00 00 00 00 ff fe 00 00 00 00 00 00 00 00 00 00 00 00 00 00 ff fe 00 00 00 00
  @8096 nz=6 b14=00 00 00 00 00 00 00 00 00 00 00 ff fe 00 00 00 00 00 00 00 00 00 00 00 00 00 00 ff fe 00 00 00 00 00 00 00 00 00 00 00 00 00 00 ff fe 00 00 00 00 00 00
  @8098 nz=6 b14=00 00 00 00 00 00 00 00 00 ff fe 00 00 00 00 00 00 00 00 00 00 00 00 00 00 ff fe 00 00 00 00 00 00 00 00 00 00 00 00 00 00 ff fe 00 00 00 00 00 00 00 00
  @8100 nz=6 b14=00 00 00 00 00 00 00 ff fe 00 00 00 00 00 00 00 00 00 00 00 00 00 00 ff fe 00 00 00 00 00 00 00 00 00 00 00 00 00 00 ff fe 00 00 00 00 00 00 00 00 00 00
  @8102 nz=6 b14=00 00 00 00 00 ff fe 00 00 00 00 00 00 00 00 00 00 00 00 00 00 ff fe 00 00 00 00 00 00 00 00 00 00 00 00 00 00 ff fe 00 00 00 00 00 00 00 00 00 00 00 00
  @8104 nz=6 b14=00 00 00 ff fe 00 00 00 00 00 00 00 00 00 00 00 00 00 00 ff fe 00 00 00 00 00 00 00 00 00 00 00 00 00 00 ff fe 00 00 00 00 00 00 00 00 00 00 00 00 00 00
  @8106 nz=8 b14=00 ff fe 00 00 00 00 00 00 00 00 00 00 00 00 00 00 ff fe 00 00 00 00 00 00 00 00 00 00 00 00 00 00 ff fe 00 00 00 00 00 00 00 00 00 00 00 00 00 00 ff fe
  @8108 nz=6 b14=ff 00 00 00 00 00 00 00 00 00 00 00 00 00 00 ff fe 00 00 00 00 00 00 00 00 00 00 00 00 00 00 ff fe 00 00 00 00 00 00 00 00 00 00 00 00 00 00 ff fe 00 00
  @8110 nz=6 b14=00 00 00 00 00 00 00 00 00 00 00 00 00 ff fe 00 00 00 00 00 00 00 00 00 00 00 00 00 00 ff fe 00 00 00 00 00 00 00 00 00 00 00 00 00 00 ff fe 00 00 00 00
  @8112 nz=6 b14=00 00 00 00 00 00 00 00 00 00 00 ff fe 00 00 00 00 00 00 00 00 00 00 00 00 00 00 ff fe 00 00 00 00 00 00 00 00 00 00 00 00 00 00 ff fe 00 00 00 00 00 00
  @8114 nz=6 b14=00 00 00 00 00 00 00 00 00 ff fe 00 00 00 00 00 00 00 00 00 00 00 00 00 00 ff fe 00 00 00 00 00 00 00 00 00 00 00 00 00 00 ff fe 00 00 00 00 00 00 00 00
  @8116 nz=6 b14=00 00 00 00 00 00 00 ff fe 00 00 00 00 00 00 00 00 00 00 00 00 00 00 ff fe 00 00 00 00 00 00 00 00 00 00 00 00 00 00 ff fe 00 00 00 00 00 00 00 00 00 00
  @8118 nz=6 b14=00 00 00 00 00 ff fe 00 00 00 00 00 00 00 00 00 00 00 00 00 00 ff fe 00 00 00 00 00 00 00 00 00 00 00 00 00 00 ff fe 00 00 00 00 00 00 00 00 00 00 00 00
  @8120 nz=6 b14=00 00 00 ff fe 00 00 00 00 00 00 00 00 00 00 00 00 00 00 ff fe 00 00 00 00 00 00 00 00 00 00 00 00 00 00 ff fe 00 00 00 00 00 00 00 00 00 00 00 00 00 00
  @8122 nz=8 b14=00 ff fe 00 00 00 00 00 00 00 00 00 00 00 00 00 00 ff fe 00 00 00 00 00 00 00 00 00 00 00 00 00 00 ff fe 00 00 00 00 00 00 00 00 00 00 00 00 00 00 ff fe
  @8124 nz=6 b14=ff 00 00 00 00 00 00 00 00 00 00 00 00 00 00 ff fe 00 00 00 00 00 00 00 00 00 00 00 00 00 00 ff fe 00 00 00 00 00 00 00 00 00 00 00 00 00 00 ff fe 00 00
  @8126 nz=6 b14=00 00 00 00 00 00 00 00 00 00 00 00 00 ff fe 00 00 00 00 00 00 00 00 00 00 00 00 00 00 ff fe 00 00 00 00 00 00 00 00 00 00 00 00 00 00 ff fe 00 00 00 00
  @8128 nz=6 b14=00 00 00 00 00 00 00 00 00 00 00 ff fe 00 00 00 00 00 00 00 00 00 00 00 00 00 00 ff fe 00 00 00 00 00 00 00 00 00 00 00 00 00 00 ff fe 00 00 00 00 00 00
  @8130 nz=6 b14=00 00 00 00 00 00 00 00 00 ff fe 00 00 00 00 00 00 00 00 00 00 00 00 00 00 ff fe 00 00 00 00 00 00 00 00 00 00 00 00 00 00 ff fe 00 00 00 00 00 00 00 00
  @8132 nz=6 b14=00 00 00 00 00 00 00 ff fe 00 00 00 00 00 00 00 00 00 00 00 00 00 00 ff fe 00 00 00 00 00 00 00 00 00 00 00 00 00 00 ff fe 00 00 00 00 00 00 00 00 00 00
  @8134 nz=6 b14=00 00 00 00 00 ff fe 00 00 00 00 00 00 00 00 00 00 00 00 00 00 ff fe 00 00 00 00 00 00 00 00 00 00 00 00 00 00 ff fe 00 00 00 00 00 00 00 00 00 00 00 00
  @8136 nz=6 b14=00 00 00 ff fe 00 00 00 00 00 00 00 00 00 00 00 00 00 00 ff fe 00 00 00 00 00 00 00 00 00 00 00 00 00 00 ff fe 00 00 00 00 00 00 00 00 00 00 00 00 00 00
  @8138 nz=8 b14=00 ff fe 00 00 00 00 00 00 00 00 00 00 00 00 00 00 ff fe 00 00 00 00 00 00 00 00 00 00 00 00 00 00 ff fe 00 00 00 00 00 00 00 00 00 00 00 00 00 00 ff fe
  @8140 nz=6 b14=ff 00 00 00 00 00 00 00 00 00 00 00 00 00 00 ff fe 00 00 00 00 00 00 00 00 00 00 00 00 00 00 ff fe 00 00 00 00 00 00 00 00 00 00 00 00 00 00 ff fe 00 00
  @8142 nz=6 b14=00 00 00 00 00 00 00 00 00 00 00 00 00 ff fe 00 00 00 00 00 00 00 00 00 00 00 00 00 00 ff fe 00 00 00 00 00 00 00 00 00 00 00 00 00 00 ff fe 00 00 00 00
  @8144 nz=6 b14=00 00 00 00 00 00 00 00 00 00 00 ff fe 00 00 00 00 00 00 00 00 00 00 00 00 00 00 ff fe 00 00 00 00 00 00 00 00 00 00 00 00 00 00 ff fe 00 00 00 00 00 00
  @8146 nz=6 b14=00 00 00 00 00 00 00 00 00 ff fe 00 00 00 00 00 00 00 00 00 00 00 00 00 00 ff fe 00 00 00 00 00 00 00 00 00 00 00 00 00 00 ff fe 00 00 00 00 00 00 00 00
  @8148 nz=6 b14=00 00 00 00 00 00 00 ff fe 00 00 00 00 00 00 00 00 00 00 00 00 00 00 ff fe 00 00 00 00 00 00 00 00 00 00 00 00 00 00 ff fe 00 00 00 00 00 00 00 00 00 00
  @8150 nz=6 b14=00 00 00 00 00 ff fe 00 00 00 00 00 00 00 00 00 00 00 00 00 00 ff fe 00 00 00 00 00 00 00 00 00 00 00 00 00 00 ff fe 00 00 00 00 00 00 00 00 00 00 00 00
  @8152 nz=6 b14=00 00 00 ff fe 00 00 00 00 00 00 00 00 00 00 00 00 00 00 ff fe 00 00 00 00 00 00 00 00 00 00 00 00 00 00 ff fe 00 00 00 00 00 00 00 00 00 00 00 00 00 00
  @8154 nz=8 b14=00 ff fe 00 00 00 00 00 00 00 00 00 00 00 00 00 00 ff fe 00 00 00 00 00 00 00 00 00 00 00 00 00 00 ff fe 00 00 00 00 00 00 00 00 00 00 00 00 00 00 ff fe
  @8156 nz=6 b14=ff 00 00 00 00 00 00 00 00 00 00 00 00 00 00 ff fe 00 00 00 00 00 00 00 00 00 00 00 00 00 00 ff fe 00 00 00 00 00 00 00 00 00 00 00 00 00 00 ff fe 00 00
  @8158 nz=6 b14=00 00 00 00 00 00 00 00 00 00 00 00 00 ff fe 00 00 00 00 00 00 00 00 00 00 00 00 00 00 ff fe 00 00 00 00 00 00 00 00 00 00 00 00 00 00 ff fe 00 00 00 00
  @8160 nz=6 b14=00 00 00 00 00 00 00 00 00 00 00 ff fe 00 00 00 00 00 00 00 00 00 00 00 00 00 00 ff fe 00 00 00 00 00 00 00 00 00 00 00 00 00 00 ff fe 00 00 00 00 00 00
  @8162 nz=6 b14=00 00 00 00 00 00 00 00 00 ff fe 00 00 00 00 00 00 00 00 00 00 00 00 00 00 ff fe 00 00 00 00 00 00 00 00 00 00 00 00 00 00 ff fe 00 00 00 00 00 00 00 00
  @8164 nz=6 b14=00 00 00 00 00 00 00 ff fe 00 00 00 00 00 00 00 00 00 00 00 00 00 00 ff fe 00 00 00 00 00 00 00 00 00 00 00 00 00 00 ff fe 00 00 00 00 00 00 00 00 00 00
  @8166 nz=6 b14=00 00 00 00 00 ff fe 00 00 00 00 00 00 00 00 00 00 00 00 00 00 ff fe 00 00 00 00 00 00 00 00 00 00 00 00 00 00 ff fe 00 00 00 00 00 00 00 00 00 00 00 00
  @8168 nz=6 b14=00 00 00 ff fe 00 00 00 00 00 00 00 00 00 00 00 00 00 00 ff fe 00 00 00 00 00 00 00 00 00 00 00 00 00 00 ff fe 00 00 00 00 00 00 00 00 00 00 00 00 00 00
  @8170 nz=8 b14=00 ff fe 00 00 00 00 00 00 00 00 00 00 00 00 00 00 ff fe 00 00 00 00 00 00 00 00 00 00 00 00 00 00 ff fe 00 00 00 00 00 00 00 00 00 00 00 00 00 00 ff fe
  @8172 nz=6 b14=ff 00 00 00 00 00 00 00 00 00 00 00 00 00 00 ff fe 00 00 00 00 00 00 00 00 00 00 00 00 00 00 ff fe 00 00 00 00 00 00 00 00 00 00 00 00 00 00 ff fe 00 00
  @8174 nz=6 b14=00 00 00 00 00 00 00 00 00 00 00 00 00 ff fe 00 00 00 00 00 00 00 00 00 00 00 00 00 00 ff fe 00 00 00 00 00 00 00 00 00 00 00 00 00 00 ff fe 00 00 00 00
  @8176 nz=6 b14=00 00 00 00 00 00 00 00 00 00 00 ff fe 00 00 00 00 00 00 00 00 00 00 00 00 00 00 ff fe 00 00 00 00 00 00 00 00 00 00 00 00 00 00 ff fe 00 00 00 00 00 00
  @8178 nz=6 b14=00 00 00 00 00 00 00 00 00 ff fe 00 00 00 00 00 00 00 00 00 00 00 00 00 00 ff fe 00 00 00 00 00 00 00 00 00 00 00 00 00 00 ff fe 00 00 00 00 00 00 00 00
  @8180 nz=6 b14=00 00 00 00 00 00 00 ff fe 00 00 00 00 00 00 00 00 00 00 00 00 00 00 ff fe 00 00 00 00 00 00 00 00 00 00 00 00 00 00 ff fe 00 00 00 00 00 00 00 00 00 00
  @8182 nz=6 b14=00 00 00 00 00 ff fe 00 00 00 00 00 00 00 00 00 00 00 00 00 00 ff fe 00 00 00 00 00 00 00 00 00 00 00 00 00 00 ff fe 00 00 00 00 00 00 00 00 00 00 00 00
  @8184 nz=6 b14=00 00 00 ff fe 00 00 00 00 00 00 00 00 00 00 00 00 00 00 ff fe 00 00 00 00 00 00 00 00 00 00 00 00 00 00 ff fe 00 00 00 00 00 00 00 00 00 00 00 00 00 00
  @8186 nz=8 b14=00 ff fe 00 00 00 00 00 00 00 00 00 00 00 00 00 00 ff fe 00 00 00 00 00 00 00 00 00 00 00 00 00 00 ff fe 00 00 00 00 00 00 00 00 00 00 00 00 00 00 ff fe
  @8188 nz=6 b14=ff 00 00 00 00 00 00 00 00 00 00 00 00 00 00 ff fe 00 00 00 00 00 00 00 00 00 00 00 00 00 00 ff fe 00 00 00 00 00 00 00 00 00 00 00 00 00 00 ff fe 00 00
  @8190 nz=6 b14=00 00 00 00 00 00 00 00 00 00 00 00 00 ff fe 00 00 00 00 00 00 00 00 00 00 00 00 00 00 ff fe 00 00 00 00 00 00 00 00 00 00 00 00 00 00 ff fe 00 00 00 00
  @8192 nz=6 b14=00 00 00 00 00 00 00 00 00 00 00 ff fe 00 00 00 00 00 00 00 00 00 00 00 00 00 00 ff fe 00 00 00 00 00 00 00 00 00 00 00 00 00 00 ff fe 00 00 00 00 00 00
  @8194 nz=6 b14=00 00 00 00 00 00 00 00 00 ff fe 00 00 00 00 00 00 00 00 00 00 00 00 00 00 ff fe 00 00 00 00 00 00 00 00 00 00 00 00 00 00 ff fe 00 00 00 00 00 00 00 00
  @8196 nz=6 b14=00 00 00 00 00 00 00 ff fe 00 00 00 00 00 00 00 00 00 00 00 00 00 00 ff fe 00 00 00 00 00 00 00 00 00 00 00 00 00 00 ff fe 00 00 00 00 00 00 00 00 00 00
  @8198 nz=6 b14=00 00 00 00 00 ff fe 00 00 00 00 00 00 00 00 00 00 00 00 00 00 ff fe 00 00 00 00 00 00 00 00 00 00 00 00 00 00 ff fe 00 00 00 00 00 00 00 00 00 00 00 00
  @8200 nz=6 b14=00 00 00 ff fe 00 00 00 00 00 00 00 00 00 00 00 00 00 00 ff fe 00 00 00 00 00 00 00 00 00 00 00 00 00 00 ff fe 00 00 00 00 00 00 00 00 00 00 00 00 00 00
  @8202 nz=8 b14=00 ff fe 00 00 00 00 00 00 00 00 00 00 00 00 00 00 ff fe 00 00 00 00 00 00 00 00 00 00 00 00 00 00 ff fe 00 00 00 00 00 00 00 00 00 00 00 00 00 00 ff fe
  @8204 nz=6 b14=ff 00 00 00 00 00 00 00 00 00 00 00 00 00 00 ff fe 00 00 00 00 00 00 00 00 00 00 00 00 00 00 ff fe 00 00 00 00 00 00 00 00 00 00 00 00 00 00 ff fe 00 00
  @8206 nz=6 b14=00 00 00 00 00 00 00 00 00 00 00 00 00 ff fe 00 00 00 00 00 00 00 00 00 00 00 00 00 00 ff fe 00 00 00 00 00 00 00 00 00 00 00 00 00 00 ff fe 00 00 00 00
  @8208 nz=6 b14=00 00 00 00 00 00 00 00 00 00 00 ff fe 00 00 00 00 00 00 00 00 00 00 00 00 00 00 ff fe 00 00 00 00 00 00 00 00 00 00 00 00 00 00 ff fe 00 00 00 00 00 00
  @8210 nz=6 b14=00 00 00 00 00 00 00 00 00 ff fe 00 00 00 00 00 00 00 00 00 00 00 00 00 00 ff fe 00 00 00 00 00 00 00 00 00 00 00 00 00 00 ff fe 00 00 00 00 00 00 00 00
  @8212 nz=6 b14=00 00 00 00 00 00 00 ff fe 00 00 00 00 00 00 00 00 00 00 00 00 00 00 ff fe 00 00 00 00 00 00 00 00 00 00 00 00 00 00 ff fe 00 00 00 00 00 00 00 00 00 00
  @8214 nz=6 b14=00 00 00 00 00 ff fe 00 00 00 00 00 00 00 00 00 00 00 00 00 00 ff fe 00 00 00 00 00 00 00 00 00 00 00 00 00 00 ff fe 00 00 00 00 00 00 00 00 00 00 00 00
  @8216 nz=6 b14=00 00 00 ff fe 00 00 00 00 00 00 00 00 00 00 00 00 00 00 ff fe 00 00 00 00 00 00 00 00 00 00 00 00 00 00 ff fe 00 00 00 00 00 00 00 00 00 00 00 00 00 00
  @8218 nz=8 b14=00 ff fe 00 00 00 00 00 00 00 00 00 00 00 00 00 00 ff fe 00 00 00 00 00 00 00 00 00 00 00 00 00 00 ff fe 00 00 00 00 00 00 00 00 00 00 00 00 00 00 ff fe
  @8220 nz=6 b14=ff 00 00 00 00 00 00 00 00 00 00 00 00 00 00 ff fe 00 00 00 00 00 00 00 00 00 00 00 00 00 00 ff fe 00 00 00 00 00 00 00 00 00 00 00 00 00 00 ff fe 00 00
  @8222 nz=6 b14=00 00 00 00 00 00 00 00 00 00 00 00 00 ff fe 00 00 00 00 00 00 00 00 00 00 00 00 00 00 ff fe 00 00 00 00 00 00 00 00 00 00 00 00 00 00 ff fe 00 00 00 00
  @8224 nz=6 b14=00 00 00 00 00 00 00 00 00 00 00 ff fe 00 00 00 00 00 00 00 00 00 00 00 00 00 00 ff fe 00 00 00 00 00 00 00 00 00 00 00 00 00 00 ff fe 00 00 00 00 00 00
  @8226 nz=6 b14=00 00 00 00 00 00 00 00 00 ff fe 00 00 00 00 00 00 00 00 00 00 00 00 00 00 ff fe 00 00 00 00 00 00 00 00 00 00 00 00 00 00 ff fe 00 00 00 00 00 00 00 00
  @8228 nz=6 b14=00 00 00 00 00 00 00 ff fe 00 00 00 00 00 00 00 00 00 00 00 00 00 00 ff fe 00 00 00 00 00 00 00 00 00 00 00 00 00 00 ff fe 00 00 00 00 00 00 00 00 00 00
  @8230 nz=6 b14=00 00 00 00 00 ff fe 00 00 00 00 00 00 00 00 00 00 00 00 00 00 ff fe 00 00 00 00 00 00 00 00 00 00 00 00 00 00 ff fe 00 00 00 00 00 00 00 00 00 00 00 00
  @8232 nz=6 b14=00 00 00 ff fe 00 00 00 00 00 00 00 00 00 00 00 00 00 00 ff fe 00 00 00 00 00 00 00 00 00 00 00 00 00 00 ff fe 00 00 00 00 00 00 00 00 00 00 00 00 00 00
  @8234 nz=8 b14=00 ff fe 00 00 00 00 00 00 00 00 00 00 00 00 00 00 ff fe 00 00 00 00 00 00 00 00 00 00 00 00 00 00 ff fe 00 00 00 00 00 00 00 00 00 00 00 00 00 00 ff fe
  @8236 nz=6 b14=ff 00 00 00 00 00 00 00 00 00 00 00 00 00 00 ff fe 00 00 00 00 00 00 00 00 00 00 00 00 00 00 ff fe 00 00 00 00 00 00 00 00 00 00 00 00 00 00 ff fe 00 00
  @8238 nz=6 b14=00 00 00 00 00 00 00 00 00 00 00 00 00 ff fe 00 00 00 00 00 00 00 00 00 00 00 00 00 00 ff fe 00 00 00 00 00 00 00 00 00 00 00 00 00 00 ff fe 00 00 00 00
  @8240 nz=6 b14=00 00 00 00 00 00 00 00 00 00 00 ff fe 00 00 00 00 00 00 00 00 00 00 00 00 00 00 ff fe 00 00 00 00 00 00 00 00 00 00 00 00 00 00 ff fe 00 00 00 00 00 00
  @8242 nz=6 b14=00 00 00 00 00 00 00 00 00 ff fe 00 00 00 00 00 00 00 00 00 00 00 00 00 00 ff fe 00 00 00 00 00 00 00 00 00 00 00 00 00 00 ff fe 00 00 00 00 00 00 00 00
  @8244 nz=6 b14=00 00 00 00 00 00 00 ff fe 00 00 00 00 00 00 00 00 00 00 00 00 00 00 ff fe 00 00 00 00 00 00 00 00 00 00 00 00 00 00 ff fe 00 00 00 00 00 00 00 00 00 00
  @8246 nz=6 b14=00 00 00 00 00 ff fe 00 00 00 00 00 00 00 00 00 00 00 00 00 00 ff fe 00 00 00 00 00 00 00 00 00 00 00 00 00 00 ff fe 00 00 00 00 00 00 00 00 00 00 00 00
  @8248 nz=6 b14=00 00 00 ff fe 00 00 00 00 00 00 00 00 00 00 00 00 00 00 ff fe 00 00 00 00 00 00 00 00 00 00 00 00 00 00 ff fe 00 00 00 00 00 00 00 00 00 00 00 00 00 00
  @8250 nz=8 b14=00 ff fe 00 00 00 00 00 00 00 00 00 00 00 00 00 00 ff fe 00 00 00 00 00 00 00 00 00 00 00 00 00 00 ff fe 00 00 00 00 00 00 00 00 00 00 00 00 00 00 ff fe
  @8252 nz=6 b14=ff 00 00 00 00 00 00 00 00 00 00 00 00 00 00 ff fe 00 00 00 00 00 00 00 00 00 00 00 00 00 00 ff fe 00 00 00 00 00 00 00 00 00 00 00 00 00 00 ff fe 00 00
  @8254 nz=6 b14=00 00 00 00 00 00 00 00 00 00 00 00 00 ff fe 00 00 00 00 00 00 00 00 00 00 00 00 00 00 ff fe 00 00 00 00 00 00 00 00 00 00 00 00 00 00 ff fe 00 00 00 00
  @8256 nz=6 b14=00 00 00 00 00 00 00 00 00 00 00 ff fe 00 00 00 00 00 00 00 00 00 00 00 00 00 00 ff fe 00 00 00 00 00 00 00 00 00 00 00 00 00 00 ff fe 00 00 00 00 00 00
  @8258 nz=6 b14=00 00 00 00 00 00 00 00 00 ff fe 00 00 00 00 00 00 00 00 00 00 00 00 00 00 ff fe 00 00 00 00 00 00 00 00 00 00 00 00 00 00 ff fe 00 00 00 00 00 00 00 00
  @8260 nz=6 b14=00 00 00 00 00 00 00 ff fe 00 00 00 00 00 00 00 00 00 00 00 00 00 00 ff fe 00 00 00 00 00 00 00 00 00 00 00 00 00 00 ff fe 00 00 00 00 00 00 00 00 00 00
  @8262 nz=6 b14=00 00 00 00 00 ff fe 00 00 00 00 00 00 00 00 00 00 00 00 00 00 ff fe 00 00 00 00 00 00 00 00 00 00 00 00 00 00 ff fe 00 00 00 00 00 00 00 00 00 00 00 00
  @8264 nz=6 b14=00 00 00 ff fe 00 00 00 00 00 00 00 00 00 00 00 00 00 00 ff fe 00 00 00 00 00 00 00 00 00 00 00 00 00 00 ff fe 00 00 00 00 00 00 00 00 00 00 00 00 00 00
  @8266 nz=8 b14=00 ff fe 00 00 00 00 00 00 00 00 00 00 00 00 00 00 ff fe 00 00 00 00 00 00 00 00 00 00 00 00 00 00 ff fe 00 00 00 00 00 00 00 00 00 00 00 00 00 00 ff fe
  @8268 nz=6 b14=ff 00 00 00 00 00 00 00 00 00 00 00 00 00 00 ff fe 00 00 00 00 00 00 00 00 00 00 00 00 00 00 ff fe 00 00 00 00 00 00 00 00 00 00 00 00 00 00 ff fe 00 00
  @8270 nz=6 b14=00 00 00 00 00 00 00 00 00 00 00 00 00 ff fe 00 00 00 00 00 00 00 00 00 00 00 00 00 00 ff fe 00 00 00 00 00 00 00 00 00 00 00 00 00 00 ff fe 00 00 00 00
  @8272 nz=6 b14=00 00 00 00 00 00 00 00 00 00 00 ff fe 00 00 00 00 00 00 00 00 00 00 00 00 00 00 ff fe 00 00 00 00 00 00 00 00 00 00 00 00 00 00 ff fe 00 00 00 00 00 00
  @8274 nz=6 b14=00 00 00 00 00 00 00 00 00 ff fe 00 00 00 00 00 00 00 00 00 00 00 00 00 00 ff fe 00 00 00 00 00 00 00 00 00 00 00 00 00 00 ff fe 00 00 00 00 00 00 00 00
  @8276 nz=6 b14=00 00 00 00 00 00 00 ff fe 00 00 00 00 00 00 00 00 00 00 00 00 00 00 ff fe 00 00 00 00 00 00 00 00 00 00 00 00 00 00 ff fe 00 00 00 00 00 00 00 00 00 00
  @8278 nz=6 b14=00 00 00 00 00 ff fe 00 00 00 00 00 00 00 00 00 00 00 00 00 00 ff fe 00 00 00 00 00 00 00 00 00 00 00 00 00 00 ff fe 00 00 00 00 00 00 00 00 00 00 00 00
  @8280 nz=6 b14=00 00 00 ff fe 00 00 00 00 00 00 00 00 00 00 00 00 00 00 ff fe 00 00 00 00 00 00 00 00 00 00 00 00 00 00 ff fe 00 00 00 00 00 00 00 00 00 00 00 00 00 00
  @8282 nz=8 b14=00 ff fe 00 00 00 00 00 00 00 00 00 00 00 00 00 00 ff fe 00 00 00 00 00 00 00 00 00 00 00 00 00 00 ff fe 00 00 00 00 00 00 00 00 00 00 00 00 00 00 ff fe
  @8284 nz=6 b14=ff 00 00 00 00 00 00 00 00 00 00 00 00 00 00 ff fe 00 00 00 00 00 00 00 00 00 00 00 00 00 00 ff fe 00 00 00 00 00 00 00 00 00 00 00 00 00 00 ff fe 00 00
  @8286 nz=6 b14=00 00 00 00 00 00 00 00 00 00 00 00 00 ff fe 00 00 00 00 00 00 00 00 00 00 00 00 00 00 ff fe 00 00 00 00 00 00 00 00 00 00 00 00 00 00 ff fe 00 00 00 00
  @8288 nz=6 b14=00 00 00 00 00 00 00 00 00 00 00 ff fe 00 00 00 00 00 00 00 00 00 00 00 00 00 00 ff fe 00 00 00 00 00 00 00 00 00 00 00 00 00 00 ff fe 00 00 00 00 00 00
  @8290 nz=6 b14=00 00 00 00 00 00 00 00 00 ff fe 00 00 00 00 00 00 00 00 00 00 00 00 00 00 ff fe 00 00 00 00 00 00 00 00 00 00 00 00 00 00 ff fe 00 00 00 00 00 00 00 00
  @8292 nz=6 b14=00 00 00 00 00 00 00 ff fe 00 00 00 00 00 00 00 00 00 00 00 00 00 00 ff fe 00 00 00 00 00 00 00 00 00 00 00 00 00 00 ff fe 00 00 00 00 00 00 00 00 00 00
  @8294 nz=6 b14=00 00 00 00 00 ff fe 00 00 00 00 00 00 00 00 00 00 00 00 00 00 ff fe 00 00 00 00 00 00 00 00 00 00 00 00 00 00 ff fe 00 00 00 00 00 00 00 00 00 00 00 00
  @8296 nz=6 b14=00 00 00 ff fe 00 00 00 00 00 00 00 00 00 00 00 00 00 00 ff fe 00 00 00 00 00 00 00 00 00 00 00 00 00 00 ff fe 00 00 00 00 00 00 00 00 00 00 00 00 00 00
  @8298 nz=8 b14=00 ff fe 00 00 00 00 00 00 00 00 00 00 00 00 00 00 ff fe 00 00 00 00 00 00 00 00 00 00 00 00 00 00 ff fe 00 00 00 00 00 00 00 00 00 00 00 00 00 00 ff fe
  @8300 nz=6 b14=ff 00 00 00 00 00 00 00 00 00 00 00 00 00 00 ff fe 00 00 00 00 00 00 00 00 00 00 00 00 00 00 ff fe 00 00 00 00 00 00 00 00 00 00 00 00 00 00 ff fe 00 00
  @8302 nz=6 b14=00 00 00 00 00 00 00 00 00 00 00 00 00 ff fe 00 00 00 00 00 00 00 00 00 00 00 00 00 00 ff fe 00 00 00 00 00 00 00 00 00 00 00 00 00 00 ff fe 00 00 00 00
  @8304 nz=6 b14=00 00 00 00 00 00 00 00 00 00 00 ff fe 00 00 00 00 00 00 00 00 00 00 00 00 00 00 ff fe 00 00 00 00 00 00 00 00 00 00 00 00 00 00 ff fe 00 00 00 00 00 00
  @8306 nz=6 b14=00 00 00 00 00 00 00 00 00 ff fe 00 00 00 00 00 00 00 00 00 00 00 00 00 00 ff fe 00 00 00 00 00 00 00 00 00 00 00 00 00 00 ff fe 00 00 00 00 00 00 00 00
  @8308 nz=6 b14=00 00 00 00 00 00 00 ff fe 00 00 00 00 00 00 00 00 00 00 00 00 00 00 ff fe 00 00 00 00 00 00 00 00 00 00 00 00 00 00 ff fe 00 00 00 00 00 00 00 00 00 00
  @8310 nz=6 b14=00 00 00 00 00 ff fe 00 00 00 00 00 00 00 00 00 00 00 00 00 00 ff fe 00 00 00 00 00 00 00 00 00 00 00 00 00 00 ff fe 00 00 00 00 00 00 00 00 00 00 00 00
  @8312 nz=6 b14=00 00 00 ff fe 00 00 00 00 00 00 00 00 00 00 00 00 00 00 ff fe 00 00 00 00 00 00 00 00 00 00 00 00 00 00 ff fe 00 00 00 00 00 00 00 00 00 00 00 00 00 00
  @8314 nz=8 b14=00 ff fe 00 00 00 00 00 00 00 00 00 00 00 00 00 00 ff fe 00 00 00 00 00 00 00 00 00 00 00 00 00 00 ff fe 00 00 00 00 00 00 00 00 00 00 00 00 00 00 ff fe
  @8316 nz=6 b14=ff 00 00 00 00 00 00 00 00 00 00 00 00 00 00 ff fe 00 00 00 00 00 00 00 00 00 00 00 00 00 00 ff fe 00 00 00 00 00 00 00 00 00 00 00 00 00 00 ff fe 00 00
  @8318 nz=6 b14=00 00 00 00 00 00 00 00 00 00 00 00 00 ff fe 00 00 00 00 00 00 00 00 00 00 00 00 00 00 ff fe 00 00 00 00 00 00 00 00 00 00 00 00 00 00 ff fe 00 00 00 00
  @8320 nz=6 b14=00 00 00 00 00 00 00 00 00 00 00 ff fe 00 00 00 00 00 00 00 00 00 00 00 00 00 00 ff fe 00 00 00 00 00 00 00 00 00 00 00 00 00 00 ff fe 00 00 00 00 00 00
  @8322 nz=6 b14=00 00 00 00 00 00 00 00 00 ff fe 00 00 00 00 00 00 00 00 00 00 00 00 00 00 ff fe 00 00 00 00 00 00 00 00 00 00 00 00 00 00 ff fe 00 00 00 00 00 00 00 00
  @8324 nz=6 b14=00 00 00 00 00 00 00 ff fe 00 00 00 00 00 00 00 00 00 00 00 00 00 00 ff fe 00 00 00 00 00 00 00 00 00 00 00 00 00 00 ff fe 00 00 00 00 00 00 00 00 00 00
  @8326 nz=6 b14=00 00 00 00 00 ff fe 00 00 00 00 00 00 00 00 00 00 00 00 00 00 ff fe 00 00 00 00 00 00 00 00 00 00 00 00 00 00 ff fe 00 00 00 00 00 00 00 00 00 00 00 00
  @8328 nz=6 b14=00 00 00 ff fe 00 00 00 00 00 00 00 00 00 00 00 00 00 00 ff fe 00 00 00 00 00 00 00 00 00 00 00 00 00 00 ff fe 00 00 00 00 00 00 00 00 00 00 00 00 00 00
  @8330 nz=8 b14=00 ff fe 00 00 00 00 00 00 00 00 00 00 00 00 00 00 ff fe 00 00 00 00 00 00 00 00 00 00 00 00 00 00 ff fe 00 00 00 00 00 00 00 00 00 00 00 00 00 00 ff fe
  @8332 nz=6 b14=ff 00 00 00 00 00 00 00 00 00 00 00 00 00 00 ff fe 00 00 00 00 00 00 00 00 00 00 00 00 00 00 ff fe 00 00 00 00 00 00 00 00 00 00 00 00 00 00 ff fe 00 00
  @8334 nz=6 b14=00 00 00 00 00 00 00 00 00 00 00 00 00 ff fe 00 00 00 00 00 00 00 00 00 00 00 00 00 00 ff fe 00 00 00 00 00 00 00 00 00 00 00 00 00 00 ff fe 00 00 00 00
  @8336 nz=6 b14=00 00 00 00 00 00 00 00 00 00 00 ff fe 00 00 00 00 00 00 00 00 00 00 00 00 00 00 ff fe 00 00 00 00 00 00 00 00 00 00 00 00 00 00 ff fe 00 00 00 00 00 00
  @8338 nz=6 b14=00 00 00 00 00 00 00 00 00 ff fe 00 00 00 00 00 00 00 00 00 00 00 00 00 00 ff fe 00 00 00 00 00 00 00 00 00 00 00 00 00 00 ff fe 00 00 00 00 00 00 00 00
  @8340 nz=6 b14=00 00 00 00 00 00 00 ff fe 00 00 00 00 00 00 00 00 00 00 00 00 00 00 ff fe 00 00 00 00 00 00 00 00 00 00 00 00 00 00 ff fe 00 00 00 00 00 00 00 00 00 00
  @8342 nz=6 b14=00 00 00 00 00 ff fe 00 00 00 00 00 00 00 00 00 00 00 00 00 00 ff fe 00 00 00 00 00 00 00 00 00 00 00 00 00 00 ff fe 00 00 00 00 00 00 00 00 00 00 00 00
  @8344 nz=6 b14=00 00 00 ff fe 00 00 00 00 00 00 00 00 00 00 00 00 00 00 ff fe 00 00 00 00 00 00 00 00 00 00 00 00 00 00 ff fe 00 00 00 00 00 00 00 00 00 00 00 00 00 00
  @8346 nz=8 b14=00 ff fe 00 00 00 00 00 00 00 00 00 00 00 00 00 00 ff fe 00 00 00 00 00 00 00 00 00 00 00 00 00 00 ff fe 00 00 00 00 00 00 00 00 00 00 00 00 00 00 ff fe
  @8348 nz=6 b14=ff 00 00 00 00 00 00 00 00 00 00 00 00 00 00 ff fe 00 00 00 00 00 00 00 00 00 00 00 00 00 00 ff fe 00 00 00 00 00 00 00 00 00 00 00 00 00 00 ff fe 00 00
  @8350 nz=6 b14=00 00 00 00 00 00 00 00 00 00 00 00 00 ff fe 00 00 00 00 00 00 00 00 00 00 00 00 00 00 ff fe 00 00 00 00 00 00 00 00 00 00 00 00 00 00 ff fe 00 00 00 00
  @8352 nz=6 b14=00 00 00 00 00 00 00 00 00 00 00 ff fe 00 00 00 00 00 00 00 00 00 00 00 00 00 00 ff fe 00 00 00 00 00 00 00 00 00 00 00 00 00 00 ff fe 00 00 00 00 00 00
  @8354 nz=6 b14=00 00 00 00 00 00 00 00 00 ff fe 00 00 00 00 00 00 00 00 00 00 00 00 00 00 ff fe 00 00 00 00 00 00 00 00 00 00 00 00 00 00 ff fe 00 00 00 00 00 00 00 00
  @8356 nz=6 b14=00 00 00 00 00 00 00 ff fe 00 00 00 00 00 00 00 00 00 00 00 00 00 00 ff fe 00 00 00 00 00 00 00 00 00 00 00 00 00 00 ff fe 00 00 00 00 00 00 00 00 00 00
  @8358 nz=6 b14=00 00 00 00 00 ff fe 00 00 00 00 00 00 00 00 00 00 00 00 00 00 ff fe 00 00 00 00 00 00 00 00 00 00 00 00 00 00 ff fe 00 00 00 00 00 00 00 00 00 00 00 00
  @8360 nz=6 b14=00 00 00 ff fe 00 00 00 00 00 00 00 00 00 00 00 00 00 00 ff fe 00 00 00 00 00 00 00 00 00 00 00 00 00 00 ff fe 00 00 00 00 00 00 00 00 00 00 00 00 00 00
  @8362 nz=8 b14=00 ff fe 00 00 00 00 00 00 00 00 00 00 00 00 00 00 ff fe 00 00 00 00 00 00 00 00 00 00 00 00 00 00 ff fe 00 00 00 00 00 00 00 00 00 00 00 00 00 00 ff fe
  @8364 nz=6 b14=ff 00 00 00 00 00 00 00 00 00 00 00 00 00 00 ff fe 00 00 00 00 00 00 00 00 00 00 00 00 00 00 ff fe 00 00 00 00 00 00 00 00 00 00 00 00 00 00 ff fe 00 00
  @8366 nz=6 b14=00 00 00 00 00 00 00 00 00 00 00 00 00 ff fe 00 00 00 00 00 00 00 00 00 00 00 00 00 00 ff fe 00 00 00 00 00 00 00 00 00 00 00 00 00 00 ff fe 00 00 00 00
  @8368 nz=6 b14=00 00 00 00 00 00 00 00 00 00 00 ff fe 00 00 00 00 00 00 00 00 00 00 00 00 00 00 ff fe 00 00 00 00 00 00 00 00 00 00 00 00 00 00 ff fe 00 00 00 00 00 00
  @8370 nz=6 b14=00 00 00 00 00 00 00 00 00 ff fe 00 00 00 00 00 00 00 00 00 00 00 00 00 00 ff fe 00 00 00 00 00 00 00 00 00 00 00 00 00 00 ff fe 00 00 00 00 00 00 00 00
  @8372 nz=6 b14=00 00 00 00 00 00 00 ff fe 00 00 00 00 00 00 00 00 00 00 00 00 00 00 ff fe 00 00 00 00 00 00 00 00 00 00 00 00 00 00 ff fe 00 00 00 00 00 00 00 00 00 00
  @8374 nz=6 b14=00 00 00 00 00 ff fe 00 00 00 00 00 00 00 00 00 00 00 00 00 00 ff fe 00 00 00 00 00 00 00 00 00 00 00 00 00 00 ff fe 00 00 00 00 00 00 00 00 00 00 00 00
  @8376 nz=6 b14=00 00 00 ff fe 00 00 00 00 00 00 00 00 00 00 00 00 00 00 ff fe 00 00 00 00 00 00 00 00 00 00 00 00 00 00 ff fe 00 00 00 00 00 00 00 00 00 00 00 00 00 00
  @8378 nz=8 b14=00 ff fe 00 00 00 00 00 00 00 00 00 00 00 00 00 00 ff fe 00 00 00 00 00 00 00 00 00 00 00 00 00 00 ff fe 00 00 00 00 00 00 00 00 00 00 00 00 00 00 ff fe
  @8380 nz=6 b14=ff 00 00 00 00 00 00 00 00 00 00 00 00 00 00 ff fe 00 00 00 00 00 00 00 00 00 00 00 00 00 00 ff fe 00 00 00 00 00 00 00 00 00 00 00 00 00 00 ff fe 00 00
  @8382 nz=6 b14=00 00 00 00 00 00 00 00 00 00 00 00 00 ff fe 00 00 00 00 00 00 00 00 00 00 00 00 00 00 ff fe 00 00 00 00 00 00 00 00 00 00 00 00 00 00 ff fe 00 00 00 00
  @8384 nz=6 b14=00 00 00 00 00 00 00 00 00 00 00 ff fe 00 00 00 00 00 00 00 00 00 00 00 00 00 00 ff fe 00 00 00 00 00 00 00 00 00 00 00 00 00 00 ff fe 00 00 00 00 00 00
  @8386 nz=6 b14=00 00 00 00 00 00 00 00 00 ff fe 00 00 00 00 00 00 00 00 00 00 00 00 00 00 ff fe 00 00 00 00 00 00 00 00 00 00 00 00 00 00 ff fe 00 00 00 00 00 00 00 00
  @8388 nz=6 b14=00 00 00 00 00 00 00 ff fe 00 00 00 00 00 00 00 00 00 00 00 00 00 00 ff fe 00 00 00 00 00 00 00 00 00 00 00 00 00 00 ff fe 00 00 00 00 00 00 00 00 00 00
  @8390 nz=6 b14=00 00 00 00 00 ff fe 00 00 00 00 00 00 00 00 00 00 00 00 00 00 ff fe 00 00 00 00 00 00 00 00 00 00 00 00 00 00 ff fe 00 00 00 00 00 00 00 00 00 00 00 00
  @8392 nz=6 b14=00 00 00 ff fe 00 00 00 00 00 00 00 00 00 00 00 00 00 00 ff fe 00 00 00 00 00 00 00 00 00 00 00 00 00 00 ff fe 00 00 00 00 00 00 00 00 00 00 00 00 00 00
  @8394 nz=8 b14=00 ff fe 00 00 00 00 00 00 00 00 00 00 00 00 00 00 ff fe 00 00 00 00 00 00 00 00 00 00 00 00 00 00 ff fe 00 00 00 00 00 00 00 00 00 00 00 00 00 00 ff fe
  @8396 nz=6 b14=ff 00 00 00 00 00 00 00 00 00 00 00 00 00 00 ff fe 00 00 00 00 00 00 00 00 00 00 00 00 00 00 ff fe 00 00 00 00 00 00 00 00 00 00 00 00 00 00 ff fe 00 00
  @8398 nz=6 b14=00 00 00 00 00 00 00 00 00 00 00 00 00 ff fe 00 00 00 00 00 00 00 00 00 00 00 00 00 00 ff fe 00 00 00 00 00 00 00 00 00 00 00 00 00 00 ff fe 00 00 00 00
  @8400 nz=6 b14=00 00 00 00 00 00 00 00 00 00 00 ff fe 00 00 00 00 00 00 00 00 00 00 00 00 00 00 ff fe 00 00 00 00 00 00 00 00 00 00 00 00 00 00 ff fe 00 00 00 00 00 00
  @8402 nz=6 b14=00 00 00 00 00 00 00 00 00 ff fe 00 00 00 00 00 00 00 00 00 00 00 00 00 00 ff fe 00 00 00 00 00 00 00 00 00 00 00 00 00 00 ff fe 00 00 00 00 00 00 00 00
  @8404 nz=6 b14=00 00 00 00 00 00 00 ff fe 00 00 00 00 00 00 00 00 00 00 00 00 00 00 ff fe 00 00 00 00 00 00 00 00 00 00 00 00 00 00 ff fe 00 00 00 00 00 00 00 00 00 00
  @8406 nz=6 b14=00 00 00 00 00 ff fe 00 00 00 00 00 00 00 00 00 00 00 00 00 00 ff fe 00 00 00 00 00 00 00 00 00 00 00 00 00 00 ff fe 00 00 00 00 00 00 00 00 00 00 00 00
  @8408 nz=6 b14=00 00 00 ff fe 00 00 00 00 00 00 00 00 00 00 00 00 00 00 ff fe 00 00 00 00 00 00 00 00 00 00 00 00 00 00 ff fe 00 00 00 00 00 00 00 00 00 00 00 00 00 00
  @8410 nz=8 b14=00 ff fe 00 00 00 00 00 00 00 00 00 00 00 00 00 00 ff fe 00 00 00 00 00 00 00 00 00 00 00 00 00 00 ff fe 00 00 00 00 00 00 00 00 00 00 00 00 00 00 ff fe
  @8412 nz=6 b14=ff 00 00 00 00 00 00 00 00 00 00 00 00 00 00 ff fe 00 00 00 00 00 00 00 00 00 00 00 00 00 00 ff fe 00 00 00 00 00 00 00 00 00 00 00 00 00 00 ff fe 00 00
  @8414 nz=6 b14=00 00 00 00 00 00 00 00 00 00 00 00 00 ff fe 00 00 00 00 00 00 00 00 00 00 00 00 00 00 ff fe 00 00 00 00 00 00 00 00 00 00 00 00 00 00 ff fe 00 00 00 00
  @8416 nz=6 b14=00 00 00 00 00 00 00 00 00 00 00 ff fe 00 00 00 00 00 00 00 00 00 00 00 00 00 00 ff fe 00 00 00 00 00 00 00 00 00 00 00 00 00 00 ff fe 00 00 00 00 00 00
  @8418 nz=6 b14=00 00 00 00 00 00 00 00 00 ff fe 00 00 00 00 00 00 00 00 00 00 00 00 00 00 ff fe 00 00 00 00 00 00 00 00 00 00 00 00 00 00 ff fe 00 00 00 00 00 00 00 00
  @8420 nz=6 b14=00 00 00 00 00 00 00 ff fe 00 00 00 00 00 00 00 00 00 00 00 00 00 00 ff fe 00 00 00 00 00 00 00 00 00 00 00 00 00 00 ff fe 00 00 00 00 00 00 00 00 00 00
  @8422 nz=6 b14=00 00 00 00 00 ff fe 00 00 00 00 00 00 00 00 00 00 00 00 00 00 ff fe 00 00 00 00 00 00 00 00 00 00 00 00 00 00 ff fe 00 00 00 00 00 00 00 00 00 00 00 00
  @8424 nz=6 b14=00 00 00 ff fe 00 00 00 00 00 00 00 00 00 00 00 00 00 00 ff fe 00 00 00 00 00 00 00 00 00 00 00 00 00 00 ff fe 00 00 00 00 00 00 00 00 00 00 00 00 00 00
  @8426 nz=8 b14=00 ff fe 00 00 00 00 00 00 00 00 00 00 00 00 00 00 ff fe 00 00 00 00 00 00 00 00 00 00 00 00 00 00 ff fe 00 00 00 00 00 00 00 00 00 00 00 00 00 00 ff fe
  @8428 nz=6 b14=ff 00 00 00 00 00 00 00 00 00 00 00 00 00 00 ff fe 00 00 00 00 00 00 00 00 00 00 00 00 00 00 ff fe 00 00 00 00 00 00 00 00 00 00 00 00 00 00 ff fe 00 00
  @8430 nz=6 b14=00 00 00 00 00 00 00 00 00 00 00 00 00 ff fe 00 00 00 00 00 00 00 00 00 00 00 00 00 00 ff fe 00 00 00 00 00 00 00 00 00 00 00 00 00 00 ff fe 00 00 00 00
  @8432 nz=6 b14=00 00 00 00 00 00 00 00 00 00 00 ff fe 00 00 00 00 00 00 00 00 00 00 00 00 00 00 ff fe 00 00 00 00 00 00 00 00 00 00 00 00 00 00 ff fe 00 00 00 00 00 00
  @8434 nz=6 b14=00 00 00 00 00 00 00 00 00 ff fe 00 00 00 00 00 00 00 00 00 00 00 00 00 00 ff fe 00 00 00 00 00 00 00 00 00 00 00 00 00 00 ff fe 00 00 00 00 00 00 00 00
  @8436 nz=6 b14=00 00 00 00 00 00 00 ff fe 00 00 00 00 00 00 00 00 00 00 00 00 00 00 ff fe 00 00 00 00 00 00 00 00 00 00 00 00 00 00 ff fe 00 00 00 00 00 00 00 00 00 00
  @8438 nz=6 b14=00 00 00 00 00 ff fe 00 00 00 00 00 00 00 00 00 00 00 00 00 00 ff fe 00 00 00 00 00 00 00 00 00 00 00 00 00 00 ff fe 00 00 00 00 00 00 00 00 00 00 00 00
  @8440 nz=6 b14=00 00 00 ff fe 00 00 00 00 00 00 00 00 00 00 00 00 00 00 ff fe 00 00 00 00 00 00 00 00 00 00 00 00 00 00 ff fe 00 00 00 00 00 00 00 00 00 00 00 00 00 00
  @8442 nz=8 b14=00 ff fe 00 00 00 00 00 00 00 00 00 00 00 00 00 00 ff fe 00 00 00 00 00 00 00 00 00 00 00 00 00 00 ff fe 00 00 00 00 00 00 00 00 00 00 00 00 00 00 ff fe
  @8444 nz=6 b14=ff 00 00 00 00 00 00 00 00 00 00 00 00 00 00 ff fe 00 00 00 00 00 00 00 00 00 00 00 00 00 00 ff fe 00 00 00 00 00 00 00 00 00 00 00 00 00 00 ff fe 00 00
  @8446 nz=6 b14=00 00 00 00 00 00 00 00 00 00 00 00 00 ff fe 00 00 00 00 00 00 00 00 00 00 00 00 00 00 ff fe 00 00 00 00 00 00 00 00 00 00 00 00 00 00 ff fe 00 00 00 00
  @8448 nz=6 b14=00 00 00 00 00 00 00 00 00 00 00 ff fe 00 00 00 00 00 00 00 00 00 00 00 00 00 00 ff fe 00 00 00 00 00 00 00 00 00 00 00 00 00 00 ff fe 00 00 00 00 00 00
  @8450 nz=6 b14=00 00 00 00 00 00 00 00 00 ff fe 00 00 00 00 00 00 00 00 00 00 00 00 00 00 ff fe 00 00 00 00 00 00 00 00 00 00 00 00 00 00 ff fe 00 00 00 00 00 00 00 00
  @8452 nz=6 b14=00 00 00 00 00 00 00 ff fe 00 00 00 00 00 00 00 00 00 00 00 00 00 00 ff fe 00 00 00 00 00 00 00 00 00 00 00 00 00 00 ff fe 00 00 00 00 00 00 00 00 00 00
  @8454 nz=6 b14=00 00 00 00 00 ff fe 00 00 00 00 00 00 00 00 00 00 00 00 00 00 ff fe 00 00 00 00 00 00 00 00 00 00 00 00 00 00 ff fe 00 00 00 00 00 00 00 00 00 00 00 00
  @8456 nz=6 b14=00 00 00 ff fe 00 00 00 00 00 00 00 00 00 00 00 00 00 00 ff fe 00 00 00 00 00 00 00 00 00 00 00 00 00 00 ff fe 00 00 00 00 00 00 00 00 00 00 00 00 00 00
  @8458 nz=8 b14=00 ff fe 00 00 00 00 00 00 00 00 00 00 00 00 00 00 ff fe 00 00 00 00 00 00 00 00 00 00 00 00 00 00 ff fe 00 00 00 00 00 00 00 00 00 00 00 00 00 00 ff fe
  @8460 nz=6 b14=ff 00 00 00 00 00 00 00 00 00 00 00 00 00 00 ff fe 00 00 00 00 00 00 00 00 00 00 00 00 00 00 ff fe 00 00 00 00 00 00 00 00 00 00 00 00 00 00 ff fe 00 00
  @8462 nz=6 b14=00 00 00 00 00 00 00 00 00 00 00 00 00 ff fe 00 00 00 00 00 00 00 00 00 00 00 00 00 00 ff fe 00 00 00 00 00 00 00 00 00 00 00 00 00 00 ff fe 00 00 00 00
  @8464 nz=6 b14=00 00 00 00 00 00 00 00 00 00 00 ff fe 00 00 00 00 00 00 00 00 00 00 00 00 00 00 ff fe 00 00 00 00 00 00 00 00 00 00 00 00 00 00 ff fe 00 00 00 00 00 00
  @8466 nz=6 b14=00 00 00 00 00 00 00 00 00 ff fe 00 00 00 00 00 00 00 00 00 00 00 00 00 00 ff fe 00 00 00 00 00 00 00 00 00 00 00 00 00 00 ff fe 00 00 00 00 00 00 00 00
  @8468 nz=6 b14=00 00 00 00 00 00 00 ff fe 00 00 00 00 00 00 00 00 00 00 00 00 00 00 ff fe 00 00 00 00 00 00 00 00 00 00 00 00 00 00 ff fe 00 00 00 00 00 00 00 00 00 00
  @8470 nz=6 b14=00 00 00 00 00 ff fe 00 00 00 00 00 00 00 00 00 00 00 00 00 00 ff fe 00 00 00 00 00 00 00 00 00 00 00 00 00 00 ff fe 00 00 00 00 00 00 00 00 00 00 00 00
  @8472 nz=6 b14=00 00 00 ff fe 00 00 00 00 00 00 00 00 00 00 00 00 00 00 ff fe 00 00 00 00 00 00 00 00 00 00 00 00 00 00 ff fe 00 00 00 00 00 00 00 00 00 00 00 00 00 00
  @8474 nz=8 b14=00 ff fe 00 00 00 00 00 00 00 00 00 00 00 00 00 00 ff fe 00 00 00 00 00 00 00 00 00 00 00 00 00 00 ff fe 00 00 00 00 00 00 00 00 00 00 00 00 00 00 ff fe
  @8476 nz=6 b14=ff 00 00 00 00 00 00 00 00 00 00 00 00 00 00 ff fe 00 00 00 00 00 00 00 00 00 00 00 00 00 00 ff fe 00 00 00 00 00 00 00 00 00 00 00 00 00 00 ff fe 00 00
  @8478 nz=6 b14=00 00 00 00 00 00 00 00 00 00 00 00 00 ff fe 00 00 00 00 00 00 00 00 00 00 00 00 00 00 ff fe 00 00 00 00 00 00 00 00 00 00 00 00 00 00 ff fe 00 00 00 00
  @8480 nz=6 b14=00 00 00 00 00 00 00 00 00 00 00 ff fe 00 00 00 00 00 00 00 00 00 00 00 00 00 00 ff fe 00 00 00 00 00 00 00 00 00 00 00 00 00 00 ff fe 00 00 00 00 00 00
  @8482 nz=6 b14=00 00 00 00 00 00 00 00 00 ff fe 00 00 00 00 00 00 00 00 00 00 00 00 00 00 ff fe 00 00 00 00 00 00 00 00 00 00 00 00 00 00 ff fe 00 00 00 00 00 00 00 00
  @8484 nz=6 b14=00 00 00 00 00 00 00 ff fe 00 00 00 00 00 00 00 00 00 00 00 00 00 00 ff fe 00 00 00 00 00 00 00 00 00 00 00 00 00 00 ff fe 00 00 00 00 00 00 00 00 00 00
  @8486 nz=6 b14=00 00 00 00 00 ff fe 00 00 00 00 00 00 00 00 00 00 00 00 00 00 ff fe 00 00 00 00 00 00 00 00 00 00 00 00 00 00 ff fe 00 00 00 00 00 00 00 00 00 00 00 00
  @8488 nz=6 b14=00 00 00 ff fe 00 00 00 00 00 00 00 00 00 00 00 00 00 00 ff fe 00 00 00 00 00 00 00 00 00 00 00 00 00 00 ff fe 00 00 00 00 00 00 00 00 00 00 00 00 00 00
  @8490 nz=8 b14=00 ff fe 00 00 00 00 00 00 00 00 00 00 00 00 00 00 ff fe 00 00 00 00 00 00 00 00 00 00 00 00 00 00 ff fe 00 00 00 00 00 00 00 00 00 00 00 00 00 00 ff fe
  @8492 nz=6 b14=ff 00 00 00 00 00 00 00 00 00 00 00 00 00 00 ff fe 00 00 00 00 00 00 00 00 00 00 00 00 00 00 ff fe 00 00 00 00 00 00 00 00 00 00 00 00 00 00 ff fe 00 00
  @8494 nz=6 b14=00 00 00 00 00 00 00 00 00 00 00 00 00 ff fe 00 00 00 00 00 00 00 00 00 00 00 00 00 00 ff fe 00 00 00 00 00 00 00 00 00 00 00 00 00 00 ff fe 00 00 00 00
  @8496 nz=6 b14=00 00 00 00 00 00 00 00 00 00 00 ff fe 00 00 00 00 00 00 00 00 00 00 00 00 00 00 ff fe 00 00 00 00 00 00 00 00 00 00 00 00 00 00 ff fe 00 00 00 00 00 00
  @8498 nz=6 b14=00 00 00 00 00 00 00 00 00 ff fe 00 00 00 00 00 00 00 00 00 00 00 00 00 00 ff fe 00 00 00 00 00 00 00 00 00 00 00 00 00 00 ff fe 00 00 00 00 00 00 00 00
  @8500 nz=6 b14=00 00 00 00 00 00 00 ff fe 00 00 00 00 00 00 00 00 00 00 00 00 00 00 ff fe 00 00 00 00 00 00 00 00 00 00 00 00 00 00 ff fe 00 00 00 00 00 00 00 00 00 00
  @8502 nz=6 b14=00 00 00 00 00 ff fe 00 00 00 00 00 00 00 00 00 00 00 00 00 00 ff fe 00 00 00 00 00 00 00 00 00 00 00 00 00 00 ff fe 00 00 00 00 00 00 00 00 00 00 00 00
  @8504 nz=6 b14=00 00 00 ff fe 00 00 00 00 00 00 00 00 00 00 00 00 00 00 ff fe 00 00 00 00 00 00 00 00 00 00 00 00 00 00 ff fe 00 00 00 00 00 00 00 00 00 00 00 00 00 00
  @8506 nz=8 b14=00 ff fe 00 00 00 00 00 00 00 00 00 00 00 00 00 00 ff fe 00 00 00 00 00 00 00 00 00 00 00 00 00 00 ff fe 00 00 00 00 00 00 00 00 00 00 00 00 00 00 ff fe
  @8508 nz=6 b14=ff 00 00 00 00 00 00 00 00 00 00 00 00 00 00 ff fe 00 00 00 00 00 00 00 00 00 00 00 00 00 00 ff fe 00 00 00 00 00 00 00 00 00 00 00 00 00 00 ff fe 00 00
  @8510 nz=6 b14=00 00 00 00 00 00 00 00 00 00 00 00 00 ff fe 00 00 00 00 00 00 00 00 00 00 00 00 00 00 ff fe 00 00 00 00 00 00 00 00 00 00 00 00 00 00 ff fe 00 00 00 00
  @8512 nz=6 b14=00 00 00 00 00 00 00 00 00 00 00 ff fe 00 00 00 00 00 00 00 00 00 00 00 00 00 00 ff fe 00 00 00 00 00 00 00 00 00 00 00 00 00 00 ff fe 00 00 00 00 00 00
  @8514 nz=6 b14=00 00 00 00 00 00 00 00 00 ff fe 00 00 00 00 00 00 00 00 00 00 00 00 00 00 ff fe 00 00 00 00 00 00 00 00 00 00 00 00 00 00 ff fe 00 00 00 00 00 00 00 00
  @8516 nz=6 b14=00 00 00 00 00 00 00 ff fe 00 00 00 00 00 00 00 00 00 00 00 00 00 00 ff fe 00 00 00 00 00 00 00 00 00 00 00 00 00 00 ff fe 00 00 00 00 00 00 00 00 00 00
  @8518 nz=6 b14=00 00 00 00 00 ff fe 00 00 00 00 00 00 00 00 00 00 00 00 00 00 ff fe 00 00 00 00 00 00 00 00 00 00 00 00 00 00 ff fe 00 00 00 00 00 00 00 00 00 00 00 00
  @8520 nz=6 b14=00 00 00 ff fe 00 00 00 00 00 00 00 00 00 00 00 00 00 00 ff fe 00 00 00 00 00 00 00 00 00 00 00 00 00 00 ff fe 00 00 00 00 00 00 00 00 00 00 00 00 00 00
  @8522 nz=8 b14=00 ff fe 00 00 00 00 00 00 00 00 00 00 00 00 00 00 ff fe 00 00 00 00 00 00 00 00 00 00 00 00 00 00 ff fe 00 00 00 00 00 00 00 00 00 00 00 00 00 00 ff fe
  @8524 nz=6 b14=ff 00 00 00 00 00 00 00 00 00 00 00 00 00 00 ff fe 00 00 00 00 00 00 00 00 00 00 00 00 00 00 ff fe 00 00 00 00 00 00 00 00 00 00 00 00 00 00 ff fe 00 00
  @8526 nz=6 b14=00 00 00 00 00 00 00 00 00 00 00 00 00 ff fe 00 00 00 00 00 00 00 00 00 00 00 00 00 00 ff fe 00 00 00 00 00 00 00 00 00 00 00 00 00 00 ff fe 00 00 00 00
  @8528 nz=6 b14=00 00 00 00 00 00 00 00 00 00 00 ff fe 00 00 00 00 00 00 00 00 00 00 00 00 00 00 ff fe 00 00 00 00 00 00 00 00 00 00 00 00 00 00 ff fe 00 00 00 00 00 00
  @8530 nz=6 b14=00 00 00 00 00 00 00 00 00 ff fe 00 00 00 00 00 00 00 00 00 00 00 00 00 00 ff fe 00 00 00 00 00 00 00 00 00 00 00 00 00 00 ff fe 00 00 00 00 00 00 00 00
  @8532 nz=6 b14=00 00 00 00 00 00 00 ff fe 00 00 00 00 00 00 00 00 00 00 00 00 00 00 ff fe 00 00 00 00 00 00 00 00 00 00 00 00 00 00 ff fe 00 00 00 00 00 00 00 00 00 00
  @8534 nz=6 b14=00 00 00 00 00 ff fe 00 00 00 00 00 00 00 00 00 00 00 00 00 00 ff fe 00 00 00 00 00 00 00 00 00 00 00 00 00 00 ff fe 00 00 00 00 00 00 00 00 00 00 00 00
  @8536 nz=6 b14=00 00 00 ff fe 00 00 00 00 00 00 00 00 00 00 00 00 00 00 ff fe 00 00 00 00 00 00 00 00 00 00 00 00 00 00 ff fe 00 00 00 00 00 00 00 00 00 00 00 00 00 00
  @8538 nz=8 b14=00 ff fe 00 00 00 00 00 00 00 00 00 00 00 00 00 00 ff fe 00 00 00 00 00 00 00 00 00 00 00 00 00 00 ff fe 00 00 00 00 00 00 00 00 00 00 00 00 00 00 ff fe
  @8540 nz=6 b14=ff 00 00 00 00 00 00 00 00 00 00 00 00 00 00 ff fe 00 00 00 00 00 00 00 00 00 00 00 00 00 00 ff fe 00 00 00 00 00 00 00 00 00 00 00 00 00 00 ff fe 00 00
  @8542 nz=6 b14=00 00 00 00 00 00 00 00 00 00 00 00 00 ff fe 00 00 00 00 00 00 00 00 00 00 00 00 00 00 ff fe 00 00 00 00 00 00 00 00 00 00 00 00 00 00 ff fe 00 00 00 00
  @8544 nz=6 b14=00 00 00 00 00 00 00 00 00 00 00 ff fe 00 00 00 00 00 00 00 00 00 00 00 00 00 00 ff fe 00 00 00 00 00 00 00 00 00 00 00 00 00 00 ff fe 00 00 00 00 00 00
  @8546 nz=6 b14=00 00 00 00 00 00 00 00 00 ff fe 00 00 00 00 00 00 00 00 00 00 00 00 00 00 ff fe 00 00 00 00 00 00 00 00 00 00 00 00 00 00 ff fe 00 00 00 00 00 00 00 00
  @8548 nz=6 b14=00 00 00 00 00 00 00 ff fe 00 00 00 00 00 00 00 00 00 00 00 00 00 00 ff fe 00 00 00 00 00 00 00 00 00 00 00 00 00 00 ff fe 00 00 00 00 00 00 00 00 00 00
  @8550 nz=6 b14=00 00 00 00 00 ff fe 00 00 00 00 00 00 00 00 00 00 00 00 00 00 ff fe 00 00 00 00 00 00 00 00 00 00 00 00 00 00 ff fe 00 00 00 00 00 00 00 00 00 00 00 00
  @8552 nz=6 b14=00 00 00 ff fe 00 00 00 00 00 00 00 00 00 00 00 00 00 00 ff fe 00 00 00 00 00 00 00 00 00 00 00 00 00 00 ff fe 00 00 00 00 00 00 00 00 00 00 00 00 00 00
  @8554 nz=8 b14=00 ff fe 00 00 00 00 00 00 00 00 00 00 00 00 00 00 ff fe 00 00 00 00 00 00 00 00 00 00 00 00 00 00 ff fe 00 00 00 00 00 00 00 00 00 00 00 00 00 00 ff fe
  @8556 nz=6 b14=ff 00 00 00 00 00 00 00 00 00 00 00 00 00 00 ff fe 00 00 00 00 00 00 00 00 00 00 00 00 00 00 ff fe 00 00 00 00 00 00 00 00 00 00 00 00 00 00 ff fe 00 00
  @8558 nz=6 b14=00 00 00 00 00 00 00 00 00 00 00 00 00 ff fe 00 00 00 00 00 00 00 00 00 00 00 00 00 00 ff fe 00 00 00 00 00 00 00 00 00 00 00 00 00 00 ff fe 00 00 00 00
  @8560 nz=6 b14=00 00 00 00 00 00 00 00 00 00 00 ff fe 00 00 00 00 00 00 00 00 00 00 00 00 00 00 ff fe 00 00 00 00 00 00 00 00 00 00 00 00 00 00 ff fe 00 00 00 00 00 00
  @8562 nz=6 b14=00 00 00 00 00 00 00 00 00 ff fe 00 00 00 00 00 00 00 00 00 00 00 00 00 00 ff fe 00 00 00 00 00 00 00 00 00 00 00 00 00 00 ff fe 00 00 00 00 00 00 00 00
  @8564 nz=6 b14=00 00 00 00 00 00 00 ff fe 00 00 00 00 00 00 00 00 00 00 00 00 00 00 ff fe 00 00 00 00 00 00 00 00 00 00 00 00 00 00 ff fe 00 00 00 00 00 00 00 00 00 00
  @8566 nz=6 b14=00 00 00 00 00 ff fe 00 00 00 00 00 00 00 00 00 00 00 00 00 00 ff fe 00 00 00 00 00 00 00 00 00 00 00 00 00 00 ff fe 00 00 00 00 00 00 00 00 00 00 00 00
  @8568 nz=6 b14=00 00 00 ff fe 00 00 00 00 00 00 00 00 00 00 00 00 00 00 ff fe 00 00 00 00 00 00 00 00 00 00 00 00 00 00 ff fe 00 00 00 00 00 00 00 00 00 00 00 00 00 00
  @8570 nz=8 b14=00 ff fe 00 00 00 00 00 00 00 00 00 00 00 00 00 00 ff fe 00 00 00 00 00 00 00 00 00 00 00 00 00 00 ff fe 00 00 00 00 00 00 00 00 00 00 00 00 00 00 ff fe
  @8572 nz=6 b14=ff 00 00 00 00 00 00 00 00 00 00 00 00 00 00 ff fe 00 00 00 00 00 00 00 00 00 00 00 00 00 00 ff fe 00 00 00 00 00 00 00 00 00 00 00 00 00 00 ff fe 00 00
  @8574 nz=6 b14=00 00 00 00 00 00 00 00 00 00 00 00 00 ff fe 00 00 00 00 00 00 00 00 00 00 00 00 00 00 ff fe 00 00 00 00 00 00 00 00 00 00 00 00 00 00 ff fe 00 00 00 00
  @8576 nz=6 b14=00 00 00 00 00 00 00 00 00 00 00 ff fe 00 00 00 00 00 00 00 00 00 00 00 00 00 00 ff fe 00 00 00 00 00 00 00 00 00 00 00 00 00 00 ff fe 00 00 00 00 00 00
  @8578 nz=6 b14=00 00 00 00 00 00 00 00 00 ff fe 00 00 00 00 00 00 00 00 00 00 00 00 00 00 ff fe 00 00 00 00 00 00 00 00 00 00 00 00 00 00 ff fe 00 00 00 00 00 00 00 00
  @8580 nz=6 b14=00 00 00 00 00 00 00 ff fe 00 00 00 00 00 00 00 00 00 00 00 00 00 00 ff fe 00 00 00 00 00 00 00 00 00 00 00 00 00 00 ff fe 00 00 00 00 00 00 00 00 00 00
  @8582 nz=6 b14=00 00 00 00 00 ff fe 00 00 00 00 00 00 00 00 00 00 00 00 00 00 ff fe 00 00 00 00 00 00 00 00 00 00 00 00 00 00 ff fe 00 00 00 00 00 00 00 00 00 00 00 00
  @8584 nz=6 b14=00 00 00 ff fe 00 00 00 00 00 00 00 00 00 00 00 00 00 00 ff fe 00 00 00 00 00 00 00 00 00 00 00 00 00 00 ff fe 00 00 00 00 00 00 00 00 00 00 00 00 00 00
  @8586 nz=8 b14=00 ff fe 00 00 00 00 00 00 00 00 00 00 00 00 00 00 ff fe 00 00 00 00 00 00 00 00 00 00 00 00 00 00 ff fe 00 00 00 00 00 00 00 00 00 00 00 00 00 00 ff fe
  @8588 nz=6 b14=ff 00 00 00 00 00 00 00 00 00 00 00 00 00 00 ff fe 00 00 00 00 00 00 00 00 00 00 00 00 00 00 ff fe 00 00 00 00 00 00 00 00 00 00 00 00 00 00 ff fe 00 00
  @8590 nz=6 b14=00 00 00 00 00 00 00 00 00 00 00 00 00 ff fe 00 00 00 00 00 00 00 00 00 00 00 00 00 00 ff fe 00 00 00 00 00 00 00 00 00 00 00 00 00 00 ff fe 00 00 00 00
  @8592 nz=6 b14=00 00 00 00 00 00 00 00 00 00 00 ff fe 00 00 00 00 00 00 00 00 00 00 00 00 00 00 ff fe 00 00 00 00 00 00 00 00 00 00 00 00 00 00 ff fe 00 00 00 00 00 00
  @8594 nz=6 b14=00 00 00 00 00 00 00 00 00 ff fe 00 00 00 00 00 00 00 00 00 00 00 00 00 00 ff fe 00 00 00 00 00 00 00 00 00 00 00 00 00 00 ff fe 00 00 00 00 00 00 00 00
  @8596 nz=6 b14=00 00 00 00 00 00 00 ff fe 00 00 00 00 00 00 00 00 00 00 00 00 00 00 ff fe 00 00 00 00 00 00 00 00 00 00 00 00 00 00 ff fe 00 00 00 00 00 00 00 00 00 00
  @8598 nz=6 b14=00 00 00 00 00 ff fe 00 00 00 00 00 00 00 00 00 00 00 00 00 00 ff fe 00 00 00 00 00 00 00 00 00 00 00 00 00 00 ff fe 00 00 00 00 00 00 00 00 00 00 00 00
  @8600 nz=6 b14=00 00 00 ff fe 00 00 00 00 00 00 00 00 00 00 00 00 00 00 ff fe 00 00 00 00 00 00 00 00 00 00 00 00 00 00 ff fe 00 00 00 00 00 00 00 00 00 00 00 00 00 00
  @8602 nz=8 b14=00 ff fe 00 00 00 00 00 00 00 00 00 00 00 00 00 00 ff fe 00 00 00 00 00 00 00 00 00 00 00 00 00 00 ff fe 00 00 00 00 00 00 00 00 00 00 00 00 00 00 ff fe
  @8604 nz=6 b14=ff 00 00 00 00 00 00 00 00 00 00 00 00 00 00 ff fe 00 00 00 00 00 00 00 00 00 00 00 00 00 00 ff fe 00 00 00 00 00 00 00 00 00 00 00 00 00 00 ff fe 00 00
  @8606 nz=6 b14=00 00 00 00 00 00 00 00 00 00 00 00 00 ff fe 00 00 00 00 00 00 00 00 00 00 00 00 00 00 ff fe 00 00 00 00 00 00 00 00 00 00 00 00 00 00 ff fe 00 00 00 00
  @8608 nz=6 b14=00 00 00 00 00 00 00 00 00 00 00 ff fe 00 00 00 00 00 00 00 00 00 00 00 00 00 00 ff fe 00 00 00 00 00 00 00 00 00 00 00 00 00 00 ff fe 00 00 00 00 00 00
  @8610 nz=6 b14=00 00 00 00 00 00 00 00 00 ff fe 00 00 00 00 00 00 00 00 00 00 00 00 00 00 ff fe 00 00 00 00 00 00 00 00 00 00 00 00 00 00 ff fe 00 00 00 00 00 00 00 00
  @8612 nz=6 b14=00 00 00 00 00 00 00 ff fe 00 00 00 00 00 00 00 00 00 00 00 00 00 00 ff fe 00 00 00 00 00 00 00 00 00 00 00 00 00 00 ff fe 00 00 00 00 00 00 00 00 00 00
  @8614 nz=6 b14=00 00 00 00 00 ff fe 00 00 00 00 00 00 00 00 00 00 00 00 00 00 ff fe 00 00 00 00 00 00 00 00 00 00 00 00 00 00 ff fe 00 00 00 00 00 00 00 00 00 00 00 00
  @8616 nz=6 b14=00 00 00 ff fe 00 00 00 00 00 00 00 00 00 00 00 00 00 00 ff fe 00 00 00 00 00 00 00 00 00 00 00 00 00 00 ff fe 00 00 00 00 00 00 00 00 00 00 00 00 00 00
  @8618 nz=8 b14=00 ff fe 00 00 00 00 00 00 00 00 00 00 00 00 00 00 ff fe 00 00 00 00 00 00 00 00 00 00 00 00 00 00 ff fe 00 00 00 00 00 00 00 00 00 00 00 00 00 00 ff fe
  @8620 nz=6 b14=ff 00 00 00 00 00 00 00 00 00 00 00 00 00 00 ff fe 00 00 00 00 00 00 00 00 00 00 00 00 00 00 ff fe 00 00 00 00 00 00 00 00 00 00 00 00 00 00 ff fe 00 00
  @8622 nz=6 b14=00 00 00 00 00 00 00 00 00 00 00 00 00 ff fe 00 00 00 00 00 00 00 00 00 00 00 00 00 00 ff fe 00 00 00 00 00 00 00 00 00 00 00 00 00 00 ff fe 00 00 00 00
  @8624 nz=6 b14=00 00 00 00 00 00 00 00 00 00 00 ff fe 00 00 00 00 00 00 00 00 00 00 00 00 00 00 ff fe 00 00 00 00 00 00 00 00 00 00 00 00 00 00 ff fe 00 00 00 00 00 00
  @8626 nz=6 b14=00 00 00 00 00 00 00 00 00 ff fe 00 00 00 00 00 00 00 00 00 00 00 00 00 00 ff fe 00 00 00 00 00 00 00 00 00 00 00 00 00 00 ff fe 00 00 00 00 00 00 00 00
  @8628 nz=6 b14=00 00 00 00 00 00 00 ff fe 00 00 00 00 00 00 00 00 00 00 00 00 00 00 ff fe 00 00 00 00 00 00 00 00 00 00 00 00 00 00 ff fe 00 00 00 00 00 00 00 00 00 00
  @8630 nz=6 b14=00 00 00 00 00 ff fe 00 00 00 00 00 00 00 00 00 00 00 00 00 00 ff fe 00 00 00 00 00 00 00 00 00 00 00 00 00 00 ff fe 00 00 00 00 00 00 00 00 00 00 00 00
  @8632 nz=6 b14=00 00 00 ff fe 00 00 00 00 00 00 00 00 00 00 00 00 00 00 ff fe 00 00 00 00 00 00 00 00 00 00 00 00 00 00 ff fe 00 00 00 00 00 00 00 00 00 00 00 00 00 00
  @8634 nz=8 b14=00 ff fe 00 00 00 00 00 00 00 00 00 00 00 00 00 00 ff fe 00 00 00 00 00 00 00 00 00 00 00 00 00 00 ff fe 00 00 00 00 00 00 00 00 00 00 00 00 00 00 ff fe
  @8636 nz=6 b14=ff 00 00 00 00 00 00 00 00 00 00 00 00 00 00 ff fe 00 00 00 00 00 00 00 00 00 00 00 00 00 00 ff fe 00 00 00 00 00 00 00 00 00 00 00 00 00 00 ff fe 00 00
  @8638 nz=6 b14=00 00 00 00 00 00 00 00 00 00 00 00 00 ff fe 00 00 00 00 00 00 00 00 00 00 00 00 00 00 ff fe 00 00 00 00 00 00 00 00 00 00 00 00 00 00 ff fe 00 00 00 00
  @8640 nz=6 b14=00 00 00 00 00 00 00 00 00 00 00 ff fe 00 00 00 00 00 00 00 00 00 00 00 00 00 00 ff fe 00 00 00 00 00 00 00 00 00 00 00 00 00 00 ff fe 00 00 00 00 00 00
  @8642 nz=6 b14=00 00 00 00 00 00 00 00 00 ff fe 00 00 00 00 00 00 00 00 00 00 00 00 00 00 ff fe 00 00 00 00 00 00 00 00 00 00 00 00 00 00 ff fe 00 00 00 00 00 00 00 00
  @8644 nz=6 b14=00 00 00 00 00 00 00 ff fe 00 00 00 00 00 00 00 00 00 00 00 00 00 00 ff fe 00 00 00 00 00 00 00 00 00 00 00 00 00 00 ff fe 00 00 00 00 00 00 00 00 00 00
  @8646 nz=6 b14=00 00 00 00 00 ff fe 00 00 00 00 00 00 00 00 00 00 00 00 00 00 ff fe 00 00 00 00 00 00 00 00 00 00 00 00 00 00 ff fe 00 00 00 00 00 00 00 00 00 00 00 00
  @8648 nz=6 b14=00 00 00 ff fe 00 00 00 00 00 00 00 00 00 00 00 00 00 00 ff fe 00 00 00 00 00 00 00 00 00 00 00 00 00 00 ff fe 00 00 00 00 00 00 00 00 00 00 00 00 00 00
  @8650 nz=8 b14=00 ff fe 00 00 00 00 00 00 00 00 00 00 00 00 00 00 ff fe 00 00 00 00 00 00 00 00 00 00 00 00 00 00 ff fe 00 00 00 00 00 00 00 00 00 00 00 00 00 00 ff fe
  @8652 nz=6 b14=ff 00 00 00 00 00 00 00 00 00 00 00 00 00 00 ff fe 00 00 00 00 00 00 00 00 00 00 00 00 00 00 ff fe 00 00 00 00 00 00 00 00 00 00 00 00 00 00 ff fe 00 00
  @8654 nz=6 b14=00 00 00 00 00 00 00 00 00 00 00 00 00 ff fe 00 00 00 00 00 00 00 00 00 00 00 00 00 00 ff fe 00 00 00 00 00 00 00 00 00 00 00 00 00 00 ff fe 00 00 00 00
  @8656 nz=6 b14=00 00 00 00 00 00 00 00 00 00 00 ff fe 00 00 00 00 00 00 00 00 00 00 00 00 00 00 ff fe 00 00 00 00 00 00 00 00 00 00 00 00 00 00 ff fe 00 00 00 00 00 00
  @8658 nz=6 b14=00 00 00 00 00 00 00 00 00 ff fe 00 00 00 00 00 00 00 00 00 00 00 00 00 00 ff fe 00 00 00 00 00 00 00 00 00 00 00 00 00 00 ff fe 00 00 00 00 00 00 00 00
  @8660 nz=6 b14=00 00 00 00 00 00 00 ff fe 00 00 00 00 00 00 00 00 00 00 00 00 00 00 ff fe 00 00 00 00 00 00 00 00 00 00 00 00 00 00 ff fe 00 00 00 00 00 00 00 00 00 00
  @8662 nz=6 b14=00 00 00 00 00 ff fe 00 00 00 00 00 00 00 00 00 00 00 00 00 00 ff fe 00 00 00 00 00 00 00 00 00 00 00 00 00 00 ff fe 00 00 00 00 00 00 00 00 00 00 00 00
  @8664 nz=6 b14=00 00 00 ff fe 00 00 00 00 00 00 00 00 00 00 00 00 00 00 ff fe 00 00 00 00 00 00 00 00 00 00 00 00 00 00 ff fe 00 00 00 00 00 00 00 00 00 00 00 00 00 00
  @8666 nz=8 b14=00 ff fe 00 00 00 00 00 00 00 00 00 00 00 00 00 00 ff fe 00 00 00 00 00 00 00 00 00 00 00 00 00 00 ff fe 00 00 00 00 00 00 00 00 00 00 00 00 00 00 ff fe
  @8668 nz=6 b14=ff 00 00 00 00 00 00 00 00 00 00 00 00 00 00 ff fe 00 00 00 00 00 00 00 00 00 00 00 00 00 00 ff fe 00 00 00 00 00 00 00 00 00 00 00 00 00 00 ff fe 00 00
  @8670 nz=6 b14=00 00 00 00 00 00 00 00 00 00 00 00 00 ff fe 00 00 00 00 00 00 00 00 00 00 00 00 00 00 ff fe 00 00 00 00 00 00 00 00 00 00 00 00 00 00 ff fe 00 00 00 00
  @8672 nz=6 b14=00 00 00 00 00 00 00 00 00 00 00 ff fe 00 00 00 00 00 00 00 00 00 00 00 00 00 00 ff fe 00 00 00 00 00 00 00 00 00 00 00 00 00 00 ff fe 00 00 00 00 00 00
  @8674 nz=6 b14=00 00 00 00 00 00 00 00 00 ff fe 00 00 00 00 00 00 00 00 00 00 00 00 00 00 ff fe 00 00 00 00 00 00 00 00 00 00 00 00 00 00 ff fe 00 00 00 00 00 00 00 00
  @8676 nz=6 b14=00 00 00 00 00 00 00 ff fe 00 00 00 00 00 00 00 00 00 00 00 00 00 00 ff fe 00 00 00 00 00 00 00 00 00 00 00 00 00 00 ff fe 00 00 00 00 00 00 00 00 00 00
  @8678 nz=6 b14=00 00 00 00 00 ff fe 00 00 00 00 00 00 00 00 00 00 00 00 00 00 ff fe 00 00 00 00 00 00 00 00 00 00 00 00 00 00 ff fe 00 00 00 00 00 00 00 00 00 00 00 00
  @8680 nz=6 b14=00 00 00 ff fe 00 00 00 00 00 00 00 00 00 00 00 00 00 00 ff fe 00 00 00 00 00 00 00 00 00 00 00 00 00 00 ff fe 00 00 00 00 00 00 00 00 00 00 00 00 00 00
  @8682 nz=8 b14=00 ff fe 00 00 00 00 00 00 00 00 00 00 00 00 00 00 ff fe 00 00 00 00 00 00 00 00 00 00 00 00 00 00 ff fe 00 00 00 00 00 00 00 00 00 00 00 00 00 00 ff fe
  @8684 nz=6 b14=ff 00 00 00 00 00 00 00 00 00 00 00 00 00 00 ff fe 00 00 00 00 00 00 00 00 00 00 00 00 00 00 ff fe 00 00 00 00 00 00 00 00 00 00 00 00 00 00 ff fe 00 00
  @8686 nz=6 b14=00 00 00 00 00 00 00 00 00 00 00 00 00 ff fe 00 00 00 00 00 00 00 00 00 00 00 00 00 00 ff fe 00 00 00 00 00 00 00 00 00 00 00 00 00 00 ff fe 00 00 00 00
  @8688 nz=6 b14=00 00 00 00 00 00 00 00 00 00 00 ff fe 00 00 00 00 00 00 00 00 00 00 00 00 00 00 ff fe 00 00 00 00 00 00 00 00 00 00 00 00 00 00 ff fe 00 00 00 00 00 00
  @8690 nz=6 b14=00 00 00 00 00 00 00 00 00 ff fe 00 00 00 00 00 00 00 00 00 00 00 00 00 00 ff fe 00 00 00 00 00 00 00 00 00 00 00 00 00 00 ff fe 00 00 00 00 00 00 00 00
  @8692 nz=6 b14=00 00 00 00 00 00 00 ff fe 00 00 00 00 00 00 00 00 00 00 00 00 00 00 ff fe 00 00 00 00 00 00 00 00 00 00 00 00 00 00 ff fe 00 00 00 00 00 00 00 00 00 00
  @8694 nz=6 b14=00 00 00 00 00 ff fe 00 00 00 00 00 00 00 00 00 00 00 00 00 00 ff fe 00 00 00 00 00 00 00 00 00 00 00 00 00 00 ff fe 00 00 00 00 00 00 00 00 00 00 00 00
  @8696 nz=6 b14=00 00 00 ff fe 00 00 00 00 00 00 00 00 00 00 00 00 00 00 ff fe 00 00 00 00 00 00 00 00 00 00 00 00 00 00 ff fe 00 00 00 00 00 00 00 00 00 00 00 00 00 00
  @8698 nz=8 b14=00 ff fe 00 00 00 00 00 00 00 00 00 00 00 00 00 00 ff fe 00 00 00 00 00 00 00 00 00 00 00 00 00 00 ff fe 00 00 00 00 00 00 00 00 00 00 00 00 00 00 ff fe
  @8700 nz=6 b14=ff 00 00 00 00 00 00 00 00 00 00 00 00 00 00 ff fe 00 00 00 00 00 00 00 00 00 00 00 00 00 00 ff fe 00 00 00 00 00 00 00 00 00 00 00 00 00 00 ff fe 00 00
  @8702 nz=6 b14=00 00 00 00 00 00 00 00 00 00 00 00 00 ff fe 00 00 00 00 00 00 00 00 00 00 00 00 00 00 ff fe 00 00 00 00 00 00 00 00 00 00 00 00 00 00 ff fe 00 00 00 00
  @8704 nz=6 b14=00 00 00 00 00 00 00 00 00 00 00 ff fe 00 00 00 00 00 00 00 00 00 00 00 00 00 00 ff fe 00 00 00 00 00 00 00 00 00 00 00 00 00 00 ff fe 00 00 00 00 00 00
  @8706 nz=6 b14=00 00 00 00 00 00 00 00 00 ff fe 00 00 00 00 00 00 00 00 00 00 00 00 00 00 ff fe 00 00 00 00 00 00 00 00 00 00 00 00 00 00 ff fe 00 00 00 00 00 00 00 00
  @8708 nz=6 b14=00 00 00 00 00 00 00 ff fe 00 00 00 00 00 00 00 00 00 00 00 00 00 00 ff fe 00 00 00 00 00 00 00 00 00 00 00 00 00 00 ff fe 00 00 00 00 00 00 00 00 00 00
  @8710 nz=6 b14=00 00 00 00 00 ff fe 00 00 00 00 00 00 00 00 00 00 00 00 00 00 ff fe 00 00 00 00 00 00 00 00 00 00 00 00 00 00 ff fe 00 00 00 00 00 00 00 00 00 00 00 00
  @8712 nz=6 b14=00 00 00 ff fe 00 00 00 00 00 00 00 00 00 00 00 00 00 00 ff fe 00 00 00 00 00 00 00 00 00 00 00 00 00 00 ff fe 00 00 00 00 00 00 00 00 00 00 00 00 00 00
  @8714 nz=8 b14=00 ff fe 00 00 00 00 00 00 00 00 00 00 00 00 00 00 ff fe 00 00 00 00 00 00 00 00 00 00 00 00 00 00 ff fe 00 00 00 00 00 00 00 00 00 00 00 00 00 00 ff fe
  @8716 nz=6 b14=ff 00 00 00 00 00 00 00 00 00 00 00 00 00 00 ff fe 00 00 00 00 00 00 00 00 00 00 00 00 00 00 ff fe 00 00 00 00 00 00 00 00 00 00 00 00 00 00 ff fe 00 00
  @8718 nz=6 b14=00 00 00 00 00 00 00 00 00 00 00 00 00 ff fe 00 00 00 00 00 00 00 00 00 00 00 00 00 00 ff fe 00 00 00 00 00 00 00 00 00 00 00 00 00 00 ff fe 00 00 00 00
  @8720 nz=6 b14=00 00 00 00 00 00 00 00 00 00 00 ff fe 00 00 00 00 00 00 00 00 00 00 00 00 00 00 ff fe 00 00 00 00 00 00 00 00 00 00 00 00 00 00 ff fe 00 00 00 00 00 00
  @8722 nz=6 b14=00 00 00 00 00 00 00 00 00 ff fe 00 00 00 00 00 00 00 00 00 00 00 00 00 00 ff fe 00 00 00 00 00 00 00 00 00 00 00 00 00 00 ff fe 00 00 00 00 00 00 00 00
  @8724 nz=6 b14=00 00 00 00 00 00 00 ff fe 00 00 00 00 00 00 00 00 00 00 00 00 00 00 ff fe 00 00 00 00 00 00 00 00 00 00 00 00 00 00 ff fe 00 00 00 00 00 00 00 00 00 00
  @8726 nz=6 b14=00 00 00 00 00 ff fe 00 00 00 00 00 00 00 00 00 00 00 00 00 00 ff fe 00 00 00 00 00 00 00 00 00 00 00 00 00 00 ff fe 00 00 00 00 00 00 00 00 00 00 00 00
  @8728 nz=6 b14=00 00 00 ff fe 00 00 00 00 00 00 00 00 00 00 00 00 00 00 ff fe 00 00 00 00 00 00 00 00 00 00 00 00 00 00 ff fe 00 00 00 00 00 00 00 00 00 00 00 00 00 00
  @8730 nz=8 b14=00 ff fe 00 00 00 00 00 00 00 00 00 00 00 00 00 00 ff fe 00 00 00 00 00 00 00 00 00 00 00 00 00 00 ff fe 00 00 00 00 00 00 00 00 00 00 00 00 00 00 ff fe
  @8732 nz=6 b14=ff 00 00 00 00 00 00 00 00 00 00 00 00 00 00 ff fe 00 00 00 00 00 00 00 00 00 00 00 00 00 00 ff fe 00 00 00 00 00 00 00 00 00 00 00 00 00 00 ff fe 00 00
  @8734 nz=6 b14=00 00 00 00 00 00 00 00 00 00 00 00 00 ff fe 00 00 00 00 00 00 00 00 00 00 00 00 00 00 ff fe 00 00 00 00 00 00 00 00 00 00 00 00 00 00 ff fe 00 00 00 00
  @8736 nz=6 b14=00 00 00 00 00 00 00 00 00 00 00 ff fe 00 00 00 00 00 00 00 00 00 00 00 00 00 00 ff fe 00 00 00 00 00 00 00 00 00 00 00 00 00 00 ff fe 00 00 00 00 00 00
  @8738 nz=6 b14=00 00 00 00 00 00 00 00 00 ff fe 00 00 00 00 00 00 00 00 00 00 00 00 00 00 ff fe 00 00 00 00 00 00 00 00 00 00 00 00 00 00 ff fe 00 00 00 00 00 00 00 00
  @8740 nz=6 b14=00 00 00 00 00 00 00 ff fe 00 00 00 00 00 00 00 00 00 00 00 00 00 00 ff fe 00 00 00 00 00 00 00 00 00 00 00 00 00 00 ff fe 00 00 00 00 00 00 00 00 00 00
  @8742 nz=6 b14=00 00 00 00 00 ff fe 00 00 00 00 00 00 00 00 00 00 00 00 00 00 ff fe 00 00 00 00 00 00 00 00 00 00 00 00 00 00 ff fe 00 00 00 00 00 00 00 00 00 00 00 00
  @8744 nz=6 b14=00 00 00 ff fe 00 00 00 00 00 00 00 00 00 00 00 00 00 00 ff fe 00 00 00 00 00 00 00 00 00 00 00 00 00 00 ff fe 00 00 00 00 00 00 00 00 00 00 00 00 00 00
  @8746 nz=8 b14=00 ff fe 00 00 00 00 00 00 00 00 00 00 00 00 00 00 ff fe 00 00 00 00 00 00 00 00 00 00 00 00 00 00 ff fe 00 00 00 00 00 00 00 00 00 00 00 00 00 00 ff fe
  @8748 nz=6 b14=ff 00 00 00 00 00 00 00 00 00 00 00 00 00 00 ff fe 00 00 00 00 00 00 00 00 00 00 00 00 00 00 ff fe 00 00 00 00 00 00 00 00 00 00 00 00 00 00 ff fe 00 00
  @8750 nz=6 b14=00 00 00 00 00 00 00 00 00 00 00 00 00 ff fe 00 00 00 00 00 00 00 00 00 00 00 00 00 00 ff fe 00 00 00 00 00 00 00 00 00 00 00 00 00 00 ff fe 00 00 00 00
  @8752 nz=6 b14=00 00 00 00 00 00 00 00 00 00 00 ff fe 00 00 00 00 00 00 00 00 00 00 00 00 00 00 ff fe 00 00 00 00 00 00 00 00 00 00 00 00 00 00 ff fe 00 00 00 00 00 00
  @8754 nz=6 b14=00 00 00 00 00 00 00 00 00 ff fe 00 00 00 00 00 00 00 00 00 00 00 00 00 00 ff fe 00 00 00 00 00 00 00 00 00 00 00 00 00 00 ff fe 00 00 00 00 00 00 00 00
  @8756 nz=6 b14=00 00 00 00 00 00 00 ff fe 00 00 00 00 00 00 00 00 00 00 00 00 00 00 ff fe 00 00 00 00 00 00 00 00 00 00 00 00 00 00 ff fe 00 00 00 00 00 00 00 00 00 00
  @8758 nz=6 b14=00 00 00 00 00 ff fe 00 00 00 00 00 00 00 00 00 00 00 00 00 00 ff fe 00 00 00 00 00 00 00 00 00 00 00 00 00 00 ff fe 00 00 00 00 00 00 00 00 00 00 00 00
  @8760 nz=6 b14=00 00 00 ff fe 00 00 00 00 00 00 00 00 00 00 00 00 00 00 ff fe 00 00 00 00 00 00 00 00 00 00 00 00 00 00 ff fe 00 00 00 00 00 00 00 00 00 00 00 00 00 00
  @8762 nz=8 b14=00 ff fe 00 00 00 00 00 00 00 00 00 00 00 00 00 00 ff fe 00 00 00 00 00 00 00 00 00 00 00 00 00 00 ff fe 00 00 00 00 00 00 00 00 00 00 00 00 00 00 ff fe
  @8764 nz=6 b14=ff 00 00 00 00 00 00 00 00 00 00 00 00 00 00 ff fe 00 00 00 00 00 00 00 00 00 00 00 00 00 00 ff fe 00 00 00 00 00 00 00 00 00 00 00 00 00 00 ff fe 00 00
  @8766 nz=6 b14=00 00 00 00 00 00 00 00 00 00 00 00 00 ff fe 00 00 00 00 00 00 00 00 00 00 00 00 00 00 ff fe 00 00 00 00 00 00 00 00 00 00 00 00 00 00 ff fe 00 00 00 00
  @8768 nz=6 b14=00 00 00 00 00 00 00 00 00 00 00 ff fe 00 00 00 00 00 00 00 00 00 00 00 00 00 00 ff fe 00 00 00 00 00 00 00 00 00 00 00 00 00 00 ff fe 00 00 00 00 00 00
  @8770 nz=6 b14=00 00 00 00 00 00 00 00 00 ff fe 00 00 00 00 00 00 00 00 00 00 00 00 00 00 ff fe 00 00 00 00 00 00 00 00 00 00 00 00 00 00 ff fe 00 00 00 00 00 00 00 00
  @8772 nz=6 b14=00 00 00 00 00 00 00 ff fe 00 00 00 00 00 00 00 00 00 00 00 00 00 00 ff fe 00 00 00 00 00 00 00 00 00 00 00 00 00 00 ff fe 00 00 00 00 00 00 00 00 00 00
  @8774 nz=6 b14=00 00 00 00 00 ff fe 00 00 00 00 00 00 00 00 00 00 00 00 00 00 ff fe 00 00 00 00 00 00 00 00 00 00 00 00 00 00 ff fe 00 00 00 00 00 00 00 00 00 00 00 00
  @8776 nz=6 b14=00 00 00 ff fe 00 00 00 00 00 00 00 00 00 00 00 00 00 00 ff fe 00 00 00 00 00 00 00 00 00 00 00 00 00 00 ff fe 00 00 00 00 00 00 00 00 00 00 00 00 00 00
  @8778 nz=8 b14=00 ff fe 00 00 00 00 00 00 00 00 00 00 00 00 00 00 ff fe 00 00 00 00 00 00 00 00 00 00 00 00 00 00 ff fe 00 00 00 00 00 00 00 00 00 00 00 00 00 00 ff fe
  @8780 nz=6 b14=ff 00 00 00 00 00 00 00 00 00 00 00 00 00 00 ff fe 00 00 00 00 00 00 00 00 00 00 00 00 00 00 ff fe 00 00 00 00 00 00 00 00 00 00 00 00 00 00 ff fe 00 00
  @8782 nz=6 b14=00 00 00 00 00 00 00 00 00 00 00 00 00 ff fe 00 00 00 00 00 00 00 00 00 00 00 00 00 00 ff fe 00 00 00 00 00 00 00 00 00 00 00 00 00 00 ff fe 00 00 00 00
  @8784 nz=6 b14=00 00 00 00 00 00 00 00 00 00 00 ff fe 00 00 00 00 00 00 00 00 00 00 00 00 00 00 ff fe 00 00 00 00 00 00 00 00 00 00 00 00 00 00 ff fe 00 00 00 00 00 00
  @8786 nz=6 b14=00 00 00 00 00 00 00 00 00 ff fe 00 00 00 00 00 00 00 00 00 00 00 00 00 00 ff fe 00 00 00 00 00 00 00 00 00 00 00 00 00 00 ff fe 00 00 00 00 00 00 00 00
  @8788 nz=6 b14=00 00 00 00 00 00 00 ff fe 00 00 00 00 00 00 00 00 00 00 00 00 00 00 ff fe 00 00 00 00 00 00 00 00 00 00 00 00 00 00 ff fe 00 00 00 00 00 00 00 00 00 00
  @8790 nz=6 b14=00 00 00 00 00 ff fe 00 00 00 00 00 00 00 00 00 00 00 00 00 00 ff fe 00 00 00 00 00 00 00 00 00 00 00 00 00 00 ff fe 00 00 00 00 00 00 00 00 00 00 00 00
  @8792 nz=6 b14=00 00 00 ff fe 00 00 00 00 00 00 00 00 00 00 00 00 00 00 ff fe 00 00 00 00 00 00 00 00 00 00 00 00 00 00 ff fe 00 00 00 00 00 00 00 00 00 00 00 00 00 00
  @8794 nz=8 b14=00 ff fe 00 00 00 00 00 00 00 00 00 00 00 00 00 00 ff fe 00 00 00 00 00 00 00 00 00 00 00 00 00 00 ff fe 00 00 00 00 00 00 00 00 00 00 00 00 00 00 ff fe
  @8796 nz=6 b14=ff 00 00 00 00 00 00 00 00 00 00 00 00 00 00 ff fe 00 00 00 00 00 00 00 00 00 00 00 00 00 00 ff fe 00 00 00 00 00 00 00 00 00 00 00 00 00 00 ff fe 00 00
  @8798 nz=6 b14=00 00 00 00 00 00 00 00 00 00 00 00 00 ff fe 00 00 00 00 00 00 00 00 00 00 00 00 00 00 ff fe 00 00 00 00 00 00 00 00 00 00 00 00 00 00 ff fe 00 00 00 00
  @8800 nz=6 b14=00 00 00 00 00 00 00 00 00 00 00 ff fe 00 00 00 00 00 00 00 00 00 00 00 00 00 00 ff fe 00 00 00 00 00 00 00 00 00 00 00 00 00 00 ff fe 00 00 00 00 00 00
  @8802 nz=6 b14=00 00 00 00 00 00 00 00 00 ff fe 00 00 00 00 00 00 00 00 00 00 00 00 00 00 ff fe 00 00 00 00 00 00 00 00 00 00 00 00 00 00 ff fe 00 00 00 00 00 00 00 00
  @8804 nz=6 b14=00 00 00 00 00 00 00 ff fe 00 00 00 00 00 00 00 00 00 00 00 00 00 00 ff fe 00 00 00 00 00 00 00 00 00 00 00 00 00 00 ff fe 00 00 00 00 00 00 00 00 00 00
  @8806 nz=6 b14=00 00 00 00 00 ff fe 00 00 00 00 00 00 00 00 00 00 00 00 00 00 ff fe 00 00 00 00 00 00 00 00 00 00 00 00 00 00 ff fe 00 00 00 00 00 00 00 00 00 00 00 00
  @8808 nz=6 b14=00 00 00 ff fe 00 00 00 00 00 00 00 00 00 00 00 00 00 00 ff fe 00 00 00 00 00 00 00 00 00 00 00 00 00 00 ff fe 00 00 00 00 00 00 00 00 00 00 00 00 00 00
  @8810 nz=8 b14=00 ff fe 00 00 00 00 00 00 00 00 00 00 00 00 00 00 ff fe 00 00 00 00 00 00 00 00 00 00 00 00 00 00 ff fe 00 00 00 00 00 00 00 00 00 00 00 00 00 00 ff fe
  @8812 nz=6 b14=ff 00 00 00 00 00 00 00 00 00 00 00 00 00 00 ff fe 00 00 00 00 00 00 00 00 00 00 00 00 00 00 ff fe 00 00 00 00 00 00 00 00 00 00 00 00 00 00 ff fe 00 00
  @8814 nz=6 b14=00 00 00 00 00 00 00 00 00 00 00 00 00 ff fe 00 00 00 00 00 00 00 00 00 00 00 00 00 00 ff fe 00 00 00 00 00 00 00 00 00 00 00 00 00 00 ff fe 00 00 00 00
  @8816 nz=6 b14=00 00 00 00 00 00 00 00 00 00 00 ff fe 00 00 00 00 00 00 00 00 00 00 00 00 00 00 ff fe 00 00 00 00 00 00 00 00 00 00 00 00 00 00 ff fe 00 00 00 00 00 00
  @8818 nz=6 b14=00 00 00 00 00 00 00 00 00 ff fe 00 00 00 00 00 00 00 00 00 00 00 00 00 00 ff fe 00 00 00 00 00 00 00 00 00 00 00 00 00 00 ff fe 00 00 00 00 00 00 00 00
  @8820 nz=6 b14=00 00 00 00 00 00 00 ff fe 00 00 00 00 00 00 00 00 00 00 00 00 00 00 ff fe 00 00 00 00 00 00 00 00 00 00 00 00 00 00 ff fe 00 00 00 00 00 00 00 00 00 00
  @8822 nz=6 b14=00 00 00 00 00 ff fe 00 00 00 00 00 00 00 00 00 00 00 00 00 00 ff fe 00 00 00 00 00 00 00 00 00 00 00 00 00 00 ff fe 00 00 00 00 00 00 00 00 00 00 00 00
  @8824 nz=6 b14=00 00 00 ff fe 00 00 00 00 00 00 00 00 00 00 00 00 00 00 ff fe 00 00 00 00 00 00 00 00 00 00 00 00 00 00 ff fe 00 00 00 00 00 00 00 00 00 00 00 00 00 00
  @8826 nz=8 b14=00 ff fe 00 00 00 00 00 00 00 00 00 00 00 00 00 00 ff fe 00 00 00 00 00 00 00 00 00 00 00 00 00 00 ff fe 00 00 00 00 00 00 00 00 00 00 00 00 00 00 ff fe
  @8828 nz=6 b14=ff 00 00 00 00 00 00 00 00 00 00 00 00 00 00 ff fe 00 00 00 00 00 00 00 00 00 00 00 00 00 00 ff fe 00 00 00 00 00 00 00 00 00 00 00 00 00 00 ff fe 00 00
  @8830 nz=6 b14=00 00 00 00 00 00 00 00 00 00 00 00 00 ff fe 00 00 00 00 00 00 00 00 00 00 00 00 00 00 ff fe 00 00 00 00 00 00 00 00 00 00 00 00 00 00 ff fe 00 00 00 00
  @8832 nz=6 b14=00 00 00 00 00 00 00 00 00 00 00 ff fe 00 00 00 00 00 00 00 00 00 00 00 00 00 00 ff fe 00 00 00 00 00 00 00 00 00 00 00 00 00 00 ff fe 00 00 00 00 00 00
  @8834 nz=6 b14=00 00 00 00 00 00 00 00 00 ff fe 00 00 00 00 00 00 00 00 00 00 00 00 00 00 ff fe 00 00 00 00 00 00 00 00 00 00 00 00 00 00 ff fe 00 00 00 00 00 00 00 00
  @8836 nz=6 b14=00 00 00 00 00 00 00 ff fe 00 00 00 00 00 00 00 00 00 00 00 00 00 00 ff fe 00 00 00 00 00 00 00 00 00 00 00 00 00 00 ff fe 00 00 00 00 00 00 00 00 00 00
  @8838 nz=6 b14=00 00 00 00 00 ff fe 00 00 00 00 00 00 00 00 00 00 00 00 00 00 ff fe 00 00 00 00 00 00 00 00 00 00 00 00 00 00 ff fe 00 00 00 00 00 00 00 00 00 00 00 00
  @8840 nz=6 b14=00 00 00 ff fe 00 00 00 00 00 00 00 00 00 00 00 00 00 00 ff fe 00 00 00 00 00 00 00 00 00 00 00 00 00 00 ff fe 00 00 00 00 00 00 00 00 00 00 00 00 00 00
  @8842 nz=8 b14=00 ff fe 00 00 00 00 00 00 00 00 00 00 00 00 00 00 ff fe 00 00 00 00 00 00 00 00 00 00 00 00 00 00 ff fe 00 00 00 00 00 00 00 00 00 00 00 00 00 00 ff fe
  @8844 nz=6 b14=ff 00 00 00 00 00 00 00 00 00 00 00 00 00 00 ff fe 00 00 00 00 00 00 00 00 00 00 00 00 00 00 ff fe 00 00 00 00 00 00 00 00 00 00 00 00 00 00 ff fe 00 00
  @8846 nz=6 b14=00 00 00 00 00 00 00 00 00 00 00 00 00 ff fe 00 00 00 00 00 00 00 00 00 00 00 00 00 00 ff fe 00 00 00 00 00 00 00 00 00 00 00 00 00 00 ff fe 00 00 00 00
  @8848 nz=6 b14=00 00 00 00 00 00 00 00 00 00 00 ff fe 00 00 00 00 00 00 00 00 00 00 00 00 00 00 ff fe 00 00 00 00 00 00 00 00 00 00 00 00 00 00 ff fe 00 00 00 00 00 00
  @8850 nz=6 b14=00 00 00 00 00 00 00 00 00 ff fe 00 00 00 00 00 00 00 00 00 00 00 00 00 00 ff fe 00 00 00 00 00 00 00 00 00 00 00 00 00 00 ff fe 00 00 00 00 00 00 00 00
  @8852 nz=6 b14=00 00 00 00 00 00 00 ff fe 00 00 00 00 00 00 00 00 00 00 00 00 00 00 ff fe 00 00 00 00 00 00 00 00 00 00 00 00 00 00 ff fe 00 00 00 00 00 00 00 00 00 00
  @8854 nz=6 b14=00 00 00 00 00 ff fe 00 00 00 00 00 00 00 00 00 00 00 00 00 00 ff fe 00 00 00 00 00 00 00 00 00 00 00 00 00 00 ff fe 00 00 00 00 00 00 00 00 00 00 00 00
  @8856 nz=6 b14=00 00 00 ff fe 00 00 00 00 00 00 00 00 00 00 00 00 00 00 ff fe 00 00 00 00 00 00 00 00 00 00 00 00 00 00 ff fe 00 00 00 00 00 00 00 00 00 00 00 00 00 00
  @8858 nz=8 b14=00 ff fe 00 00 00 00 00 00 00 00 00 00 00 00 00 00 ff fe 00 00 00 00 00 00 00 00 00 00 00 00 00 00 ff fe 00 00 00 00 00 00 00 00 00 00 00 00 00 00 ff fe
  @8860 nz=6 b14=ff 00 00 00 00 00 00 00 00 00 00 00 00 00 00 ff fe 00 00 00 00 00 00 00 00 00 00 00 00 00 00 ff fe 00 00 00 00 00 00 00 00 00 00 00 00 00 00 ff fe 00 00
  @8862 nz=6 b14=00 00 00 00 00 00 00 00 00 00 00 00 00 ff fe 00 00 00 00 00 00 00 00 00 00 00 00 00 00 ff fe 00 00 00 00 00 00 00 00 00 00 00 00 00 00 ff fe 00 00 00 00
  @8864 nz=6 b14=00 00 00 00 00 00 00 00 00 00 00 ff fe 00 00 00 00 00 00 00 00 00 00 00 00 00 00 ff fe 00 00 00 00 00 00 00 00 00 00 00 00 00 00 ff fe 00 00 00 00 00 00
  @8866 nz=6 b14=00 00 00 00 00 00 00 00 00 ff fe 00 00 00 00 00 00 00 00 00 00 00 00 00 00 ff fe 00 00 00 00 00 00 00 00 00 00 00 00 00 00 ff fe 00 00 00 00 00 00 00 00
  @8868 nz=6 b14=00 00 00 00 00 00 00 ff fe 00 00 00 00 00 00 00 00 00 00 00 00 00 00 ff fe 00 00 00 00 00 00 00 00 00 00 00 00 00 00 ff fe 00 00 00 00 00 00 00 00 00 00
  @8870 nz=6 b14=00 00 00 00 00 ff fe 00 00 00 00 00 00 00 00 00 00 00 00 00 00 ff fe 00 00 00 00 00 00 00 00 00 00 00 00 00 00 ff fe 00 00 00 00 00 00 00 00 00 00 00 00
  @8872 nz=6 b14=00 00 00 ff fe 00 00 00 00 00 00 00 00 00 00 00 00 00 00 ff fe 00 00 00 00 00 00 00 00 00 00 00 00 00 00 ff fe 00 00 00 00 00 00 00 00 00 00 00 00 00 00
  @8874 nz=8 b14=00 ff fe 00 00 00 00 00 00 00 00 00 00 00 00 00 00 ff fe 00 00 00 00 00 00 00 00 00 00 00 00 00 00 ff fe 00 00 00 00 00 00 00 00 00 00 00 00 00 00 ff fe
  @8876 nz=6 b14=ff 00 00 00 00 00 00 00 00 00 00 00 00 00 00 ff fe 00 00 00 00 00 00 00 00 00 00 00 00 00 00 ff fe 00 00 00 00 00 00 00 00 00 00 00 00 00 00 ff fe 00 00
  @8878 nz=6 b14=00 00 00 00 00 00 00 00 00 00 00 00 00 ff fe 00 00 00 00 00 00 00 00 00 00 00 00 00 00 ff fe 00 00 00 00 00 00 00 00 00 00 00 00 00 00 ff fe 00 00 00 00
  @8880 nz=6 b14=00 00 00 00 00 00 00 00 00 00 00 ff fe 00 00 00 00 00 00 00 00 00 00 00 00 00 00 ff fe 00 00 00 00 00 00 00 00 00 00 00 00 00 00 ff fe 00 00 00 00 00 00
  @8882 nz=6 b14=00 00 00 00 00 00 00 00 00 ff fe 00 00 00 00 00 00 00 00 00 00 00 00 00 00 ff fe 00 00 00 00 00 00 00 00 00 00 00 00 00 00 ff fe 00 00 00 00 00 00 00 00
  @8884 nz=6 b14=00 00 00 00 00 00 00 ff fe 00 00 00 00 00 00 00 00 00 00 00 00 00 00 ff fe 00 00 00 00 00 00 00 00 00 00 00 00 00 00 ff fe 00 00 00 00 00 00 00 00 00 00
  @8886 nz=6 b14=00 00 00 00 00 ff fe 00 00 00 00 00 00 00 00 00 00 00 00 00 00 ff fe 00 00 00 00 00 00 00 00 00 00 00 00 00 00 ff fe 00 00 00 00 00 00 00 00 00 00 00 00
  @8888 nz=6 b14=00 00 00 ff fe 00 00 00 00 00 00 00 00 00 00 00 00 00 00 ff fe 00 00 00 00 00 00 00 00 00 00 00 00 00 00 ff fe 00 00 00 00 00 00 00 00 00 00 00 00 00 00
  @8890 nz=8 b14=00 ff fe 00 00 00 00 00 00 00 00 00 00 00 00 00 00 ff fe 00 00 00 00 00 00 00 00 00 00 00 00 00 00 ff fe 00 00 00 00 00 00 00 00 00 00 00 00 00 00 ff fe
  @8892 nz=6 b14=ff 00 00 00 00 00 00 00 00 00 00 00 00 00 00 ff fe 00 00 00 00 00 00 00 00 00 00 00 00 00 00 ff fe 00 00 00 00 00 00 00 00 00 00 00 00 00 00 ff fe 00 00
  @8894 nz=6 b14=00 00 00 00 00 00 00 00 00 00 00 00 00 ff fe 00 00 00 00 00 00 00 00 00 00 00 00 00 00 ff fe 00 00 00 00 00 00 00 00 00 00 00 00 00 00 ff fe 00 00 00 00
  @8896 nz=6 b14=00 00 00 00 00 00 00 00 00 00 00 ff fe 00 00 00 00 00 00 00 00 00 00 00 00 00 00 ff fe 00 00 00 00 00 00 00 00 00 00 00 00 00 00 ff fe 00 00 00 00 00 00
  @8898 nz=6 b14=00 00 00 00 00 00 00 00 00 ff fe 00 00 00 00 00 00 00 00 00 00 00 00 00 00 ff fe 00 00 00 00 00 00 00 00 00 00 00 00 00 00 ff fe 00 00 00 00 00 00 00 00
  @8900 nz=6 b14=00 00 00 00 00 00 00 ff fe 00 00 00 00 00 00 00 00 00 00 00 00 00 00 ff fe 00 00 00 00 00 00 00 00 00 00 00 00 00 00 ff fe 00 00 00 00 00 00 00 00 00 00
  @8902 nz=6 b14=00 00 00 00 00 ff fe 00 00 00 00 00 00 00 00 00 00 00 00 00 00 ff fe 00 00 00 00 00 00 00 00 00 00 00 00 00 00 ff fe 00 00 00 00 00 00 00 00 00 00 00 00
  @8904 nz=6 b14=00 00 00 ff fe 00 00 00 00 00 00 00 00 00 00 00 00 00 00 ff fe 00 00 00 00 00 00 00 00 00 00 00 00 00 00 ff fe 00 00 00 00 00 00 00 00 00 00 00 00 00 00
  @8906 nz=8 b14=00 ff fe 00 00 00 00 00 00 00 00 00 00 00 00 00 00 ff fe 00 00 00 00 00 00 00 00 00 00 00 00 00 00 ff fe 00 00 00 00 00 00 00 00 00 00 00 00 00 00 ff fe
  @8908 nz=6 b14=ff 00 00 00 00 00 00 00 00 00 00 00 00 00 00 ff fe 00 00 00 00 00 00 00 00 00 00 00 00 00 00 ff fe 00 00 00 00 00 00 00 00 00 00 00 00 00 00 ff fe 00 00
  @8910 nz=6 b14=00 00 00 00 00 00 00 00 00 00 00 00 00 ff fe 00 00 00 00 00 00 00 00 00 00 00 00 00 00 ff fe 00 00 00 00 00 00 00 00 00 00 00 00 00 00 ff fe 00 00 00 00
  @8912 nz=6 b14=00 00 00 00 00 00 00 00 00 00 00 ff fe 00 00 00 00 00 00 00 00 00 00 00 00 00 00 ff fe 00 00 00 00 00 00 00 00 00 00 00 00 00 00 ff fe 00 00 00 00 00 00
  @8914 nz=6 b14=00 00 00 00 00 00 00 00 00 ff fe 00 00 00 00 00 00 00 00 00 00 00 00 00 00 ff fe 00 00 00 00 00 00 00 00 00 00 00 00 00 00 ff fe 00 00 00 00 00 00 00 00
  @8916 nz=6 b14=00 00 00 00 00 00 00 ff fe 00 00 00 00 00 00 00 00 00 00 00 00 00 00 ff fe 00 00 00 00 00 00 00 00 00 00 00 00 00 00 ff fe 00 00 00 00 00 00 00 00 00 00
  @8918 nz=6 b14=00 00 00 00 00 ff fe 00 00 00 00 00 00 00 00 00 00 00 00 00 00 ff fe 00 00 00 00 00 00 00 00 00 00 00 00 00 00 ff fe 00 00 00 00 00 00 00 00 00 00 00 00
  @8920 nz=6 b14=00 00 00 ff fe 00 00 00 00 00 00 00 00 00 00 00 00 00 00 ff fe 00 00 00 00 00 00 00 00 00 00 00 00 00 00 ff fe 00 00 00 00 00 00 00 00 00 00 00 00 00 00
  @8922 nz=8 b14=00 ff fe 00 00 00 00 00 00 00 00 00 00 00 00 00 00 ff fe 00 00 00 00 00 00 00 00 00 00 00 00 00 00 ff fe 00 00 00 00 00 00 00 00 00 00 00 00 00 00 ff fe
  @8924 nz=6 b14=ff 00 00 00 00 00 00 00 00 00 00 00 00 00 00 ff fe 00 00 00 00 00 00 00 00 00 00 00 00 00 00 ff fe 00 00 00 00 00 00 00 00 00 00 00 00 00 00 ff fe 00 00
  @8926 nz=6 b14=00 00 00 00 00 00 00 00 00 00 00 00 00 ff fe 00 00 00 00 00 00 00 00 00 00 00 00 00 00 ff fe 00 00 00 00 00 00 00 00 00 00 00 00 00 00 ff fe 00 00 00 00
  @8928 nz=6 b14=00 00 00 00 00 00 00 00 00 00 00 ff fe 00 00 00 00 00 00 00 00 00 00 00 00 00 00 ff fe 00 00 00 00 00 00 00 00 00 00 00 00 00 00 ff fe 00 00 00 00 00 00
  @8930 nz=6 b14=00 00 00 00 00 00 00 00 00 ff fe 00 00 00 00 00 00 00 00 00 00 00 00 00 00 ff fe 00 00 00 00 00 00 00 00 00 00 00 00 00 00 ff fe 00 00 00 00 00 00 00 00
  @8932 nz=6 b14=00 00 00 00 00 00 00 ff fe 00 00 00 00 00 00 00 00 00 00 00 00 00 00 ff fe 00 00 00 00 00 00 00 00 00 00 00 00 00 00 ff fe 00 00 00 00 00 00 00 00 00 00
  @8934 nz=6 b14=00 00 00 00 00 ff fe 00 00 00 00 00 00 00 00 00 00 00 00 00 00 ff fe 00 00 00 00 00 00 00 00 00 00 00 00 00 00 ff fe 00 00 00 00 00 00 00 00 00 00 00 00
  @8936 nz=6 b14=00 00 00 ff fe 00 00 00 00 00 00 00 00 00 00 00 00 00 00 ff fe 00 00 00 00 00 00 00 00 00 00 00 00 00 00 ff fe 00 00 00 00 00 00 00 00 00 00 00 00 00 00
  @8938 nz=8 b14=00 ff fe 00 00 00 00 00 00 00 00 00 00 00 00 00 00 ff fe 00 00 00 00 00 00 00 00 00 00 00 00 00 00 ff fe 00 00 00 00 00 00 00 00 00 00 00 00 00 00 ff fe
  @8940 nz=6 b14=ff 00 00 00 00 00 00 00 00 00 00 00 00 00 00 ff fe 00 00 00 00 00 00 00 00 00 00 00 00 00 00 ff fe 00 00 00 00 00 00 00 00 00 00 00 00 00 00 ff fe 00 00
  @8942 nz=6 b14=00 00 00 00 00 00 00 00 00 00 00 00 00 ff fe 00 00 00 00 00 00 00 00 00 00 00 00 00 00 ff fe 00 00 00 00 00 00 00 00 00 00 00 00 00 00 ff fe 00 00 00 00
  @8944 nz=6 b14=00 00 00 00 00 00 00 00 00 00 00 ff fe 00 00 00 00 00 00 00 00 00 00 00 00 00 00 ff fe 00 00 00 00 00 00 00 00 00 00 00 00 00 00 ff fe 00 00 00 00 00 00
  @8946 nz=6 b14=00 00 00 00 00 00 00 00 00 ff fe 00 00 00 00 00 00 00 00 00 00 00 00 00 00 ff fe 00 00 00 00 00 00 00 00 00 00 00 00 00 00 ff fe 00 00 00 00 00 00 00 00
  @8948 nz=6 b14=00 00 00 00 00 00 00 ff fe 00 00 00 00 00 00 00 00 00 00 00 00 00 00 ff fe 00 00 00 00 00 00 00 00 00 00 00 00 00 00 ff fe 00 00 00 00 00 00 00 00 00 00
  @8950 nz=6 b14=00 00 00 00 00 ff fe 00 00 00 00 00 00 00 00 00 00 00 00 00 00 ff fe 00 00 00 00 00 00 00 00 00 00 00 00 00 00 ff fe 00 00 00 00 00 00 00 00 00 00 00 00
  @8952 nz=6 b14=00 00 00 ff fe 00 00 00 00 00 00 00 00 00 00 00 00 00 00 ff fe 00 00 00 00 00 00 00 00 00 00 00 00 00 00 ff fe 00 00 00 00 00 00 00 00 00 00 00 00 00 00
  @8954 nz=8 b14=00 ff fe 00 00 00 00 00 00 00 00 00 00 00 00 00 00 ff fe 00 00 00 00 00 00 00 00 00 00 00 00 00 00 ff fe 00 00 00 00 00 00 00 00 00 00 00 00 00 00 ff fe
  @8956 nz=6 b14=ff 00 00 00 00 00 00 00 00 00 00 00 00 00 00 ff fe 00 00 00 00 00 00 00 00 00 00 00 00 00 00 ff fe 00 00 00 00 00 00 00 00 00 00 00 00 00 00 ff fe 00 00
  @8958 nz=6 b14=00 00 00 00 00 00 00 00 00 00 00 00 00 ff fe 00 00 00 00 00 00 00 00 00 00 00 00 00 00 ff fe 00 00 00 00 00 00 00 00 00 00 00 00 00 00 ff fe 00 00 00 00
  @8960 nz=6 b14=00 00 00 00 00 00 00 00 00 00 00 ff fe 00 00 00 00 00 00 00 00 00 00 00 00 00 00 ff fe 00 00 00 00 00 00 00 00 00 00 00 00 00 00 ff fe 00 00 00 00 00 00
  @8962 nz=6 b14=00 00 00 00 00 00 00 00 00 ff fe 00 00 00 00 00 00 00 00 00 00 00 00 00 00 ff fe 00 00 00 00 00 00 00 00 00 00 00 00 00 00 ff fe 00 00 00 00 00 00 00 00
  @8964 nz=6 b14=00 00 00 00 00 00 00 ff fe 00 00 00 00 00 00 00 00 00 00 00 00 00 00 ff fe 00 00 00 00 00 00 00 00 00 00 00 00 00 00 ff fe 00 00 00 00 00 00 00 00 00 00
  @8966 nz=6 b14=00 00 00 00 00 ff fe 00 00 00 00 00 00 00 00 00 00 00 00 00 00 ff fe 00 00 00 00 00 00 00 00 00 00 00 00 00 00 ff fe 00 00 00 00 00 00 00 00 00 00 00 00
  @8968 nz=6 b14=00 00 00 ff fe 00 00 00 00 00 00 00 00 00 00 00 00 00 00 ff fe 00 00 00 00 00 00 00 00 00 00 00 00 00 00 ff fe 00 00 00 00 00 00 00 00 00 00 00 00 00 00
  @8970 nz=8 b14=00 ff fe 00 00 00 00 00 00 00 00 00 00 00 00 00 00 ff fe 00 00 00 00 00 00 00 00 00 00 00 00 00 00 ff fe 00 00 00 00 00 00 00 00 00 00 00 00 00 00 ff fe
  @8972 nz=6 b14=ff 00 00 00 00 00 00 00 00 00 00 00 00 00 00 ff fe 00 00 00 00 00 00 00 00 00 00 00 00 00 00 ff fe 00 00 00 00 00 00 00 00 00 00 00 00 00 00 ff fe 00 00
  @8974 nz=6 b14=00 00 00 00 00 00 00 00 00 00 00 00 00 ff fe 00 00 00 00 00 00 00 00 00 00 00 00 00 00 ff fe 00 00 00 00 00 00 00 00 00 00 00 00 00 00 ff fe 00 00 00 00
  @8976 nz=6 b14=00 00 00 00 00 00 00 00 00 00 00 ff fe 00 00 00 00 00 00 00 00 00 00 00 00 00 00 ff fe 00 00 00 00 00 00 00 00 00 00 00 00 00 00 ff fe 00 00 00 00 00 00
  @8978 nz=6 b14=00 00 00 00 00 00 00 00 00 ff fe 00 00 00 00 00 00 00 00 00 00 00 00 00 00 ff fe 00 00 00 00 00 00 00 00 00 00 00 00 00 00 ff fe 00 00 00 00 00 00 00 00
  @8980 nz=6 b14=00 00 00 00 00 00 00 ff fe 00 00 00 00 00 00 00 00 00 00 00 00 00 00 ff fe 00 00 00 00 00 00 00 00 00 00 00 00 00 00 ff fe 00 00 00 00 00 00 00 00 00 00
  @8982 nz=6 b14=00 00 00 00 00 ff fe 00 00 00 00 00 00 00 00 00 00 00 00 00 00 ff fe 00 00 00 00 00 00 00 00 00 00 00 00 00 00 ff fe 00 00 00 00 00 00 00 00 00 00 00 00
  @8984 nz=6 b14=00 00 00 ff fe 00 00 00 00 00 00 00 00 00 00 00 00 00 00 ff fe 00 00 00 00 00 00 00 00 00 00 00 00 00 00 ff fe 00 00 00 00 00 00 00 00 00 00 00 00 00 00
  @8986 nz=8 b14=00 ff fe 00 00 00 00 00 00 00 00 00 00 00 00 00 00 ff fe 00 00 00 00 00 00 00 00 00 00 00 00 00 00 ff fe 00 00 00 00 00 00 00 00 00 00 00 00 00 00 ff fe
  @8988 nz=6 b14=ff 00 00 00 00 00 00 00 00 00 00 00 00 00 00 ff fe 00 00 00 00 00 00 00 00 00 00 00 00 00 00 ff fe 00 00 00 00 00 00 00 00 00 00 00 00 00 00 ff fe 00 00
  @8990 nz=6 b14=00 00 00 00 00 00 00 00 00 00 00 00 00 ff fe 00 00 00 00 00 00 00 00 00 00 00 00 00 00 ff fe 00 00 00 00 00 00 00 00 00 00 00 00 00 00 ff fe 00 00 00 00
  @8992 nz=6 b14=00 00 00 00 00 00 00 00 00 00 00 ff fe 00 00 00 00 00 00 00 00 00 00 00 00 00 00 ff fe 00 00 00 00 00 00 00 00 00 00 00 00 00 00 ff fe 00 00 00 00 00 00
  @8994 nz=6 b14=00 00 00 00 00 00 00 00 00 ff fe 00 00 00 00 00 00 00 00 00 00 00 00 00 00 ff fe 00 00 00 00 00 00 00 00 00 00 00 00 00 00 ff fe 00 00 00 00 00 00 00 00
  @8996 nz=6 b14=00 00 00 00 00 00 00 ff fe 00 00 00 00 00 00 00 00 00 00 00 00 00 00 ff fe 00 00 00 00 00 00 00 00 00 00 00 00 00 00 ff fe 00 00 00 00 00 00 00 00 00 00
  @8998 nz=6 b14=00 00 00 00 00 ff fe 00 00 00 00 00 00 00 00 00 00 00 00 00 00 ff fe 00 00 00 00 00 00 00 00 00 00 00 00 00 00 ff fe 00 00 00 00 00 00 00 00 00 00 00 00
  @9000 nz=6 b14=00 00 00 ff fe 00 00 00 00 00 00 00 00 00 00 00 00 00 00 ff fe 00 00 00 00 00 00 00 00 00 00 00 00 00 00 ff fe 00 00 00 00 00 00 00 00 00 00 00 00 00 00
  @9002 nz=8 b14=00 ff fe 00 00 00 00 00 00 00 00 00 00 00 00 00 00 ff fe 00 00 00 00 00 00 00 00 00 00 00 00 00 00 ff fe 00 00 00 00 00 00 00 00 00 00 00 00 00 00 ff fe
  @9004 nz=6 b14=ff 00 00 00 00 00 00 00 00 00 00 00 00 00 00 ff fe 00 00 00 00 00 00 00 00 00 00 00 00 00 00 ff fe 00 00 00 00 00 00 00 00 00 00 00 00 00 00 ff fe 00 00
  @9006 nz=6 b14=00 00 00 00 00 00 00 00 00 00 00 00 00 ff fe 00 00 00 00 00 00 00 00 00 00 00 00 00 00 ff fe 00 00 00 00 00 00 00 00 00 00 00 00 00 00 ff fe 00 00 00 00
  @9008 nz=6 b14=00 00 00 00 00 00 00 00 00 00 00 ff fe 00 00 00 00 00 00 00 00 00 00 00 00 00 00 ff fe 00 00 00 00 00 00 00 00 00 00 00 00 00 00 ff fe 00 00 00 00 00 00
  @9010 nz=6 b14=00 00 00 00 00 00 00 00 00 ff fe 00 00 00 00 00 00 00 00 00 00 00 00 00 00 ff fe 00 00 00 00 00 00 00 00 00 00 00 00 00 00 ff fe 00 00 00 00 00 00 00 00
  @9012 nz=6 b14=00 00 00 00 00 00 00 ff fe 00 00 00 00 00 00 00 00 00 00 00 00 00 00 ff fe 00 00 00 00 00 00 00 00 00 00 00 00 00 00 ff fe 00 00 00 00 00 00 00 00 00 00
  @9014 nz=6 b14=00 00 00 00 00 ff fe 00 00 00 00 00 00 00 00 00 00 00 00 00 00 ff fe 00 00 00 00 00 00 00 00 00 00 00 00 00 00 ff fe 00 00 00 00 00 00 00 00 00 00 00 00
  @9016 nz=6 b14=00 00 00 ff fe 00 00 00 00 00 00 00 00 00 00 00 00 00 00 ff fe 00 00 00 00 00 00 00 00 00 00 00 00 00 00 ff fe 00 00 00 00 00 00 00 00 00 00 00 00 00 00
  @9018 nz=8 b14=00 ff fe 00 00 00 00 00 00 00 00 00 00 00 00 00 00 ff fe 00 00 00 00 00 00 00 00 00 00 00 00 00 00 ff fe 00 00 00 00 00 00 00 00 00 00 00 00 00 00 ff fe
  @9020 nz=6 b14=ff 00 00 00 00 00 00 00 00 00 00 00 00 00 00 ff fe 00 00 00 00 00 00 00 00 00 00 00 00 00 00 ff fe 00 00 00 00 00 00 00 00 00 00 00 00 00 00 ff fe 00 00
  @9022 nz=6 b14=00 00 00 00 00 00 00 00 00 00 00 00 00 ff fe 00 00 00 00 00 00 00 00 00 00 00 00 00 00 ff fe 00 00 00 00 00 00 00 00 00 00 00 00 00 00 ff fe 00 00 00 00
  @9024 nz=6 b14=00 00 00 00 00 00 00 00 00 00 00 ff fe 00 00 00 00 00 00 00 00 00 00 00 00 00 00 ff fe 00 00 00 00 00 00 00 00 00 00 00 00 00 00 ff fe 00 00 00 00 00 00
  @9026 nz=6 b14=00 00 00 00 00 00 00 00 00 ff fe 00 00 00 00 00 00 00 00 00 00 00 00 00 00 ff fe 00 00 00 00 00 00 00 00 00 00 00 00 00 00 ff fe 00 00 00 00 00 00 00 00
  @9028 nz=6 b14=00 00 00 00 00 00 00 ff fe 00 00 00 00 00 00 00 00 00 00 00 00 00 00 ff fe 00 00 00 00 00 00 00 00 00 00 00 00 00 00 ff fe 00 00 00 00 00 00 00 00 00 00
  @9030 nz=6 b14=00 00 00 00 00 ff fe 00 00 00 00 00 00 00 00 00 00 00 00 00 00 ff fe 00 00 00 00 00 00 00 00 00 00 00 00 00 00 ff fe 00 00 00 00 00 00 00 00 00 00 00 00
  @9032 nz=6 b14=00 00 00 ff fe 00 00 00 00 00 00 00 00 00 00 00 00 00 00 ff fe 00 00 00 00 00 00 00 00 00 00 00 00 00 00 ff fe 00 00 00 00 00 00 00 00 00 00 00 00 00 00
  @9034 nz=8 b14=00 ff fe 00 00 00 00 00 00 00 00 00 00 00 00 00 00 ff fe 00 00 00 00 00 00 00 00 00 00 00 00 00 00 ff fe 00 00 00 00 00 00 00 00 00 00 00 00 00 00 ff fe
  @9036 nz=6 b14=ff 00 00 00 00 00 00 00 00 00 00 00 00 00 00 ff fe 00 00 00 00 00 00 00 00 00 00 00 00 00 00 ff fe 00 00 00 00 00 00 00 00 00 00 00 00 00 00 ff fe 00 00
  @9038 nz=6 b14=00 00 00 00 00 00 00 00 00 00 00 00 00 ff fe 00 00 00 00 00 00 00 00 00 00 00 00 00 00 ff fe 00 00 00 00 00 00 00 00 00 00 00 00 00 00 ff fe 00 00 00 00
  @9040 nz=6 b14=00 00 00 00 00 00 00 00 00 00 00 ff fe 00 00 00 00 00 00 00 00 00 00 00 00 00 00 ff fe 00 00 00 00 00 00 00 00 00 00 00 00 00 00 ff fe 00 00 00 00 00 00
  @9042 nz=6 b14=00 00 00 00 00 00 00 00 00 ff fe 00 00 00 00 00 00 00 00 00 00 00 00 00 00 ff fe 00 00 00 00 00 00 00 00 00 00 00 00 00 00 ff fe 00 00 00 00 00 00 00 00
  @9044 nz=6 b14=00 00 00 00 00 00 00 ff fe 00 00 00 00 00 00 00 00 00 00 00 00 00 00 ff fe 00 00 00 00 00 00 00 00 00 00 00 00 00 00 ff fe 00 00 00 00 00 00 00 00 00 00
  @9046 nz=6 b14=00 00 00 00 00 ff fe 00 00 00 00 00 00 00 00 00 00 00 00 00 00 ff fe 00 00 00 00 00 00 00 00 00 00 00 00 00 00 ff fe 00 00 00 00 00 00 00 00 00 00 00 00
  @9048 nz=6 b14=00 00 00 ff fe 00 00 00 00 00 00 00 00 00 00 00 00 00 00 ff fe 00 00 00 00 00 00 00 00 00 00 00 00 00 00 ff fe 00 00 00 00 00 00 00 00 00 00 00 00 00 00
  @9050 nz=8 b14=00 ff fe 00 00 00 00 00 00 00 00 00 00 00 00 00 00 ff fe 00 00 00 00 00 00 00 00 00 00 00 00 00 00 ff fe 00 00 00 00 00 00 00 00 00 00 00 00 00 00 ff fe
  @9052 nz=6 b14=ff 00 00 00 00 00 00 00 00 00 00 00 00 00 00 ff fe 00 00 00 00 00 00 00 00 00 00 00 00 00 00 ff fe 00 00 00 00 00 00 00 00 00 00 00 00 00 00 ff fe 00 00
  @9054 nz=6 b14=00 00 00 00 00 00 00 00 00 00 00 00 00 ff fe 00 00 00 00 00 00 00 00 00 00 00 00 00 00 ff fe 00 00 00 00 00 00 00 00 00 00 00 00 00 00 ff fe 00 00 00 00
  @9056 nz=6 b14=00 00 00 00 00 00 00 00 00 00 00 ff fe 00 00 00 00 00 00 00 00 00 00 00 00 00 00 ff fe 00 00 00 00 00 00 00 00 00 00 00 00 00 00 ff fe 00 00 00 00 00 00
  @9058 nz=6 b14=00 00 00 00 00 00 00 00 00 ff fe 00 00 00 00 00 00 00 00 00 00 00 00 00 00 ff fe 00 00 00 00 00 00 00 00 00 00 00 00 00 00 ff fe 00 00 00 00 00 00 00 00
  @9060 nz=6 b14=00 00 00 00 00 00 00 ff fe 00 00 00 00 00 00 00 00 00 00 00 00 00 00 ff fe 00 00 00 00 00 00 00 00 00 00 00 00 00 00 ff fe 00 00 00 00 00 00 00 00 00 00

== search near-copy of first 8KB (step 64) ==
  hits diffs<4000: []

== AppleDouble sidecar 70 bytes ==
00 05 16 07 00 02 00 00 00 00 00 00 00 00 00 00 00 00 00 00 00 00 00 00 00 01 00 00 00 09 00 00 00 26 00 00 00 20 70 6c 79 a8 70 8c 74 68 01 00 00 2a 00 86 00 00 00 00 00 00 00 00 00 00 00 00 00 00 00 00 00 00

== dpin group 3 (80 bytes) vs save inv @2560 ==
  dpin g3 00 01 00 01 00 00 00 02 00 02 00 01 0b 40 00 05 ff ff 00 00 00 00 00 00 ff ff 00 00 00 00 00 00 00 06 00 00 00 06 00 08 00 2f 00 00 00 07 ff ff 00 39 00 00 00 00 ff ff 00 2d 00 00 00 00 ff ff ff ff 00 00 00 00 00 00 ff ff 00 00 00 00 00 00
  save    00 00 00 00 00 00 00 00 00 00 00 00 00 00 00 00 00 00 00 00 00 00 00 00 00 00 00 00 00 00 00 00 00 00 00 00 00 00 00 00 00 00 00 00 00 00 00 00 00 00 00 00 00 00 00 01 00 01 00 01 00 00 00 06 00 02 00 01 0b 40 00 05 00 33 00 00 00 08 00 04
